This is XeTeX, Version 3.141592653-2.6-0.999998 (TeX Live 2026) (preloaded format=xelatex 2026.3.10)  12 APR 2026 19:16
entering extended mode
 restricted \write18 enabled.
 file:line:error style messages enabled.
 %&-line parsing enabled.
**main.tex
(./main.tex
LaTeX2e <2025-11-01>
L3 programming layer <2026-01-19>
(./gdutthesis.cls (c:/texlive/2026/texmf-dist/tex/latex/l3kernel/expl3.sty
Package: expl3 2026-01-19 L3 programming layer (loader) 

(c:/texlive/2026/texmf-dist/tex/latex/l3backend/l3backend-xetex.def
File: l3backend-xetex.def 2025-10-09 L3 backend support: XeTeX
\g__graphics_track_int=\count271
\g__pdfannot_backend_int=\count272
\g__pdfannot_backend_link_int=\count273
))
Document Class: gdutthesis 2024/01/19 v0.1f Thesis Template for Guangdong Unive
rsity of Technology
(c:/texlive/2026/texmf-dist/tex/latex/l3packages/xtemplate/xtemplate.sty
Package: xtemplate 2025-10-09 L3 Experimental prototype document functions
)
(c:/texlive/2026/texmf-dist/tex/latex/l3packages/l3keys2e/l3keys2e.sty
Package: l3keys2e 2025-10-09 LaTeX2e option processing using LaTeX3 keys
)
\g__gdut_thesis_type_int=\count274

(c:/texlive/2026/texmf-dist/tex/latex/ctex/ctexbook.cls
(c:/texlive/2026/texmf-dist/tex/latex/ctex/config/ctexbackend.cfg
File: ctexbackend.cfg 2022/07/14 v2.5.10 Backend configuration file (CTEX)
)
Document Class: ctexbook 2022/07/14 v2.5.10 Chinese adapter for class book (CTE
X)
(c:/texlive/2026/texmf-dist/tex/latex/ctex/ctexhook.sty
Package: ctexhook 2022/07/14 v2.5.10 Document and package hooks (CTEX)
)
(c:/texlive/2026/texmf-dist/tex/latex/ctex/ctexpatch.sty
Package: ctexpatch 2022/07/14 v2.5.10 Patching commands (CTEX)
)
(c:/texlive/2026/texmf-dist/tex/latex/base/fix-cm.sty
Package: fix-cm 2020/11/24 v1.1t fixes to LaTeX

(c:/texlive/2026/texmf-dist/tex/latex/base/ts1enc.def
File: ts1enc.def 2001/06/05 v3.0e (jk/car/fm) Standard LaTeX file
LaTeX Font Info:    Redeclaring font encoding TS1 on input line 47.
LaTeX Encoding Info:    Redeclaring text command \capitalcedilla (encoding TS1)
 on input line 49.
LaTeX Encoding Info:    Redeclaring text command \capitalogonek (encoding TS1) 
on input line 52.
LaTeX Encoding Info:    Redeclaring text command \capitalgrave (encoding TS1) o
n input line 55.
LaTeX Encoding Info:    Redeclaring text command \capitalacute (encoding TS1) o
n input line 56.
LaTeX Encoding Info:    Redeclaring text command \capitalcircumflex (encoding T
S1) on input line 57.
LaTeX Encoding Info:    Redeclaring text command \capitaltilde (encoding TS1) o
n input line 58.
LaTeX Encoding Info:    Redeclaring text command \capitaldieresis (encoding TS1
) on input line 59.
LaTeX Encoding Info:    Redeclaring text command \capitalhungarumlaut (encoding
 TS1) on input line 60.
LaTeX Encoding Info:    Redeclaring text command \capitalring (encoding TS1) on
 input line 61.
LaTeX Encoding Info:    Redeclaring text command \capitalcaron (encoding TS1) o
n input line 62.
LaTeX Encoding Info:    Redeclaring text command \capitalbreve (encoding TS1) o
n input line 63.
LaTeX Encoding Info:    Redeclaring text command \capitalmacron (encoding TS1) 
on input line 64.
LaTeX Encoding Info:    Redeclaring text command \capitaldotaccent (encoding TS
1) on input line 65.
LaTeX Encoding Info:    Redeclaring text command \t (encoding TS1) on input lin
e 66.
LaTeX Encoding Info:    Redeclaring text command \capitaltie (encoding TS1) on 
input line 67.
LaTeX Encoding Info:    Redeclaring text command \newtie (encoding TS1) on inpu
t line 68.
LaTeX Encoding Info:    Redeclaring text command \capitalnewtie (encoding TS1) 
on input line 69.
LaTeX Encoding Info:    Redeclaring text symbol \textcapitalcompwordmark (encod
ing TS1) on input line 70.
LaTeX Encoding Info:    Redeclaring text symbol \textascendercompwordmark (enco
ding TS1) on input line 71.
LaTeX Encoding Info:    Redeclaring text symbol \textquotestraightbase (encodin
g TS1) on input line 72.
LaTeX Encoding Info:    Redeclaring text symbol \textquotestraightdblbase (enco
ding TS1) on input line 73.
LaTeX Encoding Info:    Redeclaring text symbol \texttwelveudash (encoding TS1)
 on input line 74.
LaTeX Encoding Info:    Redeclaring text symbol \textthreequartersemdash (encod
ing TS1) on input line 75.
LaTeX Encoding Info:    Redeclaring text symbol \textleftarrow (encoding TS1) o
n input line 76.
LaTeX Encoding Info:    Redeclaring text symbol \textrightarrow (encoding TS1) 
on input line 77.
LaTeX Encoding Info:    Redeclaring text symbol \textblank (encoding TS1) on in
put line 78.
LaTeX Encoding Info:    Redeclaring text symbol \textdollar (encoding TS1) on i
nput line 79.
LaTeX Encoding Info:    Redeclaring text symbol \textquotesingle (encoding TS1)
 on input line 80.
LaTeX Encoding Info:    Redeclaring text command \textasteriskcentered (encodin
g TS1) on input line 81.
LaTeX Encoding Info:    Redeclaring text symbol \textdblhyphen (encoding TS1) o
n input line 92.
LaTeX Encoding Info:    Redeclaring text symbol \textfractionsolidus (encoding 
TS1) on input line 93.
LaTeX Encoding Info:    Redeclaring text symbol \textzerooldstyle (encoding TS1
) on input line 94.
LaTeX Encoding Info:    Redeclaring text symbol \textoneoldstyle (encoding TS1)
 on input line 95.
LaTeX Encoding Info:    Redeclaring text symbol \texttwooldstyle (encoding TS1)
 on input line 96.
LaTeX Encoding Info:    Redeclaring text symbol \textthreeoldstyle (encoding TS
1) on input line 97.
LaTeX Encoding Info:    Redeclaring text symbol \textfouroldstyle (encoding TS1
) on input line 98.
LaTeX Encoding Info:    Redeclaring text symbol \textfiveoldstyle (encoding TS1
) on input line 99.
LaTeX Encoding Info:    Redeclaring text symbol \textsixoldstyle (encoding TS1)
 on input line 100.
LaTeX Encoding Info:    Redeclaring text symbol \textsevenoldstyle (encoding TS
1) on input line 101.
LaTeX Encoding Info:    Redeclaring text symbol \texteightoldstyle (encoding TS
1) on input line 102.
LaTeX Encoding Info:    Redeclaring text symbol \textnineoldstyle (encoding TS1
) on input line 103.
LaTeX Encoding Info:    Redeclaring text symbol \textlangle (encoding TS1) on i
nput line 104.
LaTeX Encoding Info:    Redeclaring text symbol \textminus (encoding TS1) on in
put line 105.
LaTeX Encoding Info:    Redeclaring text symbol \textrangle (encoding TS1) on i
nput line 106.
LaTeX Encoding Info:    Redeclaring text symbol \textmho (encoding TS1) on inpu
t line 107.
LaTeX Encoding Info:    Redeclaring text symbol \textbigcircle (encoding TS1) o
n input line 108.
LaTeX Encoding Info:    Redeclaring text command \textcircled (encoding TS1) on
 input line 109.
LaTeX Encoding Info:    Redeclaring text symbol \textohm (encoding TS1) on inpu
t line 115.
LaTeX Encoding Info:    Redeclaring text symbol \textlbrackdbl (encoding TS1) o
n input line 116.
LaTeX Encoding Info:    Redeclaring text symbol \textrbrackdbl (encoding TS1) o
n input line 117.
LaTeX Encoding Info:    Redeclaring text symbol \textuparrow (encoding TS1) on 
input line 118.
LaTeX Encoding Info:    Redeclaring text symbol \textdownarrow (encoding TS1) o
n input line 119.
LaTeX Encoding Info:    Redeclaring text symbol \textasciigrave (encoding TS1) 
on input line 120.
LaTeX Encoding Info:    Redeclaring text symbol \textborn (encoding TS1) on inp
ut line 121.
LaTeX Encoding Info:    Redeclaring text symbol \textdivorced (encoding TS1) on
 input line 122.
LaTeX Encoding Info:    Redeclaring text symbol \textdied (encoding TS1) on inp
ut line 123.
LaTeX Encoding Info:    Redeclaring text symbol \textleaf (encoding TS1) on inp
ut line 124.
LaTeX Encoding Info:    Redeclaring text symbol \textmarried (encoding TS1) on 
input line 125.
LaTeX Encoding Info:    Redeclaring text symbol \textmusicalnote (encoding TS1)
 on input line 126.
LaTeX Encoding Info:    Redeclaring text symbol \texttildelow (encoding TS1) on
 input line 127.
LaTeX Encoding Info:    Redeclaring text symbol \textdblhyphenchar (encoding TS
1) on input line 128.
LaTeX Encoding Info:    Redeclaring text symbol \textasciibreve (encoding TS1) 
on input line 129.
LaTeX Encoding Info:    Redeclaring text symbol \textasciicaron (encoding TS1) 
on input line 130.
LaTeX Encoding Info:    Redeclaring text symbol \textacutedbl (encoding TS1) on
 input line 131.
LaTeX Encoding Info:    Redeclaring text symbol \textgravedbl (encoding TS1) on
 input line 132.
LaTeX Encoding Info:    Redeclaring text symbol \textdagger (encoding TS1) on i
nput line 133.
LaTeX Encoding Info:    Redeclaring text symbol \textdaggerdbl (encoding TS1) o
n input line 134.
LaTeX Encoding Info:    Redeclaring text symbol \textbardbl (encoding TS1) on i
nput line 135.
LaTeX Encoding Info:    Redeclaring text symbol \textperthousand (encoding TS1)
 on input line 136.
LaTeX Encoding Info:    Redeclaring text symbol \textbullet (encoding TS1) on i
nput line 137.
LaTeX Encoding Info:    Redeclaring text symbol \textcelsius (encoding TS1) on 
input line 138.
LaTeX Encoding Info:    Redeclaring text symbol \textdollaroldstyle (encoding T
S1) on input line 139.
LaTeX Encoding Info:    Redeclaring text symbol \textcentoldstyle (encoding TS1
) on input line 140.
LaTeX Encoding Info:    Redeclaring text symbol \textflorin (encoding TS1) on i
nput line 141.
LaTeX Encoding Info:    Redeclaring text symbol \textcolonmonetary (encoding TS
1) on input line 142.
LaTeX Encoding Info:    Redeclaring text symbol \textwon (encoding TS1) on inpu
t line 143.
LaTeX Encoding Info:    Redeclaring text symbol \textnaira (encoding TS1) on in
put line 144.
LaTeX Encoding Info:    Redeclaring text symbol \textguarani (encoding TS1) on 
input line 145.
LaTeX Encoding Info:    Redeclaring text symbol \textpeso (encoding TS1) on inp
ut line 146.
LaTeX Encoding Info:    Redeclaring text symbol \textlira (encoding TS1) on inp
ut line 147.
LaTeX Encoding Info:    Redeclaring text symbol \textrecipe (encoding TS1) on i
nput line 148.
LaTeX Encoding Info:    Redeclaring text symbol \textinterrobang (encoding TS1)
 on input line 149.
LaTeX Encoding Info:    Redeclaring text symbol \textinterrobangdown (encoding 
TS1) on input line 150.
LaTeX Encoding Info:    Redeclaring text symbol \textdong (encoding TS1) on inp
ut line 151.
LaTeX Encoding Info:    Redeclaring text symbol \texttrademark (encoding TS1) o
n input line 152.
LaTeX Encoding Info:    Redeclaring text symbol \textpertenthousand (encoding T
S1) on input line 153.
LaTeX Encoding Info:    Redeclaring text symbol \textpilcrow (encoding TS1) on 
input line 154.
LaTeX Encoding Info:    Redeclaring text symbol \textbaht (encoding TS1) on inp
ut line 155.
LaTeX Encoding Info:    Redeclaring text symbol \textnumero (encoding TS1) on i
nput line 156.
LaTeX Encoding Info:    Redeclaring text symbol \textdiscount (encoding TS1) on
 input line 157.
LaTeX Encoding Info:    Redeclaring text symbol \textestimated (encoding TS1) o
n input line 158.
LaTeX Encoding Info:    Redeclaring text symbol \textopenbullet (encoding TS1) 
on input line 159.
LaTeX Encoding Info:    Redeclaring text symbol \textservicemark (encoding TS1)
 on input line 160.
LaTeX Encoding Info:    Redeclaring text symbol \textlquill (encoding TS1) on i
nput line 161.
LaTeX Encoding Info:    Redeclaring text symbol \textrquill (encoding TS1) on i
nput line 162.
LaTeX Encoding Info:    Redeclaring text symbol \textcent (encoding TS1) on inp
ut line 163.
LaTeX Encoding Info:    Redeclaring text symbol \textsterling (encoding TS1) on
 input line 164.
LaTeX Encoding Info:    Redeclaring text symbol \textcurrency (encoding TS1) on
 input line 165.
LaTeX Encoding Info:    Redeclaring text symbol \textyen (encoding TS1) on inpu
t line 166.
LaTeX Encoding Info:    Redeclaring text symbol \textbrokenbar (encoding TS1) o
n input line 167.
LaTeX Encoding Info:    Redeclaring text symbol \textsection (encoding TS1) on 
input line 168.
LaTeX Encoding Info:    Redeclaring text symbol \textasciidieresis (encoding TS
1) on input line 169.
LaTeX Encoding Info:    Redeclaring text symbol \textcopyright (encoding TS1) o
n input line 170.
LaTeX Encoding Info:    Redeclaring text symbol \textordfeminine (encoding TS1)
 on input line 171.
LaTeX Encoding Info:    Redeclaring text symbol \textcopyleft (encoding TS1) on
 input line 172.
LaTeX Encoding Info:    Redeclaring text symbol \textlnot (encoding TS1) on inp
ut line 173.
LaTeX Encoding Info:    Redeclaring text symbol \textcircledP (encoding TS1) on
 input line 174.
LaTeX Encoding Info:    Redeclaring text symbol \textregistered (encoding TS1) 
on input line 175.
LaTeX Encoding Info:    Redeclaring text symbol \textasciimacron (encoding TS1)
 on input line 176.
LaTeX Encoding Info:    Redeclaring text symbol \textdegree (encoding TS1) on i
nput line 177.
LaTeX Encoding Info:    Redeclaring text symbol \textpm (encoding TS1) on input
 line 178.
LaTeX Encoding Info:    Redeclaring text symbol \texttwosuperior (encoding TS1)
 on input line 179.
LaTeX Encoding Info:    Redeclaring text symbol \textthreesuperior (encoding TS
1) on input line 180.
LaTeX Encoding Info:    Redeclaring text symbol \textasciiacute (encoding TS1) 
on input line 181.
LaTeX Encoding Info:    Redeclaring text symbol \textmu (encoding TS1) on input
 line 182.
LaTeX Encoding Info:    Redeclaring text symbol \textparagraph (encoding TS1) o
n input line 183.
LaTeX Encoding Info:    Redeclaring text symbol \textperiodcentered (encoding T
S1) on input line 184.
LaTeX Encoding Info:    Redeclaring text symbol \textreferencemark (encoding TS
1) on input line 185.
LaTeX Encoding Info:    Redeclaring text symbol \textonesuperior (encoding TS1)
 on input line 186.
LaTeX Encoding Info:    Redeclaring text symbol \textordmasculine (encoding TS1
) on input line 187.
LaTeX Encoding Info:    Redeclaring text symbol \textsurd (encoding TS1) on inp
ut line 188.
LaTeX Encoding Info:    Redeclaring text symbol \textonequarter (encoding TS1) 
on input line 189.
LaTeX Encoding Info:    Redeclaring text symbol \textonehalf (encoding TS1) on 
input line 190.
LaTeX Encoding Info:    Redeclaring text symbol \textthreequarters (encoding TS
1) on input line 191.
LaTeX Encoding Info:    Redeclaring text symbol \texteuro (encoding TS1) on inp
ut line 192.
LaTeX Encoding Info:    Redeclaring text symbol \texttimes (encoding TS1) on in
put line 193.
LaTeX Encoding Info:    Redeclaring text symbol \textdiv (encoding TS1) on inpu
t line 194.
))
\l__ctex_tmp_int=\count275
\l__ctex_tmp_box=\box53
\l__ctex_tmp_dim=\dimen148
\g__ctex_section_depth_int=\count276
\g__ctex_font_size_int=\count277

(c:/texlive/2026/texmf-dist/tex/latex/ctex/config/ctexopts.cfg
File: ctexopts.cfg 2022/07/14 v2.5.10 Option configuration file (CTEX)
)
(c:/texlive/2026/texmf-dist/tex/latex/base/book.cls
Document Class: book 2025/01/22 v1.4n Standard LaTeX document class
(c:/texlive/2026/texmf-dist/tex/latex/base/bk12.clo
File: bk12.clo 2025/01/22 v1.4n Standard LaTeX file (size option)
)
\c@part=\count278
\c@chapter=\count279
\c@section=\count280
\c@subsection=\count281
\c@subsubsection=\count282
\c@paragraph=\count283
\c@subparagraph=\count284
\c@figure=\count285
\c@table=\count286
\abovecaptionskip=\skip49
\belowcaptionskip=\skip50
\bibindent=\dimen149
)
(c:/texlive/2026/texmf-dist/tex/latex/ctex/engine/ctex-engine-xetex.def
File: ctex-engine-xetex.def 2022/07/14 v2.5.10 XeLaTeX adapter (CTEX)

(c:/texlive/2026/texmf-dist/tex/xelatex/xecjk/xeCJK.sty
Package: xeCJK 2022/08/05 v3.9.1 Typesetting CJK scripts with XeLaTeX
\l__xeCJK_tmp_int=\count287
\l__xeCJK_tmp_box=\box54
\l__xeCJK_tmp_dim=\dimen150
\l__xeCJK_tmp_skip=\skip51
\g__xeCJK_space_factor_int=\count288
\l__xeCJK_begin_int=\count289
\l__xeCJK_end_int=\count290
\c__xeCJK_CJK_class_int=\XeTeXcharclass1
\c__xeCJK_FullLeft_class_int=\XeTeXcharclass2
\c__xeCJK_FullRight_class_int=\XeTeXcharclass3
\c__xeCJK_HalfLeft_class_int=\XeTeXcharclass4
\c__xeCJK_HalfRight_class_int=\XeTeXcharclass5
\c__xeCJK_NormalSpace_class_int=\XeTeXcharclass6
\c__xeCJK_CM_class_int=\XeTeXcharclass7
\c__xeCJK_HangulJamo_class_int=\XeTeXcharclass8
\l__xeCJK_last_skip=\skip52
\c__xeCJK_none_node=\count291
\g__xeCJK_node_int=\count292
\c__xeCJK_CJK_node_dim=\dimen151
\c__xeCJK_CJK-space_node_dim=\dimen152
\c__xeCJK_default_node_dim=\dimen153
\c__xeCJK_CJK-widow_node_dim=\dimen154
\c__xeCJK_normalspace_node_dim=\dimen155
\c__xeCJK_default-space_node_skip=\skip53
\l__xeCJK_ccglue_skip=\skip54
\l__xeCJK_ecglue_skip=\skip55
\l__xeCJK_punct_kern_skip=\skip56
\l__xeCJK_indent_box=\box55
\l__xeCJK_last_penalty_int=\count293
\l__xeCJK_last_bound_dim=\dimen156
\l__xeCJK_last_kern_dim=\dimen157
\l__xeCJK_widow_penalty_int=\count294

LaTeX template Info: Declaring template type 'xeCJK/punctuation' taking 0
(template)           argument(s) on line 2396.

\l__xeCJK_fixed_punct_width_dim=\dimen158
\l__xeCJK_mixed_punct_width_dim=\dimen159
\l__xeCJK_middle_punct_width_dim=\dimen160
\l__xeCJK_fixed_margin_width_dim=\dimen161
\l__xeCJK_mixed_margin_width_dim=\dimen162
\l__xeCJK_middle_margin_width_dim=\dimen163
\l__xeCJK_bound_punct_width_dim=\dimen164
\l__xeCJK_bound_margin_width_dim=\dimen165
\l__xeCJK_margin_minimum_dim=\dimen166
\l__xeCJK_kerning_total_width_dim=\dimen167
\l__xeCJK_same_align_margin_dim=\dimen168
\l__xeCJK_different_align_margin_dim=\dimen169
\l__xeCJK_kerning_margin_width_dim=\dimen170
\l__xeCJK_kerning_margin_minimum_dim=\dimen171
\l__xeCJK_bound_dim=\dimen172
\l__xeCJK_reverse_bound_dim=\dimen173
\l__xeCJK_margin_dim=\dimen174
\l__xeCJK_minimum_bound_dim=\dimen175
\l__xeCJK_kerning_margin_dim=\dimen176
\g__xeCJK_family_int=\count295
\l__xeCJK_fam_int=\count296
\g__xeCJK_fam_allocation_int=\count297
\l__xeCJK_verb_case_int=\count298
\l__xeCJK_verb_exspace_skip=\skip57

(c:/texlive/2026/texmf-dist/tex/latex/fontspec/fontspec.sty
(c:/texlive/2026/texmf-dist/tex/latex/l3packages/xparse/xparse.sty
Package: xparse 2025-10-09 L3 Experimental document command parser
)
Package: fontspec 2025/09/29 v2.9g Font selection for XeLaTeX and LuaLaTeX

(c:/texlive/2026/texmf-dist/tex/latex/fontspec/fontspec-xetex.sty
Package: fontspec-xetex 2025/09/29 v2.9g Font selection for XeLaTeX and LuaLaTe
X
\l__fontspec_script_int=\count299
\l__fontspec_language_int=\count300
\l__fontspec_strnum_int=\count301
\l__fontspec_tmp_int=\count302
\l__fontspec_tmpa_int=\count303
\l__fontspec_tmpb_int=\count304
\l__fontspec_tmpc_int=\count305
\l__fontspec_em_int=\count306
\l__fontspec_emdef_int=\count307
\l__fontspec_strong_int=\count308
\l__fontspec_strongdef_int=\count309
\l__fontspec_tmpa_dim=\dimen177
\l__fontspec_tmpb_dim=\dimen178
\l__fontspec_tmpc_dim=\dimen179

(c:/texlive/2026/texmf-dist/tex/latex/base/fontenc.sty
Package: fontenc 2025/07/18 v2.1d Standard LaTeX package
)
(c:/texlive/2026/texmf-dist/tex/latex/fontspec/fontspec.cfg)))
(c:/texlive/2026/texmf-dist/tex/xelatex/xecjk/xeCJK.cfg
File: xeCJK.cfg 2022/08/05 v3.9.1 Configuration file for xeCJK package
))
\ccwd=\dimen180
\l__ctex_ccglue_skip=\skip58
)
\l__ctex_ziju_dim=\dimen181

(c:/texlive/2026/texmf-dist/tex/latex/zhnumber/zhnumber.sty
Package: zhnumber 2022/07/14 v3.0 Typesetting numbers with Chinese glyphs
\l__zhnum_scale_int=\count310
\l__zhnum_tmp_int=\count311

(c:/texlive/2026/texmf-dist/tex/latex/zhnumber/zhnumber-utf8.cfg
File: zhnumber-utf8.cfg 2022/07/14 v3.0 Chinese numerals with UTF8 encoding
))
\l__ctex_heading_skip=\skip59

(c:/texlive/2026/texmf-dist/tex/latex/ctex/scheme/ctex-scheme-chinese-book.def
File: ctex-scheme-chinese-book.def 2022/07/14 v2.5.10 Chinese scheme for book (
CTEX)

(c:/texlive/2026/texmf-dist/tex/latex/ctex/config/ctex-name-utf8.cfg
File: ctex-name-utf8.cfg 2022/07/14 v2.5.10 Caption with encoding UTF-8 (CTEX)
))
(c:/texlive/2026/texmf-dist/tex/latex/ctex/ctex-cs4size.clo
File: ctex-cs4size.clo 2022/07/14 v2.5.10 cs4size option (CTEX)
))
(c:/texlive/2026/texmf-dist/tex/latex/ctex/config/ctex.cfg
File: ctex.cfg 2022/07/14 v2.5.10 Configuration file (CTEX)
)
(c:/texlive/2026/texmf-dist/tex/latex/silence/silence.sty
Package: silence 2012/07/02 v1.5b Selective filtering of warnings and error mes
sages
\sl@Save=\count312
\sl@StateNumber=\count313
\sl@MessageCount=\count314
\sl@Casualties=\count315
\sl@Filter=\toks17
\sl@Message=\toks18
\sl@UnexpandedMessage=\toks19
\sl@Mess@ge=\toks20
\sl@WarningCount=\count316
\sl@WarningNumber=\count317
\sl@WarningCasualties=\count318
\sl@TempBOW=\toks21
\sl@BankOfWarnings=\toks22
LaTeX Info: Redefining \GenericWarning on input line 433.
\sl@ErrorCount=\count319
\sl@ErrorNumber=\count320
\sl@ErrorCasualties=\count321
\sl@TempBOE=\toks23
\sl@BankOfErrors=\toks24
LaTeX Info: Redefining \GenericError on input line 601.
)
(c:/texlive/2026/texmf-dist/tex/latex/zhlineskip/zhlineskip.sty
Package: zhlineskip 2019/05/15 v1.0e Line spacing for CJK documents

(c:/texlive/2026/texmf-dist/tex/latex/kvoptions/kvoptions.sty
Package: kvoptions 2022-06-15 v3.15 Key value format for package options (HO)

(c:/texlive/2026/texmf-dist/tex/latex/graphics/keyval.sty
Package: keyval 2022/05/29 v1.15 key=value parser (DPC)
\KV@toks@=\toks25
)
(c:/texlive/2026/texmf-dist/tex/generic/ltxcmds/ltxcmds.sty
Package: ltxcmds 2023-12-04 v1.26 LaTeX kernel commands for general use (HO)
)
(c:/texlive/2026/texmf-dist/tex/latex/kvsetkeys/kvsetkeys.sty
Package: kvsetkeys 2022-10-05 v1.19 Key value parser (HO)
))
(c:/texlive/2026/texmf-dist/tex/generic/xint/xintexpr.sty
(c:/texlive/2026/texmf-dist/tex/generic/xint/xintfrac.sty
(c:/texlive/2026/texmf-dist/tex/generic/xint/xint.sty
(c:/texlive/2026/texmf-dist/tex/generic/xint/xintcore.sty
(c:/texlive/2026/texmf-dist/tex/generic/xint/xintkernel.sty
Package: xintkernel 2025/09/06 v1.4o Paraphernalia for the xint packages (JFB)
\xint_c_x^v=\count322
\xint_c_x^viii=\count323
\xint_c_x^ix=\count324
\xint_c_x^viii_mone=\count325
\xint_c_nine_x^viii=\count326
\xint_c_xi_e_viii_mone=\count327
\xint_c_xii_e_viii=\count328
\xint_c_ii^xv=\count329
\xint_c_ii^xvi=\count330
\xint_c_ii^xxi=\count331
)
Package: xintcore 2025/09/06 v1.4o Expandable arithmetic on big integers (JFB)
)
Package: xint 2025/09/06 v1.4o Expandable operations on big integers (JFB)
)
Package: xintfrac 2025/09/06 v1.4o Expandable operations on fractions (JFB)
)
(c:/texlive/2026/texmf-dist/tex/generic/xint/xinttools.sty
Package: xinttools 2025/09/06 v1.4o Expandable and non-expandable utilities (JF
B)
\XINT_toks=\toks26
)
(c:/texlive/2026/texmf-dist/tex/generic/xint/xintbinhex.sty
Package: xintbinhex 2025/09/06 v1.4o Expandable radix conversions (2, 8, 10, an
d 16) (JFB)
)
Package: xintexpr 2025/09/06 v1.4o Expandable expression parser (JFB)

(c:/texlive/2026/texmf-dist/tex/generic/xint/xinttrig.sty
Package: xinttrig 2025/09/06 v1.4o Trigonometrical functions for xintexpr (JFB)

)
(c:/texlive/2026/texmf-dist/tex/generic/xint/xintlog.sty
Package: xintlog 2025/09/06 v1.4o Logarithms and exponentials for xintexpr (JFB
)

(c:/texlive/2026/texmf-dist/tex/generic/poormanlog/poormanlog.sty
Package: poormanlog 2022/05/25 v0.07 base 10 log and pow with 9 digits (JFB)

(c:/texlive/2026/texmf-dist/tex/generic/poormanlog/poormanlog.tex))))
(c:/texlive/2026/texmf-dist/tex/latex/etoolbox/etoolbox.sty
Package: etoolbox 2025/10/02 v2.5m e-TeX tools for LaTeX (JAW)
\etb@tempcnta=\count332
)
(c:/texlive/2026/texmf-dist/tex/latex/mathtools/mathtools.sty
Package: mathtools 2024/10/04 v1.31 mathematical typesetting tools

(c:/texlive/2026/texmf-dist/tex/latex/tools/calc.sty
Package: calc 2025/03/01 v4.3b Infix arithmetic (KKT,FJ)
\calc@Acount=\count333
\calc@Bcount=\count334
\calc@Adimen=\dimen182
\calc@Bdimen=\dimen183
\calc@Askip=\skip60
\calc@Bskip=\skip61
LaTeX Info: Redefining \setlength on input line 86.
LaTeX Info: Redefining \addtolength on input line 87.
\calc@Ccount=\count335
\calc@Cskip=\skip62
)
(c:/texlive/2026/texmf-dist/tex/latex/mathtools/mhsetup.sty
Package: mhsetup 2021/03/18 v1.4 programming setup (MH)
)
(c:/texlive/2026/texmf-dist/tex/latex/amsmath/amsmath.sty
Package: amsmath 2025/07/09 v2.17z AMS math features
\@mathmargin=\skip63

For additional information on amsmath, use the `?' option.
(c:/texlive/2026/texmf-dist/tex/latex/amsmath/amstext.sty
Package: amstext 2024/11/17 v2.01 AMS text

(c:/texlive/2026/texmf-dist/tex/latex/amsmath/amsgen.sty
File: amsgen.sty 1999/11/30 v2.0 generic functions
\@emptytoks=\toks27
\ex@=\dimen184
))
(c:/texlive/2026/texmf-dist/tex/latex/amsmath/amsbsy.sty
Package: amsbsy 1999/11/29 v1.2d Bold Symbols
\pmbraise@=\dimen185
)
(c:/texlive/2026/texmf-dist/tex/latex/amsmath/amsopn.sty
Package: amsopn 2022/04/08 v2.04 operator names
)
\inf@bad=\count336
LaTeX Info: Redefining \frac on input line 233.
\uproot@=\count337
\leftroot@=\count338
LaTeX Info: Redefining \overline on input line 398.
LaTeX Info: Redefining \colon on input line 409.
\classnum@=\count339
\DOTSCASE@=\count340
LaTeX Info: Redefining \ldots on input line 495.
LaTeX Info: Redefining \dots on input line 498.
LaTeX Info: Redefining \cdots on input line 619.
\Mathstrutbox@=\box56
\strutbox@=\box57
LaTeX Info: Redefining \big on input line 721.
LaTeX Info: Redefining \Big on input line 722.
LaTeX Info: Redefining \bigg on input line 723.
LaTeX Info: Redefining \Bigg on input line 724.
\big@size=\dimen186
LaTeX Font Info:    Redeclaring font encoding OML on input line 742.
LaTeX Font Info:    Redeclaring font encoding OMS on input line 743.
\macc@depth=\count341
LaTeX Info: Redefining \bmod on input line 904.
LaTeX Info: Redefining \pmod on input line 909.
LaTeX Info: Redefining \smash on input line 939.
LaTeX Info: Redefining \relbar on input line 969.
LaTeX Info: Redefining \Relbar on input line 970.
\c@MaxMatrixCols=\count342
\dotsspace@=\muskip17
\c@parentequation=\count343
\dspbrk@lvl=\count344
\tag@help=\toks28
\row@=\count345
\column@=\count346
\maxfields@=\count347
\andhelp@=\toks29
\eqnshift@=\dimen187
\alignsep@=\dimen188
\tagshift@=\dimen189
\tagwidth@=\dimen190
\totwidth@=\dimen191
\lineht@=\dimen192
\@envbody=\toks30
\multlinegap=\skip64
\multlinetaggap=\skip65
\mathdisplay@stack=\toks31
LaTeX Info: Redefining \[ on input line 2950.
LaTeX Info: Redefining \] on input line 2951.
)
\g_MT_multlinerow_int=\count348
\l_MT_multwidth_dim=\dimen193
\origjot=\skip66
\l_MT_shortvdotswithinadjustabove_dim=\dimen194
\l_MT_shortvdotswithinadjustbelow_dim=\dimen195
\l_MT_above_intertext_sep=\dimen196
\l_MT_below_intertext_sep=\dimen197
\l_MT_above_shortintertext_sep=\dimen198
\l_MT_below_shortintertext_sep=\dimen199
\xmathstrut@box=\box58
\xmathstrut@dim=\dimen256
))
(c:/texlive/2026/texmf-dist/tex/latex/unicode-math/unicode-math.sty
Package: unicode-math 2023/08/13 v0.8r Unicode maths in XeLaTeX and LuaLaTeX

(c:/texlive/2026/texmf-dist/tex/latex/unicode-math/unicode-math-xetex.sty
Package: unicode-math-xetex 2023/08/13 v0.8r Unicode maths in XeLaTeX and LuaLa
TeX
\g__um_fam_int=\count349
\g__um_fonts_used_int=\count350
\l__um_primecount_int=\count351
\g__um_primekern_muskip=\muskip18

(c:/texlive/2026/texmf-dist/tex/latex/unicode-math/unicode-math-table.tex)))
(c:/texlive/2026/texmf-dist/tex/latex/geometry/geometry.sty
Package: geometry 2026/03/07 v6.0 Page Geometry

(c:/texlive/2026/texmf-dist/tex/generic/iftex/ifvtex.sty
Package: ifvtex 2019/10/25 v1.7 ifvtex legacy package. Use iftex instead.

(c:/texlive/2026/texmf-dist/tex/generic/iftex/iftex.sty
Package: iftex 2024/12/12 v1.0g TeX engine tests
))
\Gm@cnth=\count352
\Gm@cntv=\count353
\c@Gm@tempcnt=\count354
\Gm@bindingoffset=\dimen257
\Gm@wd@mp=\dimen258
\Gm@odd@mp=\dimen259
\Gm@even@mp=\dimen260
\Gm@layoutwidth=\dimen261
\Gm@layoutheight=\dimen262
\Gm@layouthoffset=\dimen263
\Gm@layoutvoffset=\dimen264
\Gm@dimlist=\toks32
)
(c:/texlive/2026/texmf-dist/tex/latex/pdfpages/pdfpages.sty
Package: pdfpages 2025/07/23 v0.6g Insert pages of external PDF documents (AM)

(c:/texlive/2026/texmf-dist/tex/latex/base/ifthen.sty
Package: ifthen 2024/03/16 v1.1e Standard LaTeX ifthen package (DPC)
)
(c:/texlive/2026/texmf-dist/tex/latex/eso-pic/eso-pic.sty
Package: eso-pic 2025/12/10 v3.0d eso-pic (RN)
\ESO@tempdima=\dimen265
\ESO@tempdimb=\dimen266

(c:/texlive/2026/texmf-dist/tex/latex/xcolor/xcolor.sty
Package: xcolor 2024/09/29 v3.02 LaTeX color extensions (UK)

(c:/texlive/2026/texmf-dist/tex/latex/graphics-cfg/color.cfg
File: color.cfg 2016/01/02 v1.6 sample color configuration
)
Package xcolor Info: Driver file: xetex.def on input line 274.

(c:/texlive/2026/texmf-dist/tex/latex/graphics-def/xetex.def
File: xetex.def 2025/11/01 v5.0p Graphics/color driver for xetex
)
(c:/texlive/2026/texmf-dist/tex/latex/graphics/mathcolor.ltx)
Package xcolor Info: Model `cmy' substituted by `cmy0' on input line 1349.
Package xcolor Info: Model `RGB' extended on input line 1365.
Package xcolor Info: Model `HTML' substituted by `rgb' on input line 1367.
Package xcolor Info: Model `Hsb' substituted by `hsb' on input line 1368.
Package xcolor Info: Model `tHsb' substituted by `hsb' on input line 1369.
Package xcolor Info: Model `HSB' substituted by `hsb' on input line 1370.
Package xcolor Info: Model `Gray' substituted by `gray' on input line 1371.
Package xcolor Info: Model `wave' substituted by `hsb' on input line 1372.
))
(c:/texlive/2026/texmf-dist/tex/latex/graphics/graphicx.sty
Package: graphicx 2024/12/31 v1.2e Enhanced LaTeX Graphics (DPC,SPQR)

(c:/texlive/2026/texmf-dist/tex/latex/graphics/graphics.sty
Package: graphics 2024/08/06 v1.4g Standard LaTeX Graphics (DPC,SPQR)

(c:/texlive/2026/texmf-dist/tex/latex/graphics/trig.sty
Package: trig 2023/12/02 v1.11 sin cos tan (DPC)
)
(c:/texlive/2026/texmf-dist/tex/latex/graphics-cfg/graphics.cfg
File: graphics.cfg 2016/06/04 v1.11 sample graphics configuration
)
Package graphics Info: Driver file: xetex.def on input line 106.
)
\Gin@req@height=\dimen267
\Gin@req@width=\dimen268
)
\AM@pagewidth=\dimen269
\AM@pageheight=\dimen270
\AM@fboxrule=\dimen271

(c:/texlive/2026/texmf-dist/tex/latex/pdfpages/ppxetex.def
File: ppxetex.def 2025/07/23 v0.6g Pdfpages driver for XeTeX (AM)
)
\pdfpages@includegraphics@status=\count355
\AM@pagebox=\box59
\AM@global@opts=\toks33
\AM@pagecnt=\count356
\AM@toc@title=\toks34
\AM@lof@heading=\toks35
\c@AM@survey=\count357
\AM@templatesizebox=\box60
)
(c:/texlive/2026/texmf-dist/tex/latex/everypage/everypage-1x.sty
Package: everypage-1x 2020/10/10 1.2 Hooks to run on every page
)
(c:/texlive/2026/texmf-dist/tex/latex/background/background.sty
Package: background 2014/03/04 v2.1 background material

(c:/texlive/2026/texmf-dist/tex/latex/xkeyval/xkeyval.sty
Package: xkeyval 2025/11/04 v2.10 package option processing (HA)

(c:/texlive/2026/texmf-dist/tex/generic/xkeyval/xkeyval.tex
(c:/texlive/2026/texmf-dist/tex/generic/xkeyval/xkvutils.tex
\XKV@toks=\toks36
\XKV@tempa@toks=\toks37
\XKV@tempb@toks=\toks38
)
\XKV@depth=\count358
File: xkeyval.tex 2014/12/03 v2.7a key=value parser (HA)
))
(c:/texlive/2026/texmf-dist/tex/latex/pgf/frontendlayer/tikz.sty
(c:/texlive/2026/texmf-dist/tex/latex/pgf/basiclayer/pgf.sty
(c:/texlive/2026/texmf-dist/tex/latex/pgf/utilities/pgfrcs.sty
(c:/texlive/2026/texmf-dist/tex/generic/pgf/utilities/pgfutil-common.tex
\pgfutil@everybye=\toks39
\pgfutil@tempdima=\dimen272
\pgfutil@tempdimb=\dimen273
)
(c:/texlive/2026/texmf-dist/tex/generic/pgf/utilities/pgfutil-latex.def
\pgfutil@abb=\box61
)
(c:/texlive/2026/texmf-dist/tex/generic/pgf/utilities/pgfrcs.code.tex
(c:/texlive/2026/texmf-dist/tex/generic/pgf/pgf.revision.tex)
Package: pgfrcs 2025-08-29 v3.1.11a (3.1.11a)
))
Package: pgf 2025-08-29 v3.1.11a (3.1.11a)

(c:/texlive/2026/texmf-dist/tex/latex/pgf/basiclayer/pgfcore.sty
(c:/texlive/2026/texmf-dist/tex/latex/pgf/systemlayer/pgfsys.sty
(c:/texlive/2026/texmf-dist/tex/generic/pgf/systemlayer/pgfsys.code.tex
Package: pgfsys 2025-08-29 v3.1.11a (3.1.11a)

(c:/texlive/2026/texmf-dist/tex/generic/pgf/utilities/pgfkeys.code.tex
\pgfkeys@pathtoks=\toks40
\pgfkeys@temptoks=\toks41

(c:/texlive/2026/texmf-dist/tex/generic/pgf/utilities/pgfkeyslibraryfiltered.co
de.tex
\pgfkeys@tmptoks=\toks42
))
\pgf@x=\dimen274
\pgf@y=\dimen275
\pgf@xa=\dimen276
\pgf@ya=\dimen277
\pgf@xb=\dimen278
\pgf@yb=\dimen279
\pgf@xc=\dimen280
\pgf@yc=\dimen281
\pgf@xd=\dimen282
\pgf@yd=\dimen283
\w@pgf@writea=\write3
\r@pgf@reada=\read2
\c@pgf@counta=\count359
\c@pgf@countb=\count360
\c@pgf@countc=\count361
\c@pgf@countd=\count362
\t@pgf@toka=\toks43
\t@pgf@tokb=\toks44
\t@pgf@tokc=\toks45
\pgf@sys@id@count=\count363
 (c:/texlive/2026/texmf-dist/tex/generic/pgf/systemlayer/pgf.cfg
File: pgf.cfg 2025-08-29 v3.1.11a (3.1.11a)
)
Driver file for pgf: pgfsys-xetex.def

(c:/texlive/2026/texmf-dist/tex/generic/pgf/systemlayer/pgfsys-xetex.def
File: pgfsys-xetex.def 2025-08-29 v3.1.11a (3.1.11a)

(c:/texlive/2026/texmf-dist/tex/generic/pgf/systemlayer/pgfsys-dvipdfmx.def
File: pgfsys-dvipdfmx.def 2025-08-29 v3.1.11a (3.1.11a)

(c:/texlive/2026/texmf-dist/tex/generic/pgf/systemlayer/pgfsys-common-pdf.def
File: pgfsys-common-pdf.def 2025-08-29 v3.1.11a (3.1.11a)
)
\pgfsys@objnum=\count364
)))
(c:/texlive/2026/texmf-dist/tex/generic/pgf/systemlayer/pgfsyssoftpath.code.tex
File: pgfsyssoftpath.code.tex 2025-08-29 v3.1.11a (3.1.11a)
\pgfsyssoftpath@smallbuffer@items=\count365
\pgfsyssoftpath@bigbuffer@items=\count366
)
(c:/texlive/2026/texmf-dist/tex/generic/pgf/systemlayer/pgfsysprotocol.code.tex
File: pgfsysprotocol.code.tex 2025-08-29 v3.1.11a (3.1.11a)
)) (c:/texlive/2026/texmf-dist/tex/generic/pgf/basiclayer/pgfcore.code.tex
Package: pgfcore 2025-08-29 v3.1.11a (3.1.11a)

(c:/texlive/2026/texmf-dist/tex/generic/pgf/math/pgfmath.code.tex
(c:/texlive/2026/texmf-dist/tex/generic/pgf/math/pgfmathutil.code.tex)
(c:/texlive/2026/texmf-dist/tex/generic/pgf/math/pgfmathparser.code.tex
\pgfmath@dimen=\dimen284
\pgfmath@count=\count367
\pgfmath@box=\box62
\pgfmath@toks=\toks46
\pgfmath@stack@operand=\toks47
\pgfmath@stack@operation=\toks48
)
(c:/texlive/2026/texmf-dist/tex/generic/pgf/math/pgfmathfunctions.code.tex)
(c:/texlive/2026/texmf-dist/tex/generic/pgf/math/pgfmathfunctions.basic.code.te
x)
(c:/texlive/2026/texmf-dist/tex/generic/pgf/math/pgfmathfunctions.trigonometric
.code.tex)
(c:/texlive/2026/texmf-dist/tex/generic/pgf/math/pgfmathfunctions.random.code.t
ex)
(c:/texlive/2026/texmf-dist/tex/generic/pgf/math/pgfmathfunctions.comparison.co
de.tex)
(c:/texlive/2026/texmf-dist/tex/generic/pgf/math/pgfmathfunctions.base.code.tex
)
(c:/texlive/2026/texmf-dist/tex/generic/pgf/math/pgfmathfunctions.round.code.te
x)
(c:/texlive/2026/texmf-dist/tex/generic/pgf/math/pgfmathfunctions.misc.code.tex
)
(c:/texlive/2026/texmf-dist/tex/generic/pgf/math/pgfmathfunctions.integerarithm
etics.code.tex)
(c:/texlive/2026/texmf-dist/tex/generic/pgf/math/pgfmathcalc.code.tex)
(c:/texlive/2026/texmf-dist/tex/generic/pgf/math/pgfmathfloat.code.tex
\c@pgfmathroundto@lastzeros=\count368
))
(c:/texlive/2026/texmf-dist/tex/generic/pgf/math/pgfint.code.tex)
(c:/texlive/2026/texmf-dist/tex/generic/pgf/basiclayer/pgfcorepoints.code.tex
File: pgfcorepoints.code.tex 2025-08-29 v3.1.11a (3.1.11a)
\pgf@picminx=\dimen285
\pgf@picmaxx=\dimen286
\pgf@picminy=\dimen287
\pgf@picmaxy=\dimen288
\pgf@pathminx=\dimen289
\pgf@pathmaxx=\dimen290
\pgf@pathminy=\dimen291
\pgf@pathmaxy=\dimen292
\pgf@xx=\dimen293
\pgf@xy=\dimen294
\pgf@yx=\dimen295
\pgf@yy=\dimen296
\pgf@zx=\dimen297
\pgf@zy=\dimen298
)
(c:/texlive/2026/texmf-dist/tex/generic/pgf/basiclayer/pgfcorepathconstruct.cod
e.tex
File: pgfcorepathconstruct.code.tex 2025-08-29 v3.1.11a (3.1.11a)
\pgf@path@lastx=\dimen299
\pgf@path@lasty=\dimen300
)
(c:/texlive/2026/texmf-dist/tex/generic/pgf/basiclayer/pgfcorepathusage.code.te
x
File: pgfcorepathusage.code.tex 2025-08-29 v3.1.11a (3.1.11a)
\pgf@shorten@end@additional=\dimen301
\pgf@shorten@start@additional=\dimen302
)
(c:/texlive/2026/texmf-dist/tex/generic/pgf/basiclayer/pgfcorescopes.code.tex
File: pgfcorescopes.code.tex 2025-08-29 v3.1.11a (3.1.11a)
\pgfpic=\box63
\pgf@hbox=\box64
\pgf@layerbox@main=\box65
\pgf@picture@serial@count=\count369
)
(c:/texlive/2026/texmf-dist/tex/generic/pgf/basiclayer/pgfcoregraphicstate.code
.tex
File: pgfcoregraphicstate.code.tex 2025-08-29 v3.1.11a (3.1.11a)
\pgflinewidth=\dimen303
)
(c:/texlive/2026/texmf-dist/tex/generic/pgf/basiclayer/pgfcoretransformations.c
ode.tex
File: pgfcoretransformations.code.tex 2025-08-29 v3.1.11a (3.1.11a)
\pgf@pt@x=\dimen304
\pgf@pt@y=\dimen305
\pgf@pt@temp=\dimen306
)
(c:/texlive/2026/texmf-dist/tex/generic/pgf/basiclayer/pgfcorequick.code.tex
File: pgfcorequick.code.tex 2025-08-29 v3.1.11a (3.1.11a)
)
(c:/texlive/2026/texmf-dist/tex/generic/pgf/basiclayer/pgfcoreobjects.code.tex
File: pgfcoreobjects.code.tex 2025-08-29 v3.1.11a (3.1.11a)
)
(c:/texlive/2026/texmf-dist/tex/generic/pgf/basiclayer/pgfcorepathprocessing.co
de.tex
File: pgfcorepathprocessing.code.tex 2025-08-29 v3.1.11a (3.1.11a)
)
(c:/texlive/2026/texmf-dist/tex/generic/pgf/basiclayer/pgfcorearrows.code.tex
File: pgfcorearrows.code.tex 2025-08-29 v3.1.11a (3.1.11a)
\pgfarrowsep=\dimen307
)
(c:/texlive/2026/texmf-dist/tex/generic/pgf/basiclayer/pgfcoreshade.code.tex
File: pgfcoreshade.code.tex 2025-08-29 v3.1.11a (3.1.11a)
\pgf@max=\dimen308
\pgf@sys@shading@range@num=\count370
\pgf@shadingcount=\count371
)
(c:/texlive/2026/texmf-dist/tex/generic/pgf/basiclayer/pgfcoreimage.code.tex
File: pgfcoreimage.code.tex 2025-08-29 v3.1.11a (3.1.11a)
)
(c:/texlive/2026/texmf-dist/tex/generic/pgf/basiclayer/pgfcoreexternal.code.tex
File: pgfcoreexternal.code.tex 2025-08-29 v3.1.11a (3.1.11a)
\pgfexternal@startupbox=\box66
) (c:/texlive/2026/texmf-dist/tex/generic/pgf/basiclayer/pgfcorelayers.code.tex
File: pgfcorelayers.code.tex 2025-08-29 v3.1.11a (3.1.11a)
)
(c:/texlive/2026/texmf-dist/tex/generic/pgf/basiclayer/pgfcoretransparency.code
.tex
File: pgfcoretransparency.code.tex 2025-08-29 v3.1.11a (3.1.11a)
)
(c:/texlive/2026/texmf-dist/tex/generic/pgf/basiclayer/pgfcorepatterns.code.tex
File: pgfcorepatterns.code.tex 2025-08-29 v3.1.11a (3.1.11a)
) (c:/texlive/2026/texmf-dist/tex/generic/pgf/basiclayer/pgfcorerdf.code.tex
File: pgfcorerdf.code.tex 2025-08-29 v3.1.11a (3.1.11a)
))) (c:/texlive/2026/texmf-dist/tex/generic/pgf/modules/pgfmoduleshapes.code.te
x
File: pgfmoduleshapes.code.tex 2025-08-29 v3.1.11a (3.1.11a)
\pgfnodeparttextbox=\box67
)
(c:/texlive/2026/texmf-dist/tex/generic/pgf/modules/pgfmoduleplot.code.tex
File: pgfmoduleplot.code.tex 2025-08-29 v3.1.11a (3.1.11a)
)
(c:/texlive/2026/texmf-dist/tex/latex/pgf/compatibility/pgfcomp-version-0-65.st
y
Package: pgfcomp-version-0-65 2025-08-29 v3.1.11a (3.1.11a)
\pgf@nodesepstart=\dimen309
\pgf@nodesepend=\dimen310
)
(c:/texlive/2026/texmf-dist/tex/latex/pgf/compatibility/pgfcomp-version-1-18.st
y
Package: pgfcomp-version-1-18 2025-08-29 v3.1.11a (3.1.11a)
)) (c:/texlive/2026/texmf-dist/tex/latex/pgf/utilities/pgffor.sty
(c:/texlive/2026/texmf-dist/tex/latex/pgf/utilities/pgfkeys.sty
(c:/texlive/2026/texmf-dist/tex/generic/pgf/utilities/pgfkeys.code.tex))
(c:/texlive/2026/texmf-dist/tex/latex/pgf/math/pgfmath.sty
(c:/texlive/2026/texmf-dist/tex/generic/pgf/math/pgfmath.code.tex))
(c:/texlive/2026/texmf-dist/tex/generic/pgf/utilities/pgffor.code.tex
Package: pgffor 2025-08-29 v3.1.11a (3.1.11a)
\pgffor@iter=\dimen311
\pgffor@skip=\dimen312
\pgffor@stack=\toks49
\pgffor@toks=\toks50
))
(c:/texlive/2026/texmf-dist/tex/generic/pgf/frontendlayer/tikz/tikz.code.tex
Package: tikz 2025-08-29 v3.1.11a (3.1.11a)

(c:/texlive/2026/texmf-dist/tex/generic/pgf/libraries/pgflibraryplothandlers.co
de.tex
File: pgflibraryplothandlers.code.tex 2025-08-29 v3.1.11a (3.1.11a)
\pgf@plot@mark@count=\count372
\pgfplotmarksize=\dimen313
)
\tikz@lastx=\dimen314
\tikz@lasty=\dimen315
\tikz@lastxsaved=\dimen316
\tikz@lastysaved=\dimen317
\tikz@lastmovetox=\dimen318
\tikz@lastmovetoy=\dimen319
\tikzleveldistance=\dimen320
\tikzsiblingdistance=\dimen321
\tikz@figbox=\box68
\tikz@figbox@bg=\box69
\tikz@tempbox=\box70
\tikz@tempbox@bg=\box71
\tikztreelevel=\count373
\tikznumberofchildren=\count374
\tikznumberofcurrentchild=\count375
\tikz@fig@count=\count376

(c:/texlive/2026/texmf-dist/tex/generic/pgf/modules/pgfmodulematrix.code.tex
File: pgfmodulematrix.code.tex 2025-08-29 v3.1.11a (3.1.11a)
\pgfmatrixcurrentrow=\count377
\pgfmatrixcurrentcolumn=\count378
\pgf@matrix@numberofcolumns=\count379
)
\tikz@expandcount=\count380

(c:/texlive/2026/texmf-dist/tex/generic/pgf/frontendlayer/tikz/libraries/tikzli
brarytopaths.code.tex
File: tikzlibrarytopaths.code.tex 2025-08-29 v3.1.11a (3.1.11a)
)))
(c:/texlive/2026/texmf-dist/tex/latex/tools/afterpage.sty
Package: afterpage 2023/07/04 v1.08 After-Page Package (DPC)
\AP@output=\toks51
\AP@partial=\box72
\AP@footins=\box73
))
(c:/texlive/2026/texmf-dist/tex/latex/fancyhdr/fancyhdr.sty
Package: fancyhdr 2025/02/07 v5.2 Extensive control of page headers and footers

\f@nch@headwidth=\skip67
\f@nch@offset@elh=\skip68
\f@nch@offset@erh=\skip69
\f@nch@offset@olh=\skip70
\f@nch@offset@orh=\skip71
\f@nch@offset@elf=\skip72
\f@nch@offset@erf=\skip73
\f@nch@offset@olf=\skip74
\f@nch@offset@orf=\skip75
\f@nch@height=\skip76
\f@nch@footalignment=\skip77
\f@nch@widthL=\skip78
\f@nch@widthC=\skip79
\f@nch@widthR=\skip80
\@temptokenb=\toks52
)
(c:/texlive/2026/texmf-dist/tex/latex/amscls/amsthm.sty
Package: amsthm 2020/05/29 v2.20.6
\thm@style=\toks53
\thm@bodyfont=\toks54
\thm@headfont=\toks55
\thm@notefont=\toks56
\thm@headpunct=\toks57
\thm@preskip=\skip81
\thm@postskip=\skip82
\thm@headsep=\skip83
\dth@everypar=\toks58
)
(c:/texlive/2026/texmf-dist/tex/latex/thmtools/thmtools.sty
Package: thmtools 2023/05/04 v0.76
\thmt@toks=\toks59
\c@thmt@dummyctr=\count381

(c:/texlive/2026/texmf-dist/tex/latex/thmtools/thm-patch.sty
Package: thm-patch 2023/05/04 v0.76

(c:/texlive/2026/texmf-dist/tex/latex/thmtools/parseargs.sty
Package: parseargs 2023/05/04 v0.76
\@parsespec=\toks60
))
(c:/texlive/2026/texmf-dist/tex/latex/thmtools/thm-kv.sty
Package: thm-kv 2023/05/04 v0.76
Package thm-kv Info: Theorem names will be uppercased on input line 42.
Package thm-kv Info: kvsetkeys patch (v1.16 or later) on input line 158.
)
(c:/texlive/2026/texmf-dist/tex/latex/thmtools/thm-autoref.sty
Package: thm-autoref 2023/05/04 v0.76

(c:/texlive/2026/texmf-dist/tex/latex/thmtools/aliasctr.sty
Package: aliasctr 2023/05/04 v0.76
))
(c:/texlive/2026/texmf-dist/tex/latex/thmtools/thm-listof.sty
Package: thm-listof 2023/05/04 v0.76
)
(c:/texlive/2026/texmf-dist/tex/latex/thmtools/thm-restate.sty
Package: thm-restate 2023/05/04 v0.76
)
(c:/texlive/2026/texmf-dist/tex/latex/thmtools/thm-amsthm.sty
Package: thm-amsthm 2023/05/04 v0.76
\thmt@style@headstyle=\toks61
))
(c:/texlive/2026/texmf-dist/tex/latex/tools/longtable.sty
Package: longtable 2025-10-13 v4.24 Multi-page Table package (DPC)
\LTleft=\skip84
\LTright=\skip85
\LTpre=\skip86
\LTpost=\skip87
\LTchunksize=\count382
\LTcapwidth=\dimen322
\LT@head=\box74
\LT@firsthead=\box75
\LT@foot=\box76
\LT@lastfoot=\box77
\LT@gbox=\box78
\LT@cols=\count383
\LT@rows=\count384
\c@LT@tables=\count385
\c@LT@chunks=\count386
\LT@p@ftn=\toks62
)
(c:/texlive/2026/texmf-dist/tex/latex/caption/caption.sty
Package: caption 2023/08/05 v3.6o Customizing captions (AR)

(c:/texlive/2026/texmf-dist/tex/latex/caption/caption3.sty
Package: caption3 2023/07/31 v2.4d caption3 kernel (AR)
\caption@tempdima=\dimen323
\captionmargin=\dimen324
\caption@leftmargin=\dimen325
\caption@rightmargin=\dimen326
\caption@width=\dimen327
\caption@indent=\dimen328
\caption@parindent=\dimen329
\caption@hangindent=\dimen330
Package caption Info: Standard document class detected.
)
\c@caption@flags=\count387
\c@continuedfloat=\count388
Package caption Info: longtable package is loaded.

(c:/texlive/2026/texmf-dist/tex/latex/caption/ltcaption.sty
Package: ltcaption 2021/01/08 v1.4c longtable captions (AR)
))
(c:/texlive/2026/texmf-dist/tex/latex/caption/bicaption.sty
Package: bicaption 2023/02/19 v1.6 Bilingual Captions (AR)
\bicaption@lang=\count389
)
(c:/texlive/2026/texmf-dist/tex/xelatex/xecjk/xeCJKfntef.sty
Package: xeCJKfntef 2022/08/05 v3.9.1 xeCJK font effect

(c:/texlive/2026/texmf-dist/tex/generic/ulem/ulem.sty
\UL@box=\box79
\UL@hyphenbox=\box80
\UL@skip=\skip88
\UL@hook=\toks63
\UL@height=\dimen331
\UL@pe=\count390
\UL@pixel=\dimen332
\ULC@box=\box81
Package: ulem 2019/11/18
\ULdepth=\dimen333
)
\l__xeCJK_space_skip=\skip89
\c__xeCJK_ulem-begin_node_dim=\dimen334
\l__xeCJK_hidden_box=\box82
\l__xeCJK_fntef_box=\box83
\l__xeCJK_under_symbol_box=\box84
\c__xeCJK_filll_skip=\skip90
)
(c:/texlive/2026/texmf-dist/tex/latex/xpatch/xpatch.sty
Package: xpatch 2020/03/25 v0.3a Extending etoolbox patching commands
)
(c:/texlive/2026/texmf-dist/tex/latex/tools/array.sty
Package: array 2025/09/25 v2.6n Tabular extension package (FMi)
\col@sep=\dimen335
\ar@mcellbox=\box85
\extrarowheight=\dimen336
\NC@list=\toks64
\extratabsurround=\skip91
\backup@length=\skip92
\ar@cellbox=\box86
)
(c:/texlive/2026/texmf-dist/tex/latex/multirow/multirow.sty
Package: multirow 2024/11/12 v2.9 Span multiple rows of a table
\multirow@colwidth=\skip93
\multirow@cntb=\count391
\multirow@dima=\skip94
\bigstrutjot=\dimen337
)
(c:/texlive/2026/texmf-dist/tex/latex/booktabs/booktabs.sty
Package: booktabs 2020/01/12 v1.61803398 Publication quality tables
\heavyrulewidth=\dimen338
\lightrulewidth=\dimen339
\cmidrulewidth=\dimen340
\belowrulesep=\dimen341
\belowbottomsep=\dimen342
\aboverulesep=\dimen343
\abovetopsep=\dimen344
\cmidrulesep=\dimen345
\cmidrulekern=\dimen346
\defaultaddspace=\dimen347
\@cmidla=\count392
\@cmidlb=\count393
\@aboverulesep=\dimen348
\@belowrulesep=\dimen349
\@thisruleclass=\count394
\@lastruleclass=\count395
\@thisrulewidth=\dimen350
)
(c:/texlive/2026/texmf-dist/tex/latex/enumitem/enumitem.sty
Package: enumitem 2025/02/06 v3.11 Customized lists
\labelindent=\skip95
\enit@outerparindent=\dimen351
\enit@toks=\toks65
\enit@inbox=\box87
\enit@count@id=\count396
\enitdp@description=\count397
)
(c:/texlive/2026/texmf-dist/tex/latex/tocloft/tocloft.sty
Package: tocloft 2017/08/31 v2.3i parameterised ToC, etc., typesetting
Package tocloft Info: The document has chapter divisions on input line 51.
\cftparskip=\skip96
\cftbeforetoctitleskip=\skip97
\cftaftertoctitleskip=\skip98
\cftbeforepartskip=\skip99
\cftpartnumwidth=\skip100
\cftpartindent=\skip101
\cftbeforechapskip=\skip102
\cftchapindent=\skip103
\cftchapnumwidth=\skip104
\cftbeforesecskip=\skip105
\cftsecindent=\skip106
\cftsecnumwidth=\skip107
\cftbeforesubsecskip=\skip108
\cftsubsecindent=\skip109
\cftsubsecnumwidth=\skip110
\cftbeforesubsubsecskip=\skip111
\cftsubsubsecindent=\skip112
\cftsubsubsecnumwidth=\skip113
\cftbeforeparaskip=\skip114
\cftparaindent=\skip115
\cftparanumwidth=\skip116
\cftbeforesubparaskip=\skip117
\cftsubparaindent=\skip118
\cftsubparanumwidth=\skip119
\cftbeforeloftitleskip=\skip120
\cftafterloftitleskip=\skip121
\cftbeforefigskip=\skip122
\cftfigindent=\skip123
\cftfignumwidth=\skip124
\c@lofdepth=\count398
\c@lotdepth=\count399
\cftbeforelottitleskip=\skip125
\cftafterlottitleskip=\skip126
\cftbeforetabskip=\skip127
\cfttabindent=\skip128
\cfttabnumwidth=\skip129
)
(c:/texlive/2026/texmf-dist/tex/latex/subfig/subfig.sty
Package: subfig 2005/06/28 ver: 1.3 subfig package
\c@KVtest=\count400
\sf@farskip=\skip130
\sf@captopadj=\dimen352
\sf@capskip=\skip131
\sf@nearskip=\skip132
\c@subfigure=\count401
\c@subfigure@save=\count402
\c@subtable=\count403
\c@subtable@save=\count404
\sf@top=\skip133
\sf@bottom=\skip134
)
\yema=\skip135
\secjuli=\skip136
\subsecjuli=\skip137
\c@gdutenumi=\count405
\enitdp@gdutenum=\count406
\c@gdutenenumi=\count407
\enitdp@gdutenenum=\count408
\enlabellengthi=\skip138
\l__gdut_indent_dim=\dimen353
)
(c:/texlive/2026/texmf-dist/tex/latex/siunitx/siunitx.sty
Rollback for package 'siunitx' requested -> version 'v2'.
         This corresponds to the release introduced on 2010-05-23.

(c:/texlive/2026/texmf-dist/tex/latex/siunitx/siunitx-v2.sty
Package: siunitx 2021-04-17 v2.8e A comprehensive (SI) units package
\l__siunitx_tmp_box=\box88
\l__siunitx_tmp_dim=\dimen354
\l__siunitx_tmp_int=\count409
\l__siunitx_number_mantissa_length_int=\count410
\l__siunitx_number_uncert_length_int=\count411
\l__siunitx_round_int=\count412
\l__siunitx_process_decimal_int=\count413
\l__siunitx_process_uncertainty_int=\count414
\l__siunitx_process_fixed_int=\count415
\l__siunitx_process_integer_min_int=\count416
\l__siunitx_process_precision_int=\count417
\l__siunitx_group_min_int=\count418
\l__siunitx_angle_marker_box=\box89
\l__siunitx_angle_unit_box=\box90
\l__siunitx_angle_marker_dim=\dimen355
\l__siunitx_angle_unit_dim=\dimen356
\l__siunitx_unit_int=\count419
\l__siunitx_unit_denominator_int=\count420
\l__siunitx_unit_numerator_int=\count421
\l__siunitx_unit_prefix_int=\count422
\l__siunitx_unit_prefix_base_int=\count423
\l__siunitx_unit_prefix_gram_int=\count424
\l__siunitx_number_product_int=\count425
\c__siunitx_one_fill_skip=\skip139
\l__siunitx_table_unit_align_skip=\skip140
\l__siunitx_table_exponent_dim=\dimen357
\l__siunitx_table_integer_dim=\dimen358
\l__siunitx_table_mantissa_dim=\dimen359
\l__siunitx_table_marker_dim=\dimen360
\l__siunitx_table_result_dim=\dimen361
\l__siunitx_table_uncert_dim=\dimen362
\l__siunitx_table_fill_pre_dim=\dimen363
\l__siunitx_table_fill_post_dim=\dimen364
\l__siunitx_table_fill_mid_dim=\dimen365
\l__siunitx_table_pre_box=\box91
\l__siunitx_table_post_box=\box92
\l__siunitx_table_mantissa_box=\box93
\l__siunitx_table_result_box=\box94
\l__siunitx_table_number_align_skip=\skip141
\l__siunitx_table_text_align_skip=\skip142

(c:/texlive/2026/texmf-dist/tex/latex/translator/translator.sty
Package: translator 2021-05-31 v1.12d Easy translation of strings in LaTeX
)))
(c:/texlive/2026/texmf-dist/tex/latex/zhlipsum/zhlipsum.sty
Package: zhlipsum 2020/04/10 v1.2.0 Chinese dummy text
\l__zhlipsum_begin_int=\count426
\l__zhlipsum_end_int=\count427
\l__zhlipsum_max_int=\count428

(c:/texlive/2026/texmf-dist/tex/latex/zhlipsum/zhlipsum-utf8.def
File: zhlipsum-utf8.def 2020/04/10 v1.2.0 Chinese dummy text with UTF-8 encodin
g (for zhlipsum)
\g__zhlipsum_simp_int=\count429

Package zhlipsum Info: Chinese dummy text "simp" is created. It has 50
(zhlipsum)             paragraphs.

\g__zhlipsum_trad_int=\count430

Package zhlipsum Info: Chinese dummy text "trad" is created. It has 50
(zhlipsum)             paragraphs.

\g__zhlipsum_nanshanjing_int=\count431

Package zhlipsum Info: Chinese dummy text "nanshanjing" is created. It has 43
(zhlipsum)             paragraphs.

\g__zhlipsum_xiangyu_int=\count432

Package zhlipsum Info: Chinese dummy text "xiangyu" is created. It has 45
(zhlipsum)             paragraphs.

\g__zhlipsum_zhufu_int=\count433

Package zhlipsum Info: Chinese dummy text "zhufu" is created. It has 110
(zhlipsum)             paragraphs.

\g__zhlipsum_aspirin_int=\count434

Package zhlipsum Info: Chinese dummy text "aspirin" is created. It has 66
(zhlipsum)             paragraphs.

))
(c:/texlive/2026/texmf-dist/tex/latex/lipsum/lipsum.sty
Package: lipsum 2021-09-20 v2.7 150 paragraphs of Lorem Ipsum dummy text
\g__lipsum_par_int=\count435
\l__lipsum_a_int=\count436
\l__lipsum_b_int=\count437

(c:/texlive/2026/texmf-dist/tex/latex/lipsum/lipsum.ltd.tex))
(c:/texlive/2026/texmf-dist/tex/latex/float/float.sty
Package: float 2001/11/08 v1.3d Float enhancements (AL)
\c@float@type=\count438
\float@exts=\toks66
\float@box=\box95
\@float@everytoks=\toks67
\@floatcapt=\box96
)
(c:/texlive/2026/texmf-dist/tex/latex/algorithm2e/algorithm2e.sty
Invalid UTF-8 byte or sequence at line 284 replaced by U+FFFD.
Invalid UTF-8 byte or sequence at line 299 replaced by U+FFFD.
Invalid UTF-8 byte or sequence at line 550 replaced by U+FFFD.
Package: algorithm2e 2017/07/18 v5.2 algorithms environments
\c@AlgoLine=\count439
\algocf@hangindent=\skip143

(c:/texlive/2026/texmf-dist/tex/latex/ifoddpage/ifoddpage.sty
Package: ifoddpage 2022/10/18 v1.2 Conditionals for odd/even page detection
\c@checkoddpage=\count440
)
(c:/texlive/2026/texmf-dist/tex/latex/tools/xspace.sty
Package: xspace 2014/10/28 v1.13 Space after command names (DPC,MH)
)
(c:/texlive/2026/texmf-dist/tex/latex/relsize/relsize.sty
Package: relsize 2013/03/29 ver 4.1
)
\skiptotal=\skip144
\skiplinenumber=\skip145
\skiprule=\skip146
\skiphlne=\skip147
\skiptext=\skip148
\skiplength=\skip149
\algomargin=\skip150
\skipalgocfslide=\skip151
\algowidth=\dimen366
\inoutsize=\dimen367
\inoutindent=\dimen368
\interspacetitleruled=\dimen369
\interspacealgoruled=\dimen370
\interspacetitleboxruled=\dimen371
\algocf@ruledwidth=\skip152
\algocf@inoutbox=\box97
\algocf@inputbox=\box98
\AlCapSkip=\skip153
\AlCapHSkip=\skip154
\algoskipindent=\skip155
\algocf@nlbox=\box99
\algocf@hangingbox=\box100
\algocf@untilbox=\box101
\algocf@skipuntil=\skip156
\algocf@capbox=\box102
\algocf@lcaptionbox=\skip157
\algoheightruledefault=\skip158
\algoheightrule=\skip159
\algotitleheightruledefault=\skip160
\algotitleheightrule=\skip161
\c@algocfline=\count441
\c@algocfproc=\count442
\c@algocf=\count443
\algocf@algoframe=\box103
\algocf@algobox=\box104
)
(c:/texlive/2026/texmf-dist/tex/latex/biblatex/biblatex.sty
Package: biblatex 2025/07/10 v3.21 programmable bibliographies (PK/MW)

(c:/texlive/2026/texmf-dist/tex/generic/pdftexcmds/pdftexcmds.sty
Package: pdftexcmds 2020-06-27 v0.33 Utility functions of pdfTeX for LuaTeX (HO
)

(c:/texlive/2026/texmf-dist/tex/generic/infwarerr/infwarerr.sty
Package: infwarerr 2019/12/03 v1.5 Providing info/warning/error messages (HO)
)
Package pdftexcmds Info: \pdf@primitive is available.
Package pdftexcmds Info: \pdf@ifprimitive is available.
Package pdftexcmds Info: \pdfdraftmode not found.
)
(c:/texlive/2026/texmf-dist/tex/latex/logreq/logreq.sty
Package: logreq 2010/08/04 v1.0 xml request logger
\lrq@indent=\count444

(c:/texlive/2026/texmf-dist/tex/latex/logreq/logreq.def
File: logreq.def 2010/08/04 v1.0 logreq spec v1.0
))
(c:/texlive/2026/texmf-dist/tex/latex/url/url.sty
\Urlmuskip=\muskip19
Package: url 2013/09/16  ver 3.4  Verb mode for urls, etc.
)
\c@tabx@nest=\count445
\c@listtotal=\count446
\c@listcount=\count447
\c@liststart=\count448
\c@liststop=\count449
\c@citecount=\count450
\c@citetotal=\count451
\c@multicitecount=\count452
\c@multicitetotal=\count453
\c@instcount=\count454
\c@maxnames=\count455
\c@minnames=\count456
\c@maxitems=\count457
\c@minitems=\count458
\c@citecounter=\count459
\c@maxcitecounter=\count460
\c@savedcitecounter=\count461
\c@uniquelist=\count462
\c@uniquename=\count463
\c@refsection=\count464
\c@refsegment=\count465
\c@maxextratitle=\count466
\c@maxextratitleyear=\count467
\c@maxextraname=\count468
\c@maxextradate=\count469
\c@maxextraalpha=\count470
\c@abbrvpenalty=\count471
\c@highnamepenalty=\count472
\c@lownamepenalty=\count473
\c@maxparens=\count474
\c@parenlevel=\count475
\blx@tempcnta=\count476
\blx@tempcntb=\count477
\blx@tempcntc=\count478
\c@blx@maxsection=\count479
\blx@maxsegment@0=\count480
\blx@notetype=\count481
\blx@parenlevel@text=\count482
\blx@parenlevel@foot=\count483
\blx@sectionciteorder@0=\count484
\blx@sectionciteorderinternal@0=\count485
\blx@entrysetcounter=\count486
\blx@biblioinstance=\count487
\labelnumberwidth=\skip162
\labelalphawidth=\skip163
\biblabelsep=\skip164
\bibitemsep=\skip165
\bibnamesep=\skip166
\bibinitsep=\skip167
\bibparsep=\skip168
\bibhang=\skip169
\blx@bcfin=\read3
\blx@bcfout=\write4
\blx@langwohyphens=\language91
\c@mincomprange=\count488
\c@maxcomprange=\count489
\c@mincompwidth=\count490
Package biblatex Info: Trying to load biblatex default data model...
Package biblatex Info: ... file 'blx-dm.def' found.

(c:/texlive/2026/texmf-dist/tex/latex/biblatex/blx-dm.def
File: blx-dm.def 2025/07/10 v3.21 biblatex datamodel (PK/MW)
)
Package biblatex Info: Trying to load biblatex style data model...
Package biblatex Info: ... file 'gb7714-2015.dbx' not found.
Package biblatex Info: Trying to load biblatex custom data model...
Package biblatex Info: ... file 'biblatex-dm.cfg' not found.
\c@afterword=\count491
\c@savedafterword=\count492
\c@annotator=\count493
\c@savedannotator=\count494
\c@author=\count495
\c@savedauthor=\count496
\c@bookauthor=\count497
\c@savedbookauthor=\count498
\c@commentator=\count499
\c@savedcommentator=\count500
\c@editor=\count501
\c@savededitor=\count502
\c@editora=\count503
\c@savededitora=\count504
\c@editorb=\count505
\c@savededitorb=\count506
\c@editorc=\count507
\c@savededitorc=\count508
\c@foreword=\count509
\c@savedforeword=\count510
\c@holder=\count511
\c@savedholder=\count512
\c@introduction=\count513
\c@savedintroduction=\count514
\c@namea=\count515
\c@savednamea=\count516
\c@nameb=\count517
\c@savednameb=\count518
\c@namec=\count519
\c@savednamec=\count520
\c@translator=\count521
\c@savedtranslator=\count522
\c@shortauthor=\count523
\c@savedshortauthor=\count524
\c@shorteditor=\count525
\c@savedshorteditor=\count526
\c@labelname=\count527
\c@savedlabelname=\count528
\c@institution=\count529
\c@savedinstitution=\count530
\c@lista=\count531
\c@savedlista=\count532
\c@listb=\count533
\c@savedlistb=\count534
\c@listc=\count535
\c@savedlistc=\count536
\c@listd=\count537
\c@savedlistd=\count538
\c@liste=\count539
\c@savedliste=\count540
\c@listf=\count541
\c@savedlistf=\count542
\c@location=\count543
\c@savedlocation=\count544
\c@organization=\count545
\c@savedorganization=\count546
\c@origlocation=\count547
\c@savedoriglocation=\count548
\c@origpublisher=\count549
\c@savedorigpublisher=\count550
\c@publisher=\count551
\c@savedpublisher=\count552
\c@language=\count553
\c@savedlanguage=\count554
\c@origlanguage=\count555
\c@savedoriglanguage=\count556
\c@pageref=\count557
\c@savedpageref=\count558
\shorthandwidth=\skip170
\shortjournalwidth=\skip171
\shortserieswidth=\skip172
\shorttitlewidth=\skip173
\shortauthorwidth=\skip174
\shorteditorwidth=\skip175
\locallabelnumberwidth=\skip176
\locallabelalphawidth=\skip177
\localshorthandwidth=\skip178
\localshortjournalwidth=\skip179
\localshortserieswidth=\skip180
\localshorttitlewidth=\skip181
\localshortauthorwidth=\skip182
\localshorteditorwidth=\skip183
Package biblatex Info: Trying to load enhanced support for Unicode engines...
Package biblatex Info: ... file 'blx-unicode.def' found.

(c:/texlive/2026/texmf-dist/tex/latex/biblatex/blx-unicode.def)
Package biblatex Info: Trying to load compatibility code...
Package biblatex Info: ... file 'blx-compat.def' found.

(c:/texlive/2026/texmf-dist/tex/latex/biblatex/blx-compat.def
File: blx-compat.def 2025/07/10 v3.21 biblatex compatibility (PK/MW)
)
Package biblatex Info: Trying to load generic definitions...
Package biblatex Info: ... file 'biblatex.def' found.

(c:/texlive/2026/texmf-dist/tex/latex/biblatex/biblatex.def
File: biblatex.def 2025/07/10 v3.21 biblatex compatibility (PK/MW)
\c@textcitecount=\count559
\c@textcitetotal=\count560
\c@textcitemaxnames=\count561
\c@biburlbigbreakpenalty=\count562
\c@biburlbreakpenalty=\count563
\c@biburlnumpenalty=\count564
\c@biburlucpenalty=\count565
\c@biburllcpenalty=\count566
\biburlbigskip=\muskip20
\biburlnumskip=\muskip21
\biburlucskip=\muskip22
\biburllcskip=\muskip23
\c@smartand=\count567
)
Package biblatex Info: Trying to load natbib compatibility...
Package biblatex Info: ... file 'blx-natbib.def' found.

(c:/texlive/2026/texmf-dist/tex/latex/biblatex/blx-natbib.def
File: blx-natbib.def 2025/07/10 v3.21 biblatex compatibility (PK/MW)
Package biblatex Info: Delimiter 'nameyeardelim' in context '' already defined,
 overwriting.
)
Package biblatex Info: Trying to load bibliography style 'gb7714-2015'...
Package biblatex Info: ... file 'gb7714-2015.bbx' found.

(c:/texlive/2026/texmf-dist/tex/latex/biblatex-gb7714-2015/gb7714-2015.bbx
File: gb7714-2015.bbx 2025/06/10 v1.1vbiblatex bibliography style
Package biblatex Info: Trying to load bibliography style 'numeric-comp'...
Package biblatex Info: ... file 'numeric-comp.bbx' found.

(c:/texlive/2026/texmf-dist/tex/latex/biblatex/bbx/numeric-comp.bbx
File: numeric-comp.bbx 2025/07/10 v3.21 biblatex bibliography style (PK/MW)
Package biblatex Info: Trying to load bibliography style 'numeric'...
Package biblatex Info: ... file 'numeric.bbx' found.

(c:/texlive/2026/texmf-dist/tex/latex/biblatex/bbx/numeric.bbx
File: numeric.bbx 2025/07/10 v3.21 biblatex bibliography style (PK/MW)
Package biblatex Info: Trying to load bibliography style 'standard'...
Package biblatex Info: ... file 'standard.bbx' found.

(c:/texlive/2026/texmf-dist/tex/latex/biblatex/bbx/standard.bbx
File: standard.bbx 2025/07/10 v3.21 biblatex bibliography style (PK/MW)
\c@bbx:relatedcount=\count568
\c@bbx:relatedtotal=\count569
)))
(c:/texlive/2026/texmf-dist/tex/generic/xstring/xstring.sty
(c:/texlive/2026/texmf-dist/tex/generic/xstring/xstring.tex
\xs_counta=\count570
\xs_countb=\count571
)
Package: xstring 2023/08/22 v1.86 String manipulations (CT)
)
\BracketLift=\skip184
\footbibmargin=\skip185
\footbiblabelsep=\skip186
\c@gbnamefmtcase=\count572
\c@gbalignlabel=\count573
\c@gbcitelocalcase=\count574
\c@gbbiblocalcase=\count575
\c@lanordernum=\count576
\bibitemindent=\skip187
\biblabelextend=\skip188
\bibextramargin=\skip189
Package biblatex Info: Delimiter 'finalnamedelim' in context '' already defined
, overwriting.
)
Package biblatex Info: Trying to load citation style 'gb7714-2015'...
Package biblatex Info: ... file 'gb7714-2015.cbx' found.

(c:/texlive/2026/texmf-dist/tex/latex/biblatex-gb7714-2015/gb7714-2015.cbx
File: gb7714-2015.cbx a biblatex citation style for GB/T 7714-2015
Package biblatex Info: Trying to load citation style 'numeric-comp'...
Package biblatex Info: ... file 'numeric-comp.cbx' found.

(c:/texlive/2026/texmf-dist/tex/latex/biblatex/cbx/numeric-comp.cbx
File: numeric-comp.cbx 2025/07/10 v3.21 biblatex citation style (PK/MW)
\c@cbx@tempcnta=\count577
\c@cbx@tempcntb=\count578
\c@cbx@tempcntc=\count579
\c@cbx@tempcntd=\count580
Package biblatex Info: Redefining '\cite'.
Package biblatex Info: Redefining '\parencite'.
Package biblatex Info: Redefining '\footcite'.
Package biblatex Info: Redefining '\footcitetext'.
Package biblatex Info: Redefining '\smartcite'.
Package biblatex Info: Redefining '\supercite'.
Package biblatex Info: Redefining '\textcite'.
Package biblatex Info: Redefining '\textcites'.
Package biblatex Info: Redefining '\cites'.
Package biblatex Info: Redefining '\parencites'.
Package biblatex Info: Redefining '\smartcites'.
)
\c@gbrefcompress=\count581
Package biblatex Info: Redefining '\cite'.
Package biblatex Info: Redefining '\parencite'.
Package biblatex Info: Redefining '\cbx@textcite'.


Package biblatex Warning: Redefining '\citet'.


Package biblatex Warning: Redefining '\citep'.

)
Package biblatex Info: Trying to load configuration file...
Package biblatex Info: ... file 'biblatex.cfg' found.
 (c:/texlive/2026/texmf-dist/tex/latex/biblatex/biblatex.cfg
File: biblatex.cfg 
)
Package biblatex Info: XeTeX detected.
(biblatex)             Assuming input encoding 'utf8'.
Package biblatex Info: Document encoding is UTF8 ....
Package biblatex Info: ... and expl3
(biblatex)             2026-01-19 L3 programming layer (loader) 
(biblatex)             is new enough (at least 2020/04/06),
(biblatex)             setting 'casechanger=expl3'.

(c:/texlive/2026/texmf-dist/tex/latex/biblatex/blx-case-expl3.sty
Package: blx-case-expl3 2025/07/10 v3.21 expl3 case changing code for biblatex
))

Package fontspec Info: 
(fontspec)             Font family 'XITS(0)' created for font 'XITS' with
(fontspec)             options
(fontspec)             [Ligatures=TeX,Extension=.otf,UprightFont=*-Regular,Bold
Font=*-Bold,ItalicFont=*-Italic,BoldItalicFont=*-BoldItalic].
(fontspec)              
(fontspec)              This font family consists of the following NFSS
(fontspec)             series/shapes:
(fontspec)              
(fontspec)             - 'normal' (m/n) with NFSS spec.:
(fontspec)             <->"[XITS-Regular.otf]/OT:script=latn;language=dflt;mapp
ing=tex-text;"
(fontspec)             - 'small caps'  (m/sc) with NFSS spec.:
(fontspec)             <->"[XITS-Regular.otf]/OT:script=latn;language=dflt;+smc
p;mapping=tex-text;"
(fontspec)             - 'bold' (b/n) with NFSS spec.:
(fontspec)             <->"[XITS-Bold.otf]/OT:script=latn;language=dflt;mapping
=tex-text;"
(fontspec)             - 'italic' (m/it) with NFSS spec.:
(fontspec)             <->"[XITS-Italic.otf]/OT:script=latn;language=dflt;mappi
ng=tex-text;"
(fontspec)             - 'bold italic' (b/it) with NFSS spec.:
(fontspec)             <->"[XITS-BoldItalic.otf]/OT:script=latn;language=dflt;m
apping=tex-text;"


Package fontspec Info: 
(fontspec)             Font family 'XITS(1)' created for font 'XITS' with
(fontspec)             options
(fontspec)             [Extension=.otf,UprightFont=*-Regular,BoldFont=*-Bold,It
alicFont=*-Italic,BoldItalicFont=*-BoldItalic].
(fontspec)              
(fontspec)              This font family consists of the following NFSS
(fontspec)             series/shapes:
(fontspec)              
(fontspec)             - 'normal' (m/n) with NFSS spec.:
(fontspec)             <->"[XITS-Regular.otf]/OT:script=latn;language=dflt;"
(fontspec)             - 'small caps'  (m/sc) with NFSS spec.:
(fontspec)             <->"[XITS-Regular.otf]/OT:script=latn;language=dflt;+smc
p;"
(fontspec)             - 'bold' (b/n) with NFSS spec.:
(fontspec)             <->"[XITS-Bold.otf]/OT:script=latn;language=dflt;"
(fontspec)             - 'italic' (m/it) with NFSS spec.:
(fontspec)             <->"[XITS-Italic.otf]/OT:script=latn;language=dflt;"
(fontspec)             - 'bold italic' (b/it) with NFSS spec.:
(fontspec)             <->"[XITS-BoldItalic.otf]/OT:script=latn;language=dflt;"


LaTeX Font Info:    Overwriting math alphabet `\mathrm' in version `normal'
(Font)                  OT1/cmr/m/n --> TU/XITS(1)/m/n on input line 152.
LaTeX Font Info:    Overwriting math alphabet `\mathit' in version `normal'
(Font)                  OT1/cmr/m/it --> TU/XITS(1)/m/it on input line 152.
LaTeX Font Info:    Overwriting math alphabet `\mathbf' in version `normal'
(Font)                  OT1/cmr/bx/n --> TU/XITS(1)/b/n on input line 152.

Package fontspec Info: 
(fontspec)             Font family 'texgyreheros(0)' created for font
(fontspec)             'texgyreheros' with options
(fontspec)             [Ligatures=TeX,Extension=.otf,UprightFont=*-regular,Bold
Font=*-bold,ItalicFont=*-italic,BoldItalicFont=*-bolditalic].
(fontspec)              
(fontspec)              This font family consists of the following NFSS
(fontspec)             series/shapes:
(fontspec)              
(fontspec)             - 'normal' (m/n) with NFSS spec.:
(fontspec)             <->"[texgyreheros-regular.otf]/OT:script=latn;language=d
flt;mapping=tex-text;"
(fontspec)             - 'small caps'  (m/sc) with NFSS spec.:
(fontspec)             <->"[texgyreheros-regular.otf]/OT:script=latn;language=d
flt;+smcp;mapping=tex-text;"
(fontspec)             - 'bold' (b/n) with NFSS spec.:
(fontspec)             <->"[texgyreheros-bold.otf]/OT:script=latn;language=dflt
;mapping=tex-text;"
(fontspec)             - 'bold small caps'  (b/sc) with NFSS spec.:
(fontspec)             <->"[texgyreheros-bold.otf]/OT:script=latn;language=dflt
;+smcp;mapping=tex-text;"
(fontspec)             - 'italic' (m/it) with NFSS spec.:
(fontspec)             <->"[texgyreheros-italic.otf]/OT:script=latn;language=df
lt;mapping=tex-text;"
(fontspec)             - 'italic small caps'  (m/scit) with NFSS spec.:
(fontspec)             <->"[texgyreheros-italic.otf]/OT:script=latn;language=df
lt;+smcp;mapping=tex-text;"
(fontspec)             - 'bold italic' (b/it) with NFSS spec.:
(fontspec)             <->"[texgyreheros-bolditalic.otf]/OT:script=latn;languag
e=dflt;mapping=tex-text;"
(fontspec)             - 'bold italic small caps'  (b/scit) with NFSS spec.:
(fontspec)             <->"[texgyreheros-bolditalic.otf]/OT:script=latn;languag
e=dflt;+smcp;mapping=tex-text;"


Package fontspec Info: 
(fontspec)             Font family 'texgyreheros(1)' created for font
(fontspec)             'texgyreheros' with options
(fontspec)             [Extension=.otf,UprightFont=*-regular,BoldFont=*-bold,It
alicFont=*-italic,BoldItalicFont=*-bolditalic].
(fontspec)              
(fontspec)              This font family consists of the following NFSS
(fontspec)             series/shapes:
(fontspec)              
(fontspec)             - 'normal' (m/n) with NFSS spec.:
(fontspec)             <->"[texgyreheros-regular.otf]/OT:script=latn;language=d
flt;"
(fontspec)             - 'small caps'  (m/sc) with NFSS spec.:
(fontspec)             <->"[texgyreheros-regular.otf]/OT:script=latn;language=d
flt;+smcp;"
(fontspec)             - 'bold' (b/n) with NFSS spec.:
(fontspec)             <->"[texgyreheros-bold.otf]/OT:script=latn;language=dflt
;"
(fontspec)             - 'bold small caps'  (b/sc) with NFSS spec.:
(fontspec)             <->"[texgyreheros-bold.otf]/OT:script=latn;language=dflt
;+smcp;"
(fontspec)             - 'italic' (m/it) with NFSS spec.:
(fontspec)             <->"[texgyreheros-italic.otf]/OT:script=latn;language=df
lt;"
(fontspec)             - 'italic small caps'  (m/scit) with NFSS spec.:
(fontspec)             <->"[texgyreheros-italic.otf]/OT:script=latn;language=df
lt;+smcp;"
(fontspec)             - 'bold italic' (b/it) with NFSS spec.:
(fontspec)             <->"[texgyreheros-bolditalic.otf]/OT:script=latn;languag
e=dflt;"
(fontspec)             - 'bold italic small caps'  (b/scit) with NFSS spec.:
(fontspec)             <->"[texgyreheros-bolditalic.otf]/OT:script=latn;languag
e=dflt;+smcp;"

LaTeX Font Info:    Overwriting math alphabet `\mathsf' in version `normal'
(Font)                  OT1/cmss/m/n --> TU/texgyreheros(1)/m/n on input line 1
52.
LaTeX Font Info:    Overwriting math alphabet `\mathsf' in version `bold'
(Font)                  OT1/cmss/bx/n --> TU/texgyreheros(1)/b/n on input line 
152.

Package fontspec Info: 
(fontspec)             Font family 'texgyrecursor(0)' created for font
(fontspec)             'texgyrecursor' with options
(fontspec)             [WordSpace={1,0,0},HyphenChar=None,PunctuationSpace=Word
Space,Extension=.otf,UprightFont=*-regular,BoldFont=*-bold,ItalicFont=*-italic,
BoldItalicFont=*-bolditalic,Ligatures=CommonOff].
(fontspec)              
(fontspec)              This font family consists of the following NFSS
(fontspec)             series/shapes:
(fontspec)              
(fontspec)             - 'normal' (m/n) with NFSS spec.:
(fontspec)             <->"[texgyrecursor-regular.otf]/OT:script=latn;language=
dflt;-liga;"
(fontspec)             - 'small caps'  (m/sc) with NFSS spec.:
(fontspec)             <->"[texgyrecursor-regular.otf]/OT:script=latn;language=
dflt;-liga;+smcp;"
(fontspec)             and font adjustment code:
(fontspec)             \fontdimen 2\font =1\fontdimen 2\font \fontdimen 3\font
(fontspec)             =0\fontdimen 3\font \fontdimen 4\font =0\fontdimen
(fontspec)             4\font \fontdimen 7\font =0\fontdimen 2\font
(fontspec)             \tex_hyphenchar:D \font =-1\scan_stop: 
(fontspec)             - 'bold' (b/n) with NFSS spec.:
(fontspec)             <->"[texgyrecursor-bold.otf]/OT:script=latn;language=dfl
t;-liga;"
(fontspec)             - 'bold small caps'  (b/sc) with NFSS spec.:
(fontspec)             <->"[texgyrecursor-bold.otf]/OT:script=latn;language=dfl
t;-liga;+smcp;"
(fontspec)             and font adjustment code:
(fontspec)             \fontdimen 2\font =1\fontdimen 2\font \fontdimen 3\font
(fontspec)             =0\fontdimen 3\font \fontdimen 4\font =0\fontdimen
(fontspec)             4\font \fontdimen 7\font =0\fontdimen 2\font
(fontspec)             \tex_hyphenchar:D \font =-1\scan_stop: 
(fontspec)             - 'italic' (m/it) with NFSS spec.:
(fontspec)             <->"[texgyrecursor-italic.otf]/OT:script=latn;language=d
flt;-liga;"
(fontspec)             - 'italic small caps'  (m/scit) with NFSS spec.:
(fontspec)             <->"[texgyrecursor-italic.otf]/OT:script=latn;language=d
flt;-liga;+smcp;"
(fontspec)             and font adjustment code:
(fontspec)             \fontdimen 2\font =1\fontdimen 2\font \fontdimen 3\font
(fontspec)             =0\fontdimen 3\font \fontdimen 4\font =0\fontdimen
(fontspec)             4\font \fontdimen 7\font =0\fontdimen 2\font
(fontspec)             \tex_hyphenchar:D \font =-1\scan_stop: 
(fontspec)             - 'bold italic' (b/it) with NFSS spec.:
(fontspec)             <->"[texgyrecursor-bolditalic.otf]/OT:script=latn;langua
ge=dflt;-liga;"
(fontspec)             - 'bold italic small caps'  (b/scit) with NFSS spec.:
(fontspec)             <->"[texgyrecursor-bolditalic.otf]/OT:script=latn;langua
ge=dflt;-liga;+smcp;"
(fontspec)             and font adjustment code:
(fontspec)             \fontdimen 2\font =1\fontdimen 2\font \fontdimen 3\font
(fontspec)             =0\fontdimen 3\font \fontdimen 4\font =0\fontdimen
(fontspec)             4\font \fontdimen 7\font =0\fontdimen 2\font
(fontspec)             \tex_hyphenchar:D \font =-1\scan_stop: 


Package fontspec Info: 
(fontspec)             Font family 'texgyrecursor(1)' created for font
(fontspec)             'texgyrecursor' with options
(fontspec)             [Extension=.otf,UprightFont=*-regular,BoldFont=*-bold,It
alicFont=*-italic,BoldItalicFont=*-bolditalic,Ligatures=CommonOff].
(fontspec)              
(fontspec)              This font family consists of the following NFSS
(fontspec)             series/shapes:
(fontspec)              
(fontspec)             - 'normal' (m/n) with NFSS spec.:
(fontspec)             <->"[texgyrecursor-regular.otf]/OT:script=latn;language=
dflt;-liga;"
(fontspec)             - 'small caps'  (m/sc) with NFSS spec.:
(fontspec)             <->"[texgyrecursor-regular.otf]/OT:script=latn;language=
dflt;-liga;+smcp;"
(fontspec)             - 'bold' (b/n) with NFSS spec.:
(fontspec)             <->"[texgyrecursor-bold.otf]/OT:script=latn;language=dfl
t;-liga;"
(fontspec)             - 'bold small caps'  (b/sc) with NFSS spec.:
(fontspec)             <->"[texgyrecursor-bold.otf]/OT:script=latn;language=dfl
t;-liga;+smcp;"
(fontspec)             - 'italic' (m/it) with NFSS spec.:
(fontspec)             <->"[texgyrecursor-italic.otf]/OT:script=latn;language=d
flt;-liga;"
(fontspec)             - 'italic small caps'  (m/scit) with NFSS spec.:
(fontspec)             <->"[texgyrecursor-italic.otf]/OT:script=latn;language=d
flt;-liga;+smcp;"
(fontspec)             - 'bold italic' (b/it) with NFSS spec.:
(fontspec)             <->"[texgyrecursor-bolditalic.otf]/OT:script=latn;langua
ge=dflt;-liga;"
(fontspec)             - 'bold italic small caps'  (b/scit) with NFSS spec.:
(fontspec)             <->"[texgyrecursor-bolditalic.otf]/OT:script=latn;langua
ge=dflt;-liga;+smcp;"

LaTeX Font Info:    Overwriting math alphabet `\mathtt' in version `normal'
(Font)                  OT1/cmtt/m/n --> TU/texgyrecursor(1)/m/n on input line 
152.
LaTeX Font Info:    Overwriting math alphabet `\mathtt' in version `bold'
(Font)                  OT1/cmtt/m/n --> TU/texgyrecursor(1)/b/n on input line 
152.

Package fontspec Info: 
(fontspec)             Font family 'XITSMath-Regular.otf(0)' created for font
(fontspec)             'XITSMath-Regular.otf' with options
(fontspec)             [BoldItalicFont={},ItalicFont={},SmallCapsFont={},Script
=Math,BoldFont={XITSMath-Bold.otf}].
(fontspec)              
(fontspec)              This font family consists of the following NFSS
(fontspec)             series/shapes:
(fontspec)              
(fontspec)             - 'normal' (m/n) with NFSS spec.:
(fontspec)             <->"[XITSMath-Regular.otf]/OT:script=math;language=dflt;
"
(fontspec)             - 'bold' (b/n) with NFSS spec.:
(fontspec)             <->"[XITSMath-Bold.otf]/OT:script=math;language=dflt;"


Package fontspec Info: 
(fontspec)             Font family 'XITSMath-Regular.otf(1)' created for font
(fontspec)             'XITSMath-Regular.otf' with options
(fontspec)             [BoldItalicFont={},ItalicFont={},SmallCapsFont={},Script
=Math,SizeFeatures={{Size=10.539375-},{Size=8.130375-10.539375,Font=XITSMath-Re
gular.otf,Style=MathScript},{Size=-8.130375,Font=XITSMath-Regular.otf,Style=Mat
hScriptScript}},BoldFont={XITSMath-Bold.otf}].
(fontspec)              
(fontspec)              This font family consists of the following NFSS
(fontspec)             series/shapes:
(fontspec)              
(fontspec)             - 'normal' (m/n) with NFSS spec.:
(fontspec)             <10.539375->"[XITSMath-Regular.otf]/OT:script=math;langu
age=dflt;"<8.130375-10.539375>"[XITSMath-Regular.otf]/OT:script=math;language=d
flt;+ssty=0;"<-8.130375>"[XITSMath-Regular.otf]/OT:script=math;language=dflt;+s
sty=1;"
(fontspec)             - 'bold' (b/n) with NFSS spec.:
(fontspec)             <->"[XITSMath-Bold.otf]/OT:script=math;language=dflt;"

LaTeX Font Info:    Encoding `OT1' has changed to `TU' for symbol font
(Font)              `operators' in the math version `normal' on input line 152.

LaTeX Font Info:    Overwriting symbol font `operators' in version `normal'
(Font)                  OT1/cmr/m/n --> TU/XITSMath-Regular.otf(1)/m/n on input
 line 152.
LaTeX Font Info:    Encoding `OT1' has changed to `TU' for symbol font
(Font)              `operators' in the math version `bold' on input line 152.
LaTeX Font Info:    Overwriting symbol font `operators' in version `bold'
(Font)                  OT1/cmr/bx/n --> TU/XITSMath-Regular.otf(1)/b/n on inpu
t line 152.

Package fontspec Info: 
(fontspec)             XITSMath-Regular scale = 1.0001.


Package fontspec Info: 
(fontspec)             XITSMath-Regular scale = 1.0001.


Package fontspec Info: 
(fontspec)             XITSMath-Regular scale = 1.0001.


Package fontspec Info: 
(fontspec)             XITSMath-Regular scale = 1.0001.


Package fontspec Info: 
(fontspec)             XITSMath-Bold scale = 1.0001.


Package fontspec Info: 
(fontspec)             Font family 'XITSMath-Regular.otf(2)' created for font
(fontspec)             'XITSMath-Regular.otf' with options
(fontspec)             [BoldItalicFont={},ItalicFont={},SmallCapsFont={},Script
=Math,SizeFeatures={{Size=10.539375-},{Size=8.130375-10.539375,Font=XITSMath-Re
gular.otf,Style=MathScript},{Size=-8.130375,Font=XITSMath-Regular.otf,Style=Mat
hScriptScript}},BoldFont={XITSMath-Bold.otf},ScaleAgain=1.0001,FontAdjustment={
\fontdimen
(fontspec)             8\font =6.9861pt\relax \fontdimen 9\font
(fontspec)             =5.7816pt\relax \fontdimen 10\font =5.7816pt\relax
(fontspec)             \fontdimen 11\font =8.4315pt\relax \fontdimen 12\font
(fontspec)             =5.7816pt\relax \fontdimen 13\font =4.818pt\relax
(fontspec)             \fontdimen 14\font =4.818pt\relax \fontdimen 15\font
(fontspec)             =3.31238pt\relax \fontdimen 16\font =3.01125pt\relax
(fontspec)             \fontdimen 17\font =3.01125pt\relax \fontdimen 18\font
(fontspec)             =4.51688pt\relax \fontdimen 19\font =0.60225pt\relax
(fontspec)             \fontdimen 22\font =3.01125pt\relax \fontdimen 20\font
(fontspec)             =0pt\relax \fontdimen 21\font =0pt\relax }].
(fontspec)              
(fontspec)              This font family consists of the following NFSS
(fontspec)             series/shapes:
(fontspec)              
(fontspec)             - 'normal' (m/n) with NFSS spec.:
(fontspec)             <10.539375->s*[1.0001]"[XITSMath-Regular.otf]/OT:script=
math;language=dflt;"<8.130375-10.539375>s*[1.0001]"[XITSMath-Regular.otf]/OT:sc
ript=math;language=dflt;+ssty=0;"<-8.130375>s*[1.0001]"[XITSMath-Regular.otf]/O
T:script=math;language=dflt;+ssty=1;"
(fontspec)             - 'bold' (b/n) with NFSS spec.:
(fontspec)             <->s*[1.0001]"[XITSMath-Bold.otf]/OT:script=math;languag
e=dflt;"

LaTeX Font Info:    Encoding `OMS' has changed to `TU' for symbol font
(Font)              `symbols' in the math version `normal' on input line 152.
LaTeX Font Info:    Overwriting symbol font `symbols' in version `normal'
(Font)                  OMS/cmsy/m/n --> TU/XITSMath-Regular.otf(2)/m/n on inpu
t line 152.
LaTeX Font Info:    Encoding `OMS' has changed to `TU' for symbol font
(Font)              `symbols' in the math version `bold' on input line 152.
LaTeX Font Info:    Overwriting symbol font `symbols' in version `bold'
(Font)                  OMS/cmsy/b/n --> TU/XITSMath-Regular.otf(2)/b/n on inpu
t line 152.

Package fontspec Info: 
(fontspec)             XITSMath-Regular scale = 0.9999.


Package fontspec Info: 
(fontspec)             XITSMath-Regular scale = 0.9999.


Package fontspec Info: 
(fontspec)             XITSMath-Regular scale = 0.9999.


Package fontspec Info: 
(fontspec)             XITSMath-Regular scale = 0.9999.


Package fontspec Info: 
(fontspec)             XITSMath-Bold scale = 0.9999.


Package fontspec Info: 
(fontspec)             Font family 'XITSMath-Regular.otf(3)' created for font
(fontspec)             'XITSMath-Regular.otf' with options
(fontspec)             [BoldItalicFont={},ItalicFont={},SmallCapsFont={},Script
=Math,SizeFeatures={{Size=10.539375-},{Size=8.130375-10.539375,Font=XITSMath-Re
gular.otf,Style=MathScript},{Size=-8.130375,Font=XITSMath-Regular.otf,Style=Mat
hScriptScript}},BoldFont={XITSMath-Bold.otf},ScaleAgain=0.9999,FontAdjustment={
\fontdimen
(fontspec)             8\font =0.79497pt\relax \fontdimen 9\font
(fontspec)             =1.80675pt\relax \fontdimen 10\font =1.80675pt\relax
(fontspec)             \fontdimen 11\font =3.6135pt\relax \fontdimen 12\font
(fontspec)             =7.227pt\relax \fontdimen 13\font =0pt\relax }].
(fontspec)              
(fontspec)              This font family consists of the following NFSS
(fontspec)             series/shapes:
(fontspec)              
(fontspec)             - 'normal' (m/n) with NFSS spec.:
(fontspec)             <10.539375->s*[0.9999]"[XITSMath-Regular.otf]/OT:script=
math;language=dflt;"<8.130375-10.539375>s*[0.9999]"[XITSMath-Regular.otf]/OT:sc
ript=math;language=dflt;+ssty=0;"<-8.130375>s*[0.9999]"[XITSMath-Regular.otf]/O
T:script=math;language=dflt;+ssty=1;"
(fontspec)             - 'bold' (b/n) with NFSS spec.:
(fontspec)             <->s*[0.9999]"[XITSMath-Bold.otf]/OT:script=math;languag
e=dflt;"

LaTeX Font Info:    Encoding `OMX' has changed to `TU' for symbol font
(Font)              `largesymbols' in the math version `normal' on input line 1
52.
LaTeX Font Info:    Overwriting symbol font `largesymbols' in version `normal'
(Font)                  OMX/cmex/m/n --> TU/XITSMath-Regular.otf(3)/m/n on inpu
t line 152.
LaTeX Font Info:    Encoding `OMX' has changed to `TU' for symbol font
(Font)              `largesymbols' in the math version `bold' on input line 152
.
LaTeX Font Info:    Overwriting symbol font `largesymbols' in version `bold'
(Font)                  OMX/cmex/m/n --> TU/XITSMath-Regular.otf(3)/b/n on inpu
t line 152.

Package fontspec Info: 
(fontspec)             Font family 'XITSMath-Regular.otf(4)' created for font
(fontspec)             'XITSMath-Regular.otf' with options
(fontspec)             [BoldItalicFont={},ItalicFont={},SmallCapsFont={},Script
=Math,SizeFeatures={{Size=10.539375-},{Size=8.130375-10.539375,Font=XITSMath-Re
gular.otf,Style=MathScript},{Size=-8.130375,Font=XITSMath-Regular.otf,Style=Mat
hScriptScript}},BoldFont={XITSMath-Bold.otf},StylisticSet={1}].
(fontspec)              
(fontspec)              This font family consists of the following NFSS
(fontspec)             series/shapes:
(fontspec)              
(fontspec)             - 'normal' (m/n) with NFSS spec.:
(fontspec)             <10.539375->"[XITSMath-Regular.otf]/OT:script=math;langu
age=dflt;+ss01;"<8.130375-10.539375>"[XITSMath-Regular.otf]/OT:script=math;lang
uage=dflt;+ss01;+ssty=0;"<-8.130375>"[XITSMath-Regular.otf]/OT:script=math;lang
uage=dflt;+ss01;+ssty=1;"
(fontspec)             - 'bold' (b/n) with NFSS spec.:
(fontspec)             <->"[XITSMath-Bold.otf]/OT:script=math;language=dflt;+ss
01;"

\sym__um_fam1=\mathgroup4
LaTeX Font Info:    Overwriting symbol font `__um_fam1' in version `normal'
(Font)                  TU/XITSMath-Regular.otf(4)/m/n --> TU/XITSMath-Regular.
otf(4)/m/n on input line 152.
LaTeX Font Info:    Overwriting symbol font `__um_fam1' in version `bold'
(Font)                  TU/XITSMath-Regular.otf(4)/m/n --> TU/XITSMath-Regular.
otf(4)/b/n on input line 152.

Package fontspec Info: 
(fontspec)             Could not resolve font "FandolKai/BI" (it probably
(fontspec)             doesn't exist).


Package fontspec Info: 
(fontspec)             Could not resolve font "FandolKai/B" (it probably
(fontspec)             doesn't exist).


Package fontspec Info: 
(fontspec)             Could not resolve font "FandolKai/I" (it probably
(fontspec)             doesn't exist).


Package fontspec Info: 
(fontspec)             Font family 'FandolKai(0)' created for font 'FandolKai'
(fontspec)             with options [].
(fontspec)              
(fontspec)              This font family consists of the following NFSS
(fontspec)             series/shapes:
(fontspec)              
(fontspec)             - 'normal' (m/n) with NFSS spec.:
(fontspec)             <->"FandolKai/OT:language=dflt;"

Package thmtools Info: Key `numberwithin' (with value `chapter')
(thmtools)             is not a known style key.
(thmtools)             Will pass this to every \declaretheorem
(thmtools)             that uses `style=gdut-no-number' on input line 152.
Package thmtools Info: Key `qed' (with value `\l__gdut_thm_qed_tl ')
(thmtools)             is not a known style key.
(thmtools)             Will pass this to every \declaretheorem
(thmtools)             that uses `style=gdut-no-number' on input line 152.
Package thmtools Info: Key `numbered' (with value `no')
(thmtools)             is not a known style key.
(thmtools)             Will pass this to every \declaretheorem
(thmtools)             that uses `style=gdut-no-number' on input line 152.
Package thmtools Info: Key `numberwithin' (with value `chapter')
(thmtools)             is not a known style key.
(thmtools)             Will pass this to every \declaretheorem
(thmtools)             that uses `style=gdut-number' on input line 152.
Package thmtools Info: Key `qed' (with value `')
(thmtools)             is not a known style key.
(thmtools)             Will pass this to every \declaretheorem
(thmtools)             that uses `style=gdut-number' on input line 152.
\c@assertion=\count582
\c@assumption=\count583
\c@axiom=\count584
\c@corollary=\count585
\c@definition=\count586
\c@example=\count587
\c@lemma=\count588
\c@proposition=\count589
\c@theorem=\count590

(c:/texlive/2026/texmf-dist/tex/latex/hyperref/hyperref.sty
Package: hyperref 2026-01-29 v7.01p Hypertext links for LaTeX

(c:/texlive/2026/texmf-dist/tex/generic/kvdefinekeys/kvdefinekeys.sty
Package: kvdefinekeys 2019-12-19 v1.6 Define keys (HO)
)
(c:/texlive/2026/texmf-dist/tex/generic/pdfescape/pdfescape.sty
Package: pdfescape 2019/12/09 v1.15 Implements pdfTeX's escape features (HO)
)
(c:/texlive/2026/texmf-dist/tex/latex/hycolor/hycolor.sty
Package: hycolor 2020-01-27 v1.10 Color options for hyperref/bookmark (HO)
)
(c:/texlive/2026/texmf-dist/tex/latex/hyperref/nameref.sty
Package: nameref 2026-01-29 v2.58 Cross-referencing by name of section

(c:/texlive/2026/texmf-dist/tex/latex/refcount/refcount.sty
Package: refcount 2019/12/15 v3.6 Data extraction from label references (HO)
)
(c:/texlive/2026/texmf-dist/tex/generic/gettitlestring/gettitlestring.sty
Package: gettitlestring 2019/12/15 v1.6 Cleanup title references (HO)
)
\c@section@level=\count591
)
(c:/texlive/2026/texmf-dist/tex/generic/stringenc/stringenc.sty
Package: stringenc 2019/11/29 v1.12 Convert strings between diff. encodings (HO
)
)
\@linkdim=\dimen372
\Hy@linkcounter=\count592
\Hy@pagecounter=\count593

(c:/texlive/2026/texmf-dist/tex/latex/hyperref/pd1enc.def
File: pd1enc.def 2026-01-29 v7.01p Hyperref: PDFDocEncoding definition (HO)
)
(c:/texlive/2026/texmf-dist/tex/generic/intcalc/intcalc.sty
Package: intcalc 2019/12/15 v1.3 Expandable calculations with integers (HO)
)
\Hy@SavedSpaceFactor=\count594

(c:/texlive/2026/texmf-dist/tex/latex/hyperref/puenc.def
File: puenc.def 2026-01-29 v7.01p Hyperref: PDF Unicode definition (HO)
)
Package hyperref Info: Option `unicode' set `true' on input line 4072.
Package hyperref Info: Hyper figures OFF on input line 4201.
Package hyperref Info: Link nesting OFF on input line 4206.
Package hyperref Info: Hyper index ON on input line 4209.
Package hyperref Info: Plain pages OFF on input line 4216.
Package hyperref Info: Backreferencing OFF on input line 4221.
Package hyperref Info: Implicit mode ON; LaTeX internals redefined.
Package hyperref Info: Bookmarks ON on input line 4468.
\c@Hy@tempcnt=\count595
LaTeX Info: Redefining \url on input line 4807.
\XeTeXLinkMargin=\dimen373

(c:/texlive/2026/texmf-dist/tex/generic/bitset/bitset.sty
Package: bitset 2019/12/09 v1.3 Handle bit-vector datatype (HO)

(c:/texlive/2026/texmf-dist/tex/generic/bigintcalc/bigintcalc.sty
Package: bigintcalc 2019/12/15 v1.5 Expandable calculations on big integers (HO
)
))
\Fld@menulength=\count596
\Field@Width=\dimen374
\Fld@charsize=\dimen375
Package hyperref Info: Hyper figures OFF on input line 6084.
Package hyperref Info: Link nesting OFF on input line 6089.
Package hyperref Info: Hyper index ON on input line 6092.
Package hyperref Info: backreferencing OFF on input line 6099.
Package hyperref Info: Link coloring OFF on input line 6104.
Package hyperref Info: Link coloring with OCG OFF on input line 6109.
Package hyperref Info: PDF/A mode OFF on input line 6114.
\Hy@abspage=\count597
\c@Item=\count598
\c@Hfootnote=\count599
)
Package hyperref Info: Driver (autodetected): hxetex.

(c:/texlive/2026/texmf-dist/tex/latex/hyperref/hxetex.def
File: hxetex.def 2026-01-29 v7.01p Hyperref driver for XeTeX
\pdfm@box=\box105
\c@Hy@AnnotLevel=\count600
\HyField@AnnotCount=\count601
\Fld@listcount=\count602
\c@bookmark@seq@number=\count603

(c:/texlive/2026/texmf-dist/tex/latex/rerunfilecheck/rerunfilecheck.sty
Package: rerunfilecheck 2025-06-21 v1.11 Rerun checks for auxiliary files (HO)

(c:/texlive/2026/texmf-dist/tex/generic/uniquecounter/uniquecounter.sty
Package: uniquecounter 2019/12/15 v1.4 Provide unlimited unique counter (HO)
)
Package uniquecounter Info: New unique counter `rerunfilecheck' on input line 2
84.
)
\Hy@SectionHShift=\skip190
)
Package hyperref Info: Option `bookmarksnumbered' set `true' on input line 152.

Package hyperref Info: Option `psdextra' set `true' on input line 152.

(c:/texlive/2026/texmf-dist/tex/latex/hyperref/psdextra.def
File: psdextra.def 2026-01-29 v7.01p Hyperref: Additions to PDF string support
)
Package hyperref Info: Option `unicode' set `true' on input line 152.
Package hyperref Info: Option `colorlinks' set `true' on input line 152.

(c:/texlive/2026/texmf-dist/tex/latex/glossaries/base/glossaries.sty
Package: glossaries 2026/03/06 v5.0 (NLCT)

(c:/texlive/2026/texmf-dist/tex/latex/mfirstuc/mfirstuc.sty
Package: mfirstuc 2025/04/03 v2.09 (NLCT)
\@glsmfirst=\toks68
\@glsmrest=\toks69
)
(c:/texlive/2026/texmf-dist/tex/latex/xfor/xfor.sty
Package: xfor 2009/02/05 v1.05 (NLCT)
)
(c:/texlive/2026/texmf-dist/tex/latex/tracklang/tracklang.sty
Package: tracklang 2025/03/11 v1.6.6 (NLCT) Track Languages

(c:/texlive/2026/texmf-dist/tex/generic/tracklang/tracklang.tex)
Package tracklang Info: Tracking dialect `english' (language `english') on inpu
t line 264.
)
(c:/texlive/2026/texmf-dist/tex/latex/glossaries-english/glossaries-english.ldf
File: glossaries-english.ldf 2014/11/23 v1.0
) (c:/texlive/2026/texmf-dist/tex/latex/datatool/datatool-base.sty
Package: datatool-base 2025/12/04 v3.4.3 (NLCT)
\l__datatool_tmpa_int=\count604
\l__datatool_tmpb_int=\count605
\l__datatool_tmpc_int=\count606
\l__datatool_tmpd_int=\count607
\l__datatool_count_int=\count608
\l__datatool_tmp_datatype_int=\count609
\l__datatool_tmpa_dim=\dimen376
\l__datatool_tmpb_dim=\dimen377

(c:/texlive/2026/texmf-dist/tex/latex/datatool/datatool-l3fp.def
File: datatool-l3fp.def 2025/12/04 v3.4.3 (NLCT)
)
\@dtl@toks=\toks70
\@dtl@tmpcount=\count610
\dtl@tmplength=\skip191
\l__datatool_measure_box=\box106
\dtl@sortresult=\count611

(c:/texlive/2026/texmf-dist/tex/latex/datatool/datatool-utf8.ldf
File: datatool-utf8.ldf 2025/12/04 v3.4.3 (NLCT)
)
\@dtl@datatype=\count612
\c_datatool_unknown_int=\count613
\l__datatool_year_int=\count614
\l__datatool_month_int=\count615
\l__datatool_day_int=\count616
\l__datatool_hour_int=\count617
\l__datatool_minute_int=\count618
\l__datatool_second_int=\count619
\l__datatool_tzhour_int=\count620
\l__datatool_tzminute_int=\count621
\l__datatool_julian_int=\count622
\l__datatool_local_julian_int=\count623
\l__datatool_prefix_int=\count624
\l__datatool_suffix_int=\count625
\@dtl@foreach@level=\count626

(c:/texlive/2026/texmf-dist/tex/latex/datatool-english/datatool-english.ldf
File: datatool-english.ldf 2025/03/12 v1.1 (NLCT)

(c:/texlive/2026/texmf-dist/tex/latex/datatool-english/datatool-english-utf8.ld
f
File: datatool-english-utf8.ldf 2025/03/12 v1.1 (NLCT)
))
\dtl@codeA=\count627
\dtl@codeB=\count628
)
\gls@level=\count629
\@gls@tmpb=\toks71
\gls@tmplen=\skip192
\l__glossaries_tmpa_dim=\dimen378
\l__glossaries_tmpb_dim=\dimen379
\glskeylisttok=\toks72
\glslabeltok=\toks73
\glsshorttok=\toks74
\glslongtok=\toks75

(c:/texlive/2026/texmf-dist/tex/latex/glossaries/styles/glossary-hypernav.sty
Package: glossary-hypernav 2026/03/06 v5.0 (NLCT)
)
(c:/texlive/2026/texmf-dist/tex/latex/glossaries/styles/glossary-list.sty
Package: glossary-list 2026/03/06 v5.0 (NLCT)
\glslistdottedwidth=\skip193
)
(c:/texlive/2026/texmf-dist/tex/latex/glossaries/styles/glossary-long.sty
Package: glossary-long 2026/03/06 v5.0 (NLCT)
\glsdescwidth=\skip194
\glspagelistwidth=\skip195
)
(c:/texlive/2026/texmf-dist/tex/latex/glossaries/styles/glossary-super.sty
Package: glossary-super 2026/03/06 v5.0 (NLCT)

(c:/texlive/2026/texmf-dist/tex/latex/supertabular/supertabular.sty
Package: supertabular 2025/06/26 v4.2d the supertabular environment
\c@tracingst=\count630
\ST@wd=\dimen380
\ST@rightskip=\skip196
\ST@leftskip=\skip197
\ST@parfillskip=\skip198
\ST@pageleft=\dimen381
\ST@headht=\dimen382
\ST@tailht=\dimen383
\ST@pagesofar=\dimen384
\ST@pboxht=\dimen385
\ST@rowht=\dimen386
\ST@prevht=\dimen387
\ST@toadd=\dimen388
\ST@dimen=\dimen389
\ST@pbox=\box107
))
(c:/texlive/2026/texmf-dist/tex/latex/glossaries/styles/glossary-tree.sty
Package: glossary-tree 2026/03/06 v5.0 (NLCT)
\l__glossaries_tree_max_known_level_int=\count631
\l__glossaries_tree_offset_dim=\dimen390
\l__glossaries_tree_namewidth_dim=\dimen391
\l__glossaries_tree_symbolwidth_dim=\dimen392
\l__glossaries_tree_prenamesym_width_dim=\dimen393
\l__glossaries_tree_presubnamesym_width_dim=\dimen394
\l__glossaries_tree_namewidth_padding_dim=\dimen395
\l__glossaries_tree_symbolwidth_padding_dim=\dimen396
\l__glossaries_tree_namesymbolwidth_dim=\dimen397
\l__glossaries_tree_namesymbolwidth_padding_dim=\dimen398
\l__glossaries_tree_level_int=\count632
\glstreeindent=\skip199
))
(./data/glossaries.tex)
\@quotelevel=\count633
\@quotereset=\count634

Package fontspec Info: 
(fontspec)             Script 'CJK' not explicitly supported within font
(fontspec)             'FandolSong-Regular'. Check the typeset output, and if
(fontspec)             it is okay then ignore this warning. Otherwise a
(fontspec)             different font should be chosen.


Package fontspec Info: 
(fontspec)             Font family 'FandolSong(0)' created for font
(fontspec)             'FandolSong' with options
(fontspec)             [Script={CJK},Extension={.otf},UprightFont={*-Regular},B
oldItalicFont={*-Bold},BoldFont={*-Bold},ItalicFont={*-Regular}].
(fontspec)              
(fontspec)              This font family consists of the following NFSS
(fontspec)             series/shapes:
(fontspec)              
(fontspec)             - 'normal' (m/n) with NFSS spec.:
(fontspec)             <->"[FandolSong-Regular.otf]/OT:script=hani;language=dfl
t;"
(fontspec)             - 'bold' (b/n) with NFSS spec.:
(fontspec)             <->"[FandolSong-Bold.otf]/OT:script=hani;language=dflt;"

(fontspec)             - 'italic' (m/it) with NFSS spec.:
(fontspec)             <->"[FandolSong-Regular.otf]/OT:script=hani;language=dfl
t;"
(fontspec)             - 'bold italic' (b/it) with NFSS spec.:
(fontspec)             <->"[FandolSong-Bold.otf]/OT:script=hani;language=dflt;"


 (./main_review.aux)
\openout1 = `main_review.aux'.

LaTeX Font Info:    Checking defaults for OML/cmm/m/it on input line 152.
LaTeX Font Info:    ... okay on input line 152.
LaTeX Font Info:    Checking defaults for OMS/cmsy/m/n on input line 152.
LaTeX Font Info:    ... okay on input line 152.
LaTeX Font Info:    Checking defaults for OT1/cmr/m/n on input line 152.
LaTeX Font Info:    ... okay on input line 152.
LaTeX Font Info:    Checking defaults for T1/cmr/m/n on input line 152.
LaTeX Font Info:    ... okay on input line 152.
LaTeX Font Info:    Checking defaults for TS1/cmr/m/n on input line 152.
LaTeX Font Info:    ... okay on input line 152.
LaTeX Font Info:    Checking defaults for TU/lmr/m/n on input line 152.
LaTeX Font Info:    ... okay on input line 152.
LaTeX Font Info:    Checking defaults for OMX/cmex/m/n on input line 152.
LaTeX Font Info:    ... okay on input line 152.
LaTeX Font Info:    Checking defaults for U/cmr/m/n on input line 152.
LaTeX Font Info:    ... okay on input line 152.
LaTeX Font Info:    Checking defaults for PD1/pdf/m/n on input line 152.
LaTeX Font Info:    ... okay on input line 152.
LaTeX Font Info:    Checking defaults for PU/pdf/m/n on input line 152.
LaTeX Font Info:    ... okay on input line 152.

*geometry* driver: auto-detecting
*geometry* detected driver: xetex
*geometry* verbose mode - [ preamble ] result:
* driver: xetex
* paper: a4paper
* layout: <same size as paper>
* layoutoffset:(h,v)=(0.0pt,0.0pt)
* modes: twoside 
* h-part:(L,W,R)=(73.97733pt, 449.55322pt, 73.97733pt)
* v-part:(T,H,B)=(73.97733pt, 697.0922pt, 73.97733pt)
* \paperwidth=597.50787pt
* \paperheight=845.04684pt
* \textwidth=449.55322pt
* \textheight=697.0922pt
* \oddsidemargin=1.70734pt
* \evensidemargin=1.70734pt
* \topmargin=-32.0091pt
* \headheight=21.90874pt
* \headsep=11.8077pt
* \topskip=12.0pt
* \footskip=24.18501pt
* \marginparwidth=98.0pt
* \marginparsep=7.0pt
* \columnsep=10.0pt
* \skip\footins=10.8pt plus 4.0pt minus 2.0pt
* \hoffset=0.0pt
* \voffset=0.0pt
* \mag=1000
* \@twocolumnfalse
* \@twosidetrue
* \@mparswitchtrue
* \@reversemarginfalse
* (1in=72.27pt=25.4mm, 1cm=28.453pt)

(c:/texlive/2026/texmf-dist/tex/latex/pdflscape/pdflscape.sty
Package: pdflscape 2025-06-23 v0.14 Display of landscape pages in PDF

(c:/texlive/2026/texmf-dist/tex/latex/pdflscape/pdflscape-nometadata.sty
Package: pdflscape-nometadata 2025-06-23 v0.14 Display of landscape pages in PD
F (HO)

(c:/texlive/2026/texmf-dist/tex/latex/graphics/lscape.sty
Package: lscape 2020/05/28 v3.02 Landscape Pages (DPC)
)
Package pdflscape Info: Auto-detected driver: dvipdfm (xetex) on input line 98.

))
Package caption Info: Begin \AtBeginDocument code.
Package caption Info: subfig package v1.3 is loaded.
Package caption Info: float package is loaded.
Package caption Info: hyperref package is loaded.
Package caption Info: supertabular package is loaded.
Package caption Info: End \AtBeginDocument code.
Package bicaption Info: Main language is not set on input line 152.

(c:/texlive/2026/texmf-dist/tex/latex/siunitx/siunitx-abbreviations.cfg
File: siunitx-abbreviations.cfg 2021-04-17 v2.8e siunitx: Abbreviated units
)
(c:/texlive/2026/texmf-dist/tex/latex/translator/translator-basic-dictionary-En
glish.dict
Dictionary: translator-basic-dictionary, Language: English 
)
Package biblatex Info: Trying to load language 'english'...
Package biblatex Info: ... file 'english.lbx' found.
 (c:/texlive/2026/texmf-dist/tex/latex/biblatex/lbx/english.lbx
File: english.lbx 2025/07/10 v3.21 biblatex localization (PK/MW)
)
Package biblatex Info: XeTeX detected.
(biblatex)             Assuming input encoding 'utf8'.
Package biblatex Info: Automatic encoding selection.
(biblatex)             Assuming data encoding 'utf8'.
\openout4 = `main_review.bcf'.

Package biblatex Info: Trying to load bibliographic data...
Package biblatex Info: ... file 'main_review.bbl' found.

(./main_review.bbl)
Package biblatex Info: Reference section=0 on input line 152.
Package biblatex Info: Reference segment=0 on input line 152.
Package hyperref Info: Link coloring ON on input line 152.
 (./main_review.out) (./main_review.out)
\@outlinefile=\write5
\openout5 = `main_review.out'.

LaTeX Font Info:    Font shape `TU/XITSMath-Regular.otf(2)/m/n' will be
(Font)              scaled to size 12.04628pt on input line 152.
LaTeX Font Info:    Font shape `TU/XITSMath-Regular.otf(2)/m/n' will be
(Font)              scaled to size 9.03471pt on input line 152.
LaTeX Font Info:    Font shape `TU/XITSMath-Regular.otf(2)/m/n' will be
(Font)              scaled to size 7.22777pt on input line 152.
LaTeX Font Info:    Font shape `TU/XITSMath-Regular.otf(3)/m/n' will be
(Font)              scaled to size 12.0437pt on input line 152.
LaTeX Font Info:    Font shape `TU/XITSMath-Regular.otf(3)/m/n' will be
(Font)              scaled to size 9.03278pt on input line 152.
LaTeX Font Info:    Font shape `TU/XITSMath-Regular.otf(3)/m/n' will be
(Font)              scaled to size 7.22623pt on input line 152.

Package fontspec Info: 
(fontspec)             Script 'CJK' not explicitly supported within font
(fontspec)             'FandolHei-Regular'. Check the typeset output, and if
(fontspec)             it is okay then ignore this warning. Otherwise a
(fontspec)             different font should be chosen.


Package fontspec Info: 
(fontspec)             Font family 'FandolHei(0)' created for font 'FandolHei'
(fontspec)             with options
(fontspec)             [Script={CJK},Extension={.otf},UprightFont={*-Regular},B
oldItalicFont={*-Bold},BoldFont={*-Bold},ItalicFont={*-Regular}].
(fontspec)              
(fontspec)              This font family consists of the following NFSS
(fontspec)             series/shapes:
(fontspec)              
(fontspec)             - 'normal' (m/n) with NFSS spec.:
(fontspec)             <->"[FandolHei-Regular.otf]/OT:script=hani;language=dflt
;"
(fontspec)             - 'bold' (b/n) with NFSS spec.:
(fontspec)             <->"[FandolHei-Bold.otf]/OT:script=hani;language=dflt;"
(fontspec)             - 'italic' (m/it) with NFSS spec.:
(fontspec)             <->"[FandolHei-Regular.otf]/OT:script=hani;language=dflt
;"
(fontspec)             - 'bold italic' (b/it) with NFSS spec.:
(fontspec)             <->"[FandolHei-Bold.otf]/OT:script=hani;language=dflt;"

LaTeX Font Info:    Font shape `TU/XITSMath-Regular.otf(2)/m/n' will be
(Font)              scaled to size 14.05399pt on input line 152.
LaTeX Font Info:    Font shape `TU/XITSMath-Regular.otf(2)/m/n' will be
(Font)              scaled to size 10.54048pt on input line 152.
LaTeX Font Info:    Font shape `TU/XITSMath-Regular.otf(2)/m/n' will be
(Font)              scaled to size 7.52892pt on input line 152.
LaTeX Font Info:    Font shape `TU/XITSMath-Regular.otf(3)/m/n' will be
(Font)              scaled to size 14.05098pt on input line 152.
LaTeX Font Info:    Font shape `TU/XITSMath-Regular.otf(3)/m/n' will be
(Font)              scaled to size 10.53824pt on input line 152.
LaTeX Font Info:    Font shape `TU/XITSMath-Regular.otf(3)/m/n' will be
(Font)              scaled to size 7.52731pt on input line 152.
 [1


] [2] [3


]
(./data/abstract.tex

Package fontspec Info: 
(fontspec)             Script 'CJK' not explicitly supported within font
(fontspec)             'FandolKai-Regular'. Check the typeset output, and if
(fontspec)             it is okay then ignore this warning. Otherwise a
(fontspec)             different font should be chosen.


Package fontspec Info: 
(fontspec)             Font family 'FandolKai(1)' created for font 'FandolKai'
(fontspec)             with options
(fontspec)             [Script={CJK},Extension={.otf},UprightFont={*-Regular},B
oldItalicFont={*-Regular},BoldFont={*-Regular},ItalicFont={*-Regular}].
(fontspec)              
(fontspec)              This font family consists of the following NFSS
(fontspec)             series/shapes:
(fontspec)              
(fontspec)             - 'normal' (m/n) with NFSS spec.:
(fontspec)             <->"[FandolKai-Regular.otf]/OT:script=hani;language=dflt
;"
(fontspec)             - 'bold' (b/n) with NFSS spec.:
(fontspec)             <->"[FandolKai-Regular.otf]/OT:script=hani;language=dflt
;"
(fontspec)             - 'italic' (m/it) with NFSS spec.:
(fontspec)             <->"[FandolKai-Regular.otf]/OT:script=hani;language=dflt
;"
(fontspec)             - 'bold italic' (b/it) with NFSS spec.:
(fontspec)             <->"[FandolKai-Regular.otf]/OT:script=hani;language=dflt
;"

 [1

] [2] [3

]
Underfull \hbox (badness 2469) in paragraph at lines 24--25
[]\TU/XITS(0)/m/n/12.045 (2) An integrated workflow combining instance segmenta
tion outputs with post-
 []

[4]) (./data/notation.tex) [5] (./main_review.toc [6

] [7])
\tf@toc=\write6
\openout6 = `main_review.toc'.

 [8]
(./main_review.tec [9

] [10])
\tf@tec=\write7
\openout7 = `main_review.tec'.

 [11] (./data/chap01.tex
第一章
[1


] [2] [3] [4] [5] [6] [7] [8] [9] [10] [11]) (./data/chap02.tex [12]
第二章
[13

]
File: figure/fig2.png Graphic file (type bmp)
<figure/fig2.png>
 [14]
File: figure/fig3.png Graphic file (type bmp)
<figure/fig3.png>
 [15] [16]
File: figure/fig4.pdf Graphic file (type pdf)
<use figure/fig4.pdf>
 [17] [18] [19]
File: figure/fig5.pdf Graphic file (type pdf)
<use figure/fig5.pdf>
 [20] [21]
File: figure/fig6.pdf Graphic file (type pdf)
<use figure/fig6.pdf>
 [22] [23]
File: figure/fig7-1.png Graphic file (type bmp)
<figure/fig7-1.png>
File: figure/fig7-2.png Graphic file (type bmp)
<figure/fig7-2.png>
 [24]
File: figure/fig8.pdf Graphic file (type pdf)
<use figure/fig8.pdf>
 [25] [26]
File: figure/9-1.png Graphic file (type bmp)
<figure/9-1.png>
File: figure/9-2.png Graphic file (type bmp)
<figure/9-2.png>
File: figure/9-3.png Graphic file (type bmp)
<figure/9-3.png>
 [27]
LaTeX Font Info:    Font shape `TU/XITSMath-Regular.otf(2)/m/n' will be
(Font)              scaled to size 7.00075pt on input line 283.
LaTeX Font Info:    Font shape `TU/XITSMath-Regular.otf(2)/m/n' will be
(Font)              scaled to size 5.00053pt on input line 283.
LaTeX Font Info:    Font shape `TU/XITSMath-Regular.otf(3)/m/n' will be
(Font)              scaled to size 6.99925pt on input line 283.
LaTeX Font Info:    Font shape `TU/XITSMath-Regular.otf(3)/m/n' will be
(Font)              scaled to size 4.99947pt on input line 283.

[28] [29]
File: figure/fig10.png Graphic file (type bmp)
<figure/fig10.png>
) (./data/chap03.tex [30] [31]
第三章
[32

] [33] [34] [35] [36] [37]
Overfull \vbox (92.86346pt too high) has occurred while \output is active []


[38] [39] [40] [41] [42]) (./data/chap04.tex [43] [44]
第四章
[45

] [46] [47] [48] [49]
File: figure/fig11-1.png Graphic file (type bmp)
<figure/fig11-1.png>
File: figure/fig11-2.png Graphic file (type bmp)
<figure/fig11-2.png>
File: figure/fig11-3.png Graphic file (type bmp)
<figure/fig11-3.png>
File: figure/fig11-4.png Graphic file (type bmp)
<figure/fig11-4.png>
File: figure/fig11-5.png Graphic file (type bmp)
<figure/fig11-5.png>
File: figure/fig11-6.png Graphic file (type bmp)
<figure/fig11-6.png>
 [50] [51] [52] [53]
Underfull \hbox (badness 1635) in paragraph at lines 268--269
[]\TU/FandolSong(0)/m/n/12.045 从 表 [][]\TU/XITS(0)/m/n/12.045 4-5[][] \TU/Fando
lSong(0)/m/n/12.045 可 以 看 出，| \TU/XITS(0)/m/n/12.045 YOLO \TU/FandolSong(0)/m/n
/12.045 系 列 模 型 在 该 类 状 态 判 别 任 务 中 整 体 较 为 稳 定。|
 []

[54]
Underfull \hbox (badness 1024) in paragraph at lines 304--305
[]\TU/FandolSong(0)/m/n/12.045 由 表 [][]\TU/XITS(0)/m/n/12.045 4-6[][] \TU/Fando
lSong(0)/m/n/12.045 可 见，|  在 仅 保 留 顶 层 未 满 载 有 效 计 数 图 像 的 评 估 条 件 下，| \TU/XITS
(0)/m/n/12.045 YOLO11-
 []

[55] [56] [57] [58] [59] [60] [61] [62]) (./data/conclusion.tex [63]
第五章
[64

]) [65] [66

] [67] [68] [69] [70] [71] (./data/result.tex [72]
Underfull \hbox (badness 1127) in paragraph at lines 9--11
[]\TU/XITS(0)/m/n/12.045 xxx, \TU/XITS(0)/b/n/12.045 xxx\TU/XITS(0)/m/n/12.045 
, xxx, \TU/FandolSong(0)/m/n/12.045 等\TU/XITS(0)/m/n/12.045 . Lightweight Insta
nce Segmentation for Stacked Goods Inven-
 []

) (./data/acknowledgement.tex [73

]) (./data/appendix.tex) [74

]

Package glossaries Warning: No \printnoidxglossary or \printnoidxglossaries
 found. (Remove \makenoidxglossaries if you don't want any glossaries.)
This document will not have a glossary.

(./main_review.aux)
 ***********
LaTeX2e <2025-11-01>
L3 programming layer <2020/04/10>
 ***********
Package rerunfilecheck Info: File `main_review.out' has not changed.
(rerunfilecheck)             Checksum: 30763F8285AE51F979F7D51C78804344;8914.
Package logreq Info: Writing requests to 'main_review.run.xml'.
\openout1 = `main_review.run.xml'.

 ) 
Here is how much of TeX's memory you used:
 63267 strings out of 468168
 1342290 string characters out of 5436524
 2637051 words of memory out of 5000000
 91035 multiletter control sequences out of 15000+600000
 635104 words of font info for 184 fonts, out of 8000000 for 9000
 1348 hyphenation exceptions out of 8191
 118i,15n,131p,2763b,7259s stack positions out of 10000i,1000n,20000p,200000b,200000s

Output written on main_review.xdv (88 pages, 1596372 bytes).
