This is XeTeX, Version 3.141592653-2.6-0.999997 (TeX Live 2025) (preloaded format=xelatex 2026.2.14)  11 MAR 2026 04:12
entering extended mode
 restricted \write18 enabled.
 file:line:error style messages enabled.
 %&-line parsing enabled.
**c:/Users/轩哥/Desktop/latex/main.tex
(c:/Users/轩哥/Desktop/latex/main.tex
LaTeX2e <2024-11-01> patch level 2
L3 programming layer <2025-01-18>
(./gdutthesis.cls (c:/texlive/2025/texmf-dist/tex/latex/l3kernel/expl3.sty
Package: expl3 2025-01-18 L3 programming layer (loader) 
 (c:/texlive/2025/texmf-dist/tex/latex/l3backend/l3backend-xetex.def
File: l3backend-xetex.def 2024-05-08 L3 backend support: XeTeX
\g__graphics_track_int=\count192
\l__pdf_internal_box=\box52
\g__pdf_backend_annotation_int=\count193
\g__pdf_backend_link_int=\count194
))
Document Class: gdutthesis 2024/01/19 v0.1f Thesis Template for Guangdong University of Technology
(c:/texlive/2025/texmf-dist/tex/latex/l3packages/xtemplate/xtemplate.sty
Package: xtemplate 2024-08-16 L3 Experimental prototype document functions
) (c:/texlive/2025/texmf-dist/tex/latex/l3packages/l3keys2e/l3keys2e.sty
Package: l3keys2e 2024-08-16 LaTeX2e option processing using LaTeX3 keys
)
\g__gdut_thesis_type_int=\count195
 (c:/texlive/2025/texmf-dist/tex/latex/ctex/ctexbook.cls (c:/texlive/2025/texmf-dist/tex/latex/ctex/config/ctexbackend.cfg
File: ctexbackend.cfg 2022/07/14 v2.5.10 Backend configuration file (CTEX)
)
Document Class: ctexbook 2022/07/14 v2.5.10 Chinese adapter for class book (CTEX)
(c:/texlive/2025/texmf-dist/tex/latex/ctex/ctexhook.sty
Package: ctexhook 2022/07/14 v2.5.10 Document and package hooks (CTEX)
) (c:/texlive/2025/texmf-dist/tex/latex/ctex/ctexpatch.sty
Package: ctexpatch 2022/07/14 v2.5.10 Patching commands (CTEX)
) (c:/texlive/2025/texmf-dist/tex/latex/base/fix-cm.sty
Package: fix-cm 2020/11/24 v1.1t fixes to LaTeX
 (c:/texlive/2025/texmf-dist/tex/latex/base/ts1enc.def
File: ts1enc.def 2001/06/05 v3.0e (jk/car/fm) Standard LaTeX file
LaTeX Font Info:    Redeclaring font encoding TS1 on input line 47.
))
\l__ctex_tmp_int=\count196
\l__ctex_tmp_box=\box53
\l__ctex_tmp_dim=\dimen141
\g__ctex_section_depth_int=\count197
\g__ctex_font_size_int=\count198
 (c:/texlive/2025/texmf-dist/tex/latex/ctex/config/ctexopts.cfg
File: ctexopts.cfg 2022/07/14 v2.5.10 Option configuration file (CTEX)
) (c:/texlive/2025/texmf-dist/tex/latex/base/book.cls
Document Class: book 2024/06/29 v1.4n Standard LaTeX document class
(c:/texlive/2025/texmf-dist/tex/latex/base/bk12.clo
File: bk12.clo 2024/06/29 v1.4n Standard LaTeX file (size option)
)
\c@part=\count199
\c@chapter=\count266
\c@section=\count267
\c@subsection=\count268
\c@subsubsection=\count269
\c@paragraph=\count270
\c@subparagraph=\count271
\c@figure=\count272
\c@table=\count273
\abovecaptionskip=\skip49
\belowcaptionskip=\skip50
\bibindent=\dimen142
) (c:/texlive/2025/texmf-dist/tex/latex/ctex/engine/ctex-engine-xetex.def
File: ctex-engine-xetex.def 2022/07/14 v2.5.10 XeLaTeX adapter (CTEX)
 (c:/texlive/2025/texmf-dist/tex/xelatex/xecjk/xeCJK.sty
Package: xeCJK 2022/08/05 v3.9.1 Typesetting CJK scripts with XeLaTeX
\l__xeCJK_tmp_int=\count274
\l__xeCJK_tmp_box=\box54
\l__xeCJK_tmp_dim=\dimen143
\l__xeCJK_tmp_skip=\skip51
\g__xeCJK_space_factor_int=\count275
\l__xeCJK_begin_int=\count276
\l__xeCJK_end_int=\count277
\c__xeCJK_CJK_class_int=\XeTeXcharclass1
\c__xeCJK_FullLeft_class_int=\XeTeXcharclass2
\c__xeCJK_FullRight_class_int=\XeTeXcharclass3
\c__xeCJK_HalfLeft_class_int=\XeTeXcharclass4
\c__xeCJK_HalfRight_class_int=\XeTeXcharclass5
\c__xeCJK_NormalSpace_class_int=\XeTeXcharclass6
\c__xeCJK_CM_class_int=\XeTeXcharclass7
\c__xeCJK_HangulJamo_class_int=\XeTeXcharclass8
\l__xeCJK_last_skip=\skip52
\c__xeCJK_none_node=\count278
\g__xeCJK_node_int=\count279
\c__xeCJK_CJK_node_dim=\dimen144
\c__xeCJK_CJK-space_node_dim=\dimen145
\c__xeCJK_default_node_dim=\dimen146
\c__xeCJK_CJK-widow_node_dim=\dimen147
\c__xeCJK_normalspace_node_dim=\dimen148
\c__xeCJK_default-space_node_skip=\skip53
\l__xeCJK_ccglue_skip=\skip54
\l__xeCJK_ecglue_skip=\skip55
\l__xeCJK_punct_kern_skip=\skip56
\l__xeCJK_indent_box=\box55
\l__xeCJK_last_penalty_int=\count280
\l__xeCJK_last_bound_dim=\dimen149
\l__xeCJK_last_kern_dim=\dimen150
\l__xeCJK_widow_penalty_int=\count281

LaTeX template Info: Declaring template type 'xeCJK/punctuation' taking 0
(template)           argument(s) on line 2396.

\l__xeCJK_fixed_punct_width_dim=\dimen151
\l__xeCJK_mixed_punct_width_dim=\dimen152
\l__xeCJK_middle_punct_width_dim=\dimen153
\l__xeCJK_fixed_margin_width_dim=\dimen154
\l__xeCJK_mixed_margin_width_dim=\dimen155
\l__xeCJK_middle_margin_width_dim=\dimen156
\l__xeCJK_bound_punct_width_dim=\dimen157
\l__xeCJK_bound_margin_width_dim=\dimen158
\l__xeCJK_margin_minimum_dim=\dimen159
\l__xeCJK_kerning_total_width_dim=\dimen160
\l__xeCJK_same_align_margin_dim=\dimen161
\l__xeCJK_different_align_margin_dim=\dimen162
\l__xeCJK_kerning_margin_width_dim=\dimen163
\l__xeCJK_kerning_margin_minimum_dim=\dimen164
\l__xeCJK_bound_dim=\dimen165
\l__xeCJK_reverse_bound_dim=\dimen166
\l__xeCJK_margin_dim=\dimen167
\l__xeCJK_minimum_bound_dim=\dimen168
\l__xeCJK_kerning_margin_dim=\dimen169
\g__xeCJK_family_int=\count282
\l__xeCJK_fam_int=\count283
\g__xeCJK_fam_allocation_int=\count284
\l__xeCJK_verb_case_int=\count285
\l__xeCJK_verb_exspace_skip=\skip57
 (c:/texlive/2025/texmf-dist/tex/latex/fontspec/fontspec.sty (c:/texlive/2025/texmf-dist/tex/latex/l3packages/xparse/xparse.sty
Package: xparse 2024-08-16 L3 Experimental document command parser
)
Package: fontspec 2024/05/11 v2.9e Font selection for XeLaTeX and LuaLaTeX
 (c:/texlive/2025/texmf-dist/tex/latex/fontspec/fontspec-xetex.sty
Package: fontspec-xetex 2024/05/11 v2.9e Font selection for XeLaTeX and LuaLaTeX
\l__fontspec_script_int=\count286
\l__fontspec_language_int=\count287
\l__fontspec_strnum_int=\count288
\l__fontspec_tmp_int=\count289
\l__fontspec_tmpa_int=\count290
\l__fontspec_tmpb_int=\count291
\l__fontspec_tmpc_int=\count292
\l__fontspec_em_int=\count293
\l__fontspec_emdef_int=\count294
\l__fontspec_strong_int=\count295
\l__fontspec_strongdef_int=\count296
\l__fontspec_tmpa_dim=\dimen170
\l__fontspec_tmpb_dim=\dimen171
\l__fontspec_tmpc_dim=\dimen172
 (c:/texlive/2025/texmf-dist/tex/latex/base/fontenc.sty
Package: fontenc 2021/04/29 v2.0v Standard LaTeX package
) (c:/texlive/2025/texmf-dist/tex/latex/fontspec/fontspec.cfg))) (c:/texlive/2025/texmf-dist/tex/xelatex/xecjk/xeCJK.cfg
File: xeCJK.cfg 2022/08/05 v3.9.1 Configuration file for xeCJK package
))
\ccwd=\dimen173
\l__ctex_ccglue_skip=\skip58
)
\l__ctex_ziju_dim=\dimen174
 (c:/texlive/2025/texmf-dist/tex/latex/zhnumber/zhnumber.sty
Package: zhnumber 2022/07/14 v3.0 Typesetting numbers with Chinese glyphs
\l__zhnum_scale_int=\count297
\l__zhnum_tmp_int=\count298
 (c:/texlive/2025/texmf-dist/tex/latex/zhnumber/zhnumber-utf8.cfg
File: zhnumber-utf8.cfg 2022/07/14 v3.0 Chinese numerals with UTF8 encoding
))
\l__ctex_heading_skip=\skip59
 (c:/texlive/2025/texmf-dist/tex/latex/ctex/scheme/ctex-scheme-chinese-book.def
File: ctex-scheme-chinese-book.def 2022/07/14 v2.5.10 Chinese scheme for book (CTEX)
 (c:/texlive/2025/texmf-dist/tex/latex/ctex/config/ctex-name-utf8.cfg
File: ctex-name-utf8.cfg 2022/07/14 v2.5.10 Caption with encoding UTF-8 (CTEX)
)) (c:/texlive/2025/texmf-dist/tex/latex/ctex/ctex-cs4size.clo
File: ctex-cs4size.clo 2022/07/14 v2.5.10 cs4size option (CTEX)
)) (c:/texlive/2025/texmf-dist/tex/latex/ctex/config/ctex.cfg
File: ctex.cfg 2022/07/14 v2.5.10 Configuration file (CTEX)
) (c:/texlive/2025/texmf-dist/tex/latex/silence/silence.sty
Package: silence 2012/07/02 v1.5b Selective filtering of warnings and error messages
\sl@Save=\count299
\sl@StateNumber=\count300
\sl@MessageCount=\count301
\sl@Casualties=\count302
\sl@Filter=\toks17
\sl@Message=\toks18
\sl@UnexpandedMessage=\toks19
\sl@Mess@ge=\toks20
\sl@WarningCount=\count303
\sl@WarningNumber=\count304
\sl@WarningCasualties=\count305
\sl@TempBOW=\toks21
\sl@BankOfWarnings=\toks22
LaTeX Info: Redefining \GenericWarning on input line 433.
\sl@ErrorCount=\count306
\sl@ErrorNumber=\count307
\sl@ErrorCasualties=\count308
\sl@TempBOE=\toks23
\sl@BankOfErrors=\toks24
LaTeX Info: Redefining \GenericError on input line 601.
) (c:/texlive/2025/texmf-dist/tex/latex/zhlineskip/zhlineskip.sty
Package: zhlineskip 2019/05/15 v1.0e Line spacing for CJK documents
 (c:/texlive/2025/texmf-dist/tex/latex/kvoptions/kvoptions.sty
Package: kvoptions 2022-06-15 v3.15 Key value format for package options (HO)
 (c:/texlive/2025/texmf-dist/tex/latex/graphics/keyval.sty
Package: keyval 2022/05/29 v1.15 key=value parser (DPC)
\KV@toks@=\toks25
) (c:/texlive/2025/texmf-dist/tex/generic/ltxcmds/ltxcmds.sty
Package: ltxcmds 2023-12-04 v1.26 LaTeX kernel commands for general use (HO)
) (c:/texlive/2025/texmf-dist/tex/latex/kvsetkeys/kvsetkeys.sty
Package: kvsetkeys 2022-10-05 v1.19 Key value parser (HO)
)) (c:/texlive/2025/texmf-dist/tex/generic/xint/xintexpr.sty (c:/texlive/2025/texmf-dist/tex/generic/xint/xintfrac.sty (c:/texlive/2025/texmf-dist/tex/generic/xint/xint.sty (c:/texlive/2025/texmf-dist/tex/generic/xint/xintcore.sty (c:/texlive/2025/texmf-dist/tex/generic/xint/xintkernel.sty
Package: xintkernel 2022/06/10 v1.4m Paraphernalia for the xint packages (JFB)
\xint_c_ii^xiv=\count309
\xint_c_ii^xxi=\count310
)
Package: xintcore 2022/06/10 v1.4m Expandable arithmetic on big integers (JFB)
\xint_c_x^viii=\count311
\xint_c_x^ix=\count312
\xint_c_x^viii_mone=\count313
\xint_c_xii_e_viii=\count314
\xint_c_xi_e_viii_mone=\count315
)
Package: xint 2022/06/10 v1.4m Expandable operations on big integers (JFB)
\xint_c_nine_x^viii=\count316
)
Package: xintfrac 2022/06/10 v1.4m Expandable operations on fractions (JFB)
) (c:/texlive/2025/texmf-dist/tex/generic/xint/xinttools.sty
Package: xinttools 2022/06/10 v1.4m Expandable and non-expandable utilities (JFB)
\XINT_toks=\toks26
)
Package: xintexpr 2022/06/10 v1.4m Expandable expression parser (JFB)
 (c:/texlive/2025/texmf-dist/tex/generic/xint/xinttrig.sty
Package: xinttrig 2022/06/10 v1.4m Trigonometrical functions for xintexpr (JFB)
) (c:/texlive/2025/texmf-dist/tex/generic/xint/xintlog.sty
Package: xintlog 2022/06/10 v1.4m Logarithms and exponentials for xintexpr (JFB)
 (c:/texlive/2025/texmf-dist/tex/generic/poormanlog/poormanlog.sty
Package: poormanlog 2022/05/25 v0.07 base 10 log and pow with 9 digits (JFB)
 (c:/texlive/2025/texmf-dist/tex/generic/poormanlog/poormanlog.tex)))) (c:/texlive/2025/texmf-dist/tex/latex/etoolbox/etoolbox.sty
Package: etoolbox 2025/02/11 v2.5l e-TeX tools for LaTeX (JAW)
\etb@tempcnta=\count317
) (c:/texlive/2025/texmf-dist/tex/latex/mathtools/mathtools.sty
Package: mathtools 2024/10/04 v1.31 mathematical typesetting tools
 (c:/texlive/2025/texmf-dist/tex/latex/tools/calc.sty
Package: calc 2023/07/08 v4.3 Infix arithmetic (KKT,FJ)
\calc@Acount=\count318
\calc@Bcount=\count319
\calc@Adimen=\dimen175
\calc@Bdimen=\dimen176
\calc@Askip=\skip60
\calc@Bskip=\skip61
LaTeX Info: Redefining \setlength on input line 80.
LaTeX Info: Redefining \addtolength on input line 81.
\calc@Ccount=\count320
\calc@Cskip=\skip62
) (c:/texlive/2025/texmf-dist/tex/latex/mathtools/mhsetup.sty
Package: mhsetup 2021/03/18 v1.4 programming setup (MH)
) (c:/texlive/2025/texmf-dist/tex/latex/amsmath/amsmath.sty
Package: amsmath 2024/11/05 v2.17t AMS math features
\@mathmargin=\skip63

For additional information on amsmath, use the `?' option.
(c:/texlive/2025/texmf-dist/tex/latex/amsmath/amstext.sty
Package: amstext 2021/08/26 v2.01 AMS text
 (c:/texlive/2025/texmf-dist/tex/latex/amsmath/amsgen.sty
File: amsgen.sty 1999/11/30 v2.0 generic functions
\@emptytoks=\toks27
\ex@=\dimen177
)) (c:/texlive/2025/texmf-dist/tex/latex/amsmath/amsbsy.sty
Package: amsbsy 1999/11/29 v1.2d Bold Symbols
\pmbraise@=\dimen178
) (c:/texlive/2025/texmf-dist/tex/latex/amsmath/amsopn.sty
Package: amsopn 2022/04/08 v2.04 operator names
)
\inf@bad=\count321
LaTeX Info: Redefining \frac on input line 233.
\uproot@=\count322
\leftroot@=\count323
LaTeX Info: Redefining \overline on input line 398.
LaTeX Info: Redefining \colon on input line 409.
\classnum@=\count324
\DOTSCASE@=\count325
LaTeX Info: Redefining \ldots on input line 495.
LaTeX Info: Redefining \dots on input line 498.
LaTeX Info: Redefining \cdots on input line 619.
\Mathstrutbox@=\box56
\strutbox@=\box57
LaTeX Info: Redefining \big on input line 721.
LaTeX Info: Redefining \Big on input line 722.
LaTeX Info: Redefining \bigg on input line 723.
LaTeX Info: Redefining \Bigg on input line 724.
\big@size=\dimen179
LaTeX Font Info:    Redeclaring font encoding OML on input line 742.
LaTeX Font Info:    Redeclaring font encoding OMS on input line 743.
\macc@depth=\count326
LaTeX Info: Redefining \bmod on input line 904.
LaTeX Info: Redefining \pmod on input line 909.
LaTeX Info: Redefining \smash on input line 939.
LaTeX Info: Redefining \relbar on input line 969.
LaTeX Info: Redefining \Relbar on input line 970.
\c@MaxMatrixCols=\count327
\dotsspace@=\muskip17
\c@parentequation=\count328
\dspbrk@lvl=\count329
\tag@help=\toks28
\row@=\count330
\column@=\count331
\maxfields@=\count332
\andhelp@=\toks29
\eqnshift@=\dimen180
\alignsep@=\dimen181
\tagshift@=\dimen182
\tagwidth@=\dimen183
\totwidth@=\dimen184
\lineht@=\dimen185
\@envbody=\toks30
\multlinegap=\skip64
\multlinetaggap=\skip65
\mathdisplay@stack=\toks31
LaTeX Info: Redefining \[ on input line 2953.
LaTeX Info: Redefining \] on input line 2954.
)
\g_MT_multlinerow_int=\count333
\l_MT_multwidth_dim=\dimen186
\origjot=\skip66
\l_MT_shortvdotswithinadjustabove_dim=\dimen187
\l_MT_shortvdotswithinadjustbelow_dim=\dimen188
\l_MT_above_intertext_sep=\dimen189
\l_MT_below_intertext_sep=\dimen190
\l_MT_above_shortintertext_sep=\dimen191
\l_MT_below_shortintertext_sep=\dimen192
\xmathstrut@box=\box58
\xmathstrut@dim=\dimen193
)) (c:/texlive/2025/texmf-dist/tex/latex/unicode-math/unicode-math.sty
Package: unicode-math 2023/08/13 v0.8r Unicode maths in XeLaTeX and LuaLaTeX
 (c:/texlive/2025/texmf-dist/tex/latex/unicode-math/unicode-math-xetex.sty
Package: unicode-math-xetex 2023/08/13 v0.8r Unicode maths in XeLaTeX and LuaLaTeX
\g__um_fam_int=\count334
\g__um_fonts_used_int=\count335
\l__um_primecount_int=\count336
\g__um_primekern_muskip=\muskip18
 (c:/texlive/2025/texmf-dist/tex/latex/unicode-math/unicode-math-table.tex))) (c:/texlive/2025/texmf-dist/tex/latex/geometry/geometry.sty
Package: geometry 2020/01/02 v5.9 Page Geometry
 (c:/texlive/2025/texmf-dist/tex/generic/iftex/ifvtex.sty
Package: ifvtex 2019/10/25 v1.7 ifvtex legacy package. Use iftex instead.
 (c:/texlive/2025/texmf-dist/tex/generic/iftex/iftex.sty
Package: iftex 2024/12/12 v1.0g TeX engine tests
))
\Gm@cnth=\count337
\Gm@cntv=\count338
\c@Gm@tempcnt=\count339
\Gm@bindingoffset=\dimen194
\Gm@wd@mp=\dimen195
\Gm@odd@mp=\dimen196
\Gm@even@mp=\dimen197
\Gm@layoutwidth=\dimen198
\Gm@layoutheight=\dimen199
\Gm@layouthoffset=\dimen256
\Gm@layoutvoffset=\dimen257
\Gm@dimlist=\toks32
) (c:/texlive/2025/texmf-dist/tex/latex/pdfpages/pdfpages.sty
Package: pdfpages 2025/01/30 v0.6e Insert pages of external PDF documents (AM)
 (c:/texlive/2025/texmf-dist/tex/latex/base/ifthen.sty
Package: ifthen 2024/03/16 v1.1e Standard LaTeX ifthen package (DPC)
) (c:/texlive/2025/texmf-dist/tex/latex/eso-pic/eso-pic.sty
Package: eso-pic 2023/05/03 v3.0c eso-pic (RN)
\ESO@tempdima=\dimen258
\ESO@tempdimb=\dimen259
 (c:/texlive/2025/texmf-dist/tex/latex/xcolor/xcolor.sty
Package: xcolor 2024/09/29 v3.02 LaTeX color extensions (UK)
 (c:/texlive/2025/texmf-dist/tex/latex/graphics-cfg/color.cfg
File: color.cfg 2016/01/02 v1.6 sample color configuration
)
Package xcolor Info: Driver file: xetex.def on input line 274.
 (c:/texlive/2025/texmf-dist/tex/latex/graphics-def/xetex.def
File: xetex.def 2022/09/22 v5.0n Graphics/color driver for xetex
) (c:/texlive/2025/texmf-dist/tex/latex/graphics/mathcolor.ltx)
Package xcolor Info: Model `cmy' substituted by `cmy0' on input line 1349.
Package xcolor Info: Model `RGB' extended on input line 1365.
Package xcolor Info: Model `HTML' substituted by `rgb' on input line 1367.
Package xcolor Info: Model `Hsb' substituted by `hsb' on input line 1368.
Package xcolor Info: Model `tHsb' substituted by `hsb' on input line 1369.
Package xcolor Info: Model `HSB' substituted by `hsb' on input line 1370.
Package xcolor Info: Model `Gray' substituted by `gray' on input line 1371.
Package xcolor Info: Model `wave' substituted by `hsb' on input line 1372.
)) (c:/texlive/2025/texmf-dist/tex/latex/graphics/graphicx.sty
Package: graphicx 2021/09/16 v1.2d Enhanced LaTeX Graphics (DPC,SPQR)
 (c:/texlive/2025/texmf-dist/tex/latex/graphics/graphics.sty
Package: graphics 2024/08/06 v1.4g Standard LaTeX Graphics (DPC,SPQR)
 (c:/texlive/2025/texmf-dist/tex/latex/graphics/trig.sty
Package: trig 2023/12/02 v1.11 sin cos tan (DPC)
) (c:/texlive/2025/texmf-dist/tex/latex/graphics-cfg/graphics.cfg
File: graphics.cfg 2016/06/04 v1.11 sample graphics configuration
)
Package graphics Info: Driver file: xetex.def on input line 106.
)
\Gin@req@height=\dimen260
\Gin@req@width=\dimen261
)
\AM@pagewidth=\dimen262
\AM@pageheight=\dimen263
\AM@fboxrule=\dimen264
 (c:/texlive/2025/texmf-dist/tex/latex/pdfpages/ppxetex.def
File: ppxetex.def 2025/01/30 v0.6e Pdfpages driver for XeTeX (AM)
)
\pdfpages@includegraphics@status=\count340
\AM@pagebox=\box59
\AM@global@opts=\toks33
\AM@pagecnt=\count341
\AM@toc@title=\toks34
\AM@lof@heading=\toks35
\c@AM@survey=\count342
\AM@templatesizebox=\box60
) (c:/texlive/2025/texmf-dist/tex/latex/everypage/everypage-1x.sty
Package: everypage-1x 2020/10/10 1.2 Hooks to run on every page
) (c:/texlive/2025/texmf-dist/tex/latex/background/background.sty
Package: background 2014/03/04 v2.1 background material
 (c:/texlive/2025/texmf-dist/tex/latex/xkeyval/xkeyval.sty
Package: xkeyval 2022/06/16 v2.9 package option processing (HA)
 (c:/texlive/2025/texmf-dist/tex/generic/xkeyval/xkeyval.tex (c:/texlive/2025/texmf-dist/tex/generic/xkeyval/xkvutils.tex
\XKV@toks=\toks36
\XKV@tempa@toks=\toks37
)
\XKV@depth=\count343
File: xkeyval.tex 2014/12/03 v2.7a key=value parser (HA)
)) (c:/texlive/2025/texmf-dist/tex/latex/pgf/frontendlayer/tikz.sty (c:/texlive/2025/texmf-dist/tex/latex/pgf/basiclayer/pgf.sty (c:/texlive/2025/texmf-dist/tex/latex/pgf/utilities/pgfrcs.sty (c:/texlive/2025/texmf-dist/tex/generic/pgf/utilities/pgfutil-common.tex
\pgfutil@everybye=\toks38
\pgfutil@tempdima=\dimen265
\pgfutil@tempdimb=\dimen266
) (c:/texlive/2025/texmf-dist/tex/generic/pgf/utilities/pgfutil-latex.def
\pgfutil@abb=\box61
) (c:/texlive/2025/texmf-dist/tex/generic/pgf/utilities/pgfrcs.code.tex (c:/texlive/2025/texmf-dist/tex/generic/pgf/pgf.revision.tex)
Package: pgfrcs 2023-01-15 v3.1.10 (3.1.10)
))
Package: pgf 2023-01-15 v3.1.10 (3.1.10)
 (c:/texlive/2025/texmf-dist/tex/latex/pgf/basiclayer/pgfcore.sty (c:/texlive/2025/texmf-dist/tex/latex/pgf/systemlayer/pgfsys.sty (c:/texlive/2025/texmf-dist/tex/generic/pgf/systemlayer/pgfsys.code.tex
Package: pgfsys 2023-01-15 v3.1.10 (3.1.10)
 (c:/texlive/2025/texmf-dist/tex/generic/pgf/utilities/pgfkeys.code.tex
\pgfkeys@pathtoks=\toks39
\pgfkeys@temptoks=\toks40
 (c:/texlive/2025/texmf-dist/tex/generic/pgf/utilities/pgfkeyslibraryfiltered.code.tex
\pgfkeys@tmptoks=\toks41
))
\pgf@x=\dimen267
\pgf@y=\dimen268
\pgf@xa=\dimen269
\pgf@ya=\dimen270
\pgf@xb=\dimen271
\pgf@yb=\dimen272
\pgf@xc=\dimen273
\pgf@yc=\dimen274
\pgf@xd=\dimen275
\pgf@yd=\dimen276
\w@pgf@writea=\write3
\r@pgf@reada=\read2
\c@pgf@counta=\count344
\c@pgf@countb=\count345
\c@pgf@countc=\count346
\c@pgf@countd=\count347
\t@pgf@toka=\toks42
\t@pgf@tokb=\toks43
\t@pgf@tokc=\toks44
\pgf@sys@id@count=\count348
 (c:/texlive/2025/texmf-dist/tex/generic/pgf/systemlayer/pgf.cfg
File: pgf.cfg 2023-01-15 v3.1.10 (3.1.10)
)
Driver file for pgf: pgfsys-xetex.def
 (c:/texlive/2025/texmf-dist/tex/generic/pgf/systemlayer/pgfsys-xetex.def
File: pgfsys-xetex.def 2023-01-15 v3.1.10 (3.1.10)
 (c:/texlive/2025/texmf-dist/tex/generic/pgf/systemlayer/pgfsys-dvipdfmx.def
File: pgfsys-dvipdfmx.def 2023-01-15 v3.1.10 (3.1.10)
 (c:/texlive/2025/texmf-dist/tex/generic/pgf/systemlayer/pgfsys-common-pdf.def
File: pgfsys-common-pdf.def 2023-01-15 v3.1.10 (3.1.10)
)
\pgfsys@objnum=\count349
))) (c:/texlive/2025/texmf-dist/tex/generic/pgf/systemlayer/pgfsyssoftpath.code.tex
File: pgfsyssoftpath.code.tex 2023-01-15 v3.1.10 (3.1.10)
\pgfsyssoftpath@smallbuffer@items=\count350
\pgfsyssoftpath@bigbuffer@items=\count351
) (c:/texlive/2025/texmf-dist/tex/generic/pgf/systemlayer/pgfsysprotocol.code.tex
File: pgfsysprotocol.code.tex 2023-01-15 v3.1.10 (3.1.10)
)) (c:/texlive/2025/texmf-dist/tex/generic/pgf/basiclayer/pgfcore.code.tex
Package: pgfcore 2023-01-15 v3.1.10 (3.1.10)
 (c:/texlive/2025/texmf-dist/tex/generic/pgf/math/pgfmath.code.tex (c:/texlive/2025/texmf-dist/tex/generic/pgf/math/pgfmathutil.code.tex) (c:/texlive/2025/texmf-dist/tex/generic/pgf/math/pgfmathparser.code.tex
\pgfmath@dimen=\dimen277
\pgfmath@count=\count352
\pgfmath@box=\box62
\pgfmath@toks=\toks45
\pgfmath@stack@operand=\toks46
\pgfmath@stack@operation=\toks47
) (c:/texlive/2025/texmf-dist/tex/generic/pgf/math/pgfmathfunctions.code.tex) (c:/texlive/2025/texmf-dist/tex/generic/pgf/math/pgfmathfunctions.basic.code.tex) (c:/texlive/2025/texmf-dist/tex/generic/pgf/math/pgfmathfunctions.trigonometric.code.tex) (c:/texlive/2025/texmf-dist/tex/generic/pgf/math/pgfmathfunctions.random.code.tex) (c:/texlive/2025/texmf-dist/tex/generic/pgf/math/pgfmathfunctions.comparison.code.tex) (c:/texlive/2025/texmf-dist/tex/generic/pgf/math/pgfmathfunctions.base.code.tex) (c:/texlive/2025/texmf-dist/tex/generic/pgf/math/pgfmathfunctions.round.code.tex) (c:/texlive/2025/texmf-dist/tex/generic/pgf/math/pgfmathfunctions.misc.code.tex) (c:/texlive/2025/texmf-dist/tex/generic/pgf/math/pgfmathfunctions.integerarithmetics.code.tex) (c:/texlive/2025/texmf-dist/tex/generic/pgf/math/pgfmathcalc.code.tex) (c:/texlive/2025/texmf-dist/tex/generic/pgf/math/pgfmathfloat.code.tex
\c@pgfmathroundto@lastzeros=\count353
)) (c:/texlive/2025/texmf-dist/tex/generic/pgf/math/pgfint.code.tex) (c:/texlive/2025/texmf-dist/tex/generic/pgf/basiclayer/pgfcorepoints.code.tex
File: pgfcorepoints.code.tex 2023-01-15 v3.1.10 (3.1.10)
\pgf@picminx=\dimen278
\pgf@picmaxx=\dimen279
\pgf@picminy=\dimen280
\pgf@picmaxy=\dimen281
\pgf@pathminx=\dimen282
\pgf@pathmaxx=\dimen283
\pgf@pathminy=\dimen284
\pgf@pathmaxy=\dimen285
\pgf@xx=\dimen286
\pgf@xy=\dimen287
\pgf@yx=\dimen288
\pgf@yy=\dimen289
\pgf@zx=\dimen290
\pgf@zy=\dimen291
) (c:/texlive/2025/texmf-dist/tex/generic/pgf/basiclayer/pgfcorepathconstruct.code.tex
File: pgfcorepathconstruct.code.tex 2023-01-15 v3.1.10 (3.1.10)
\pgf@path@lastx=\dimen292
\pgf@path@lasty=\dimen293
) (c:/texlive/2025/texmf-dist/tex/generic/pgf/basiclayer/pgfcorepathusage.code.tex
File: pgfcorepathusage.code.tex 2023-01-15 v3.1.10 (3.1.10)
\pgf@shorten@end@additional=\dimen294
\pgf@shorten@start@additional=\dimen295
) (c:/texlive/2025/texmf-dist/tex/generic/pgf/basiclayer/pgfcorescopes.code.tex
File: pgfcorescopes.code.tex 2023-01-15 v3.1.10 (3.1.10)
\pgfpic=\box63
\pgf@hbox=\box64
\pgf@layerbox@main=\box65
\pgf@picture@serial@count=\count354
) (c:/texlive/2025/texmf-dist/tex/generic/pgf/basiclayer/pgfcoregraphicstate.code.tex
File: pgfcoregraphicstate.code.tex 2023-01-15 v3.1.10 (3.1.10)
\pgflinewidth=\dimen296
) (c:/texlive/2025/texmf-dist/tex/generic/pgf/basiclayer/pgfcoretransformations.code.tex
File: pgfcoretransformations.code.tex 2023-01-15 v3.1.10 (3.1.10)
\pgf@pt@x=\dimen297
\pgf@pt@y=\dimen298
\pgf@pt@temp=\dimen299
) (c:/texlive/2025/texmf-dist/tex/generic/pgf/basiclayer/pgfcorequick.code.tex
File: pgfcorequick.code.tex 2023-01-15 v3.1.10 (3.1.10)
) (c:/texlive/2025/texmf-dist/tex/generic/pgf/basiclayer/pgfcoreobjects.code.tex
File: pgfcoreobjects.code.tex 2023-01-15 v3.1.10 (3.1.10)
) (c:/texlive/2025/texmf-dist/tex/generic/pgf/basiclayer/pgfcorepathprocessing.code.tex
File: pgfcorepathprocessing.code.tex 2023-01-15 v3.1.10 (3.1.10)
) (c:/texlive/2025/texmf-dist/tex/generic/pgf/basiclayer/pgfcorearrows.code.tex
File: pgfcorearrows.code.tex 2023-01-15 v3.1.10 (3.1.10)
\pgfarrowsep=\dimen300
) (c:/texlive/2025/texmf-dist/tex/generic/pgf/basiclayer/pgfcoreshade.code.tex
File: pgfcoreshade.code.tex 2023-01-15 v3.1.10 (3.1.10)
\pgf@max=\dimen301
\pgf@sys@shading@range@num=\count355
\pgf@shadingcount=\count356
) (c:/texlive/2025/texmf-dist/tex/generic/pgf/basiclayer/pgfcoreimage.code.tex
File: pgfcoreimage.code.tex 2023-01-15 v3.1.10 (3.1.10)
) (c:/texlive/2025/texmf-dist/tex/generic/pgf/basiclayer/pgfcoreexternal.code.tex
File: pgfcoreexternal.code.tex 2023-01-15 v3.1.10 (3.1.10)
\pgfexternal@startupbox=\box66
) (c:/texlive/2025/texmf-dist/tex/generic/pgf/basiclayer/pgfcorelayers.code.tex
File: pgfcorelayers.code.tex 2023-01-15 v3.1.10 (3.1.10)
) (c:/texlive/2025/texmf-dist/tex/generic/pgf/basiclayer/pgfcoretransparency.code.tex
File: pgfcoretransparency.code.tex 2023-01-15 v3.1.10 (3.1.10)
) (c:/texlive/2025/texmf-dist/tex/generic/pgf/basiclayer/pgfcorepatterns.code.tex
File: pgfcorepatterns.code.tex 2023-01-15 v3.1.10 (3.1.10)
) (c:/texlive/2025/texmf-dist/tex/generic/pgf/basiclayer/pgfcorerdf.code.tex
File: pgfcorerdf.code.tex 2023-01-15 v3.1.10 (3.1.10)
))) (c:/texlive/2025/texmf-dist/tex/generic/pgf/modules/pgfmoduleshapes.code.tex
File: pgfmoduleshapes.code.tex 2023-01-15 v3.1.10 (3.1.10)
\pgfnodeparttextbox=\box67
) (c:/texlive/2025/texmf-dist/tex/generic/pgf/modules/pgfmoduleplot.code.tex
File: pgfmoduleplot.code.tex 2023-01-15 v3.1.10 (3.1.10)
) (c:/texlive/2025/texmf-dist/tex/latex/pgf/compatibility/pgfcomp-version-0-65.sty
Package: pgfcomp-version-0-65 2023-01-15 v3.1.10 (3.1.10)
\pgf@nodesepstart=\dimen302
\pgf@nodesepend=\dimen303
) (c:/texlive/2025/texmf-dist/tex/latex/pgf/compatibility/pgfcomp-version-1-18.sty
Package: pgfcomp-version-1-18 2023-01-15 v3.1.10 (3.1.10)
)) (c:/texlive/2025/texmf-dist/tex/latex/pgf/utilities/pgffor.sty (c:/texlive/2025/texmf-dist/tex/latex/pgf/utilities/pgfkeys.sty (c:/texlive/2025/texmf-dist/tex/generic/pgf/utilities/pgfkeys.code.tex)) (c:/texlive/2025/texmf-dist/tex/latex/pgf/math/pgfmath.sty (c:/texlive/2025/texmf-dist/tex/generic/pgf/math/pgfmath.code.tex)) (c:/texlive/2025/texmf-dist/tex/generic/pgf/utilities/pgffor.code.tex
Package: pgffor 2023-01-15 v3.1.10 (3.1.10)
\pgffor@iter=\dimen304
\pgffor@skip=\dimen305
\pgffor@stack=\toks48
\pgffor@toks=\toks49
)) (c:/texlive/2025/texmf-dist/tex/generic/pgf/frontendlayer/tikz/tikz.code.tex
Package: tikz 2023-01-15 v3.1.10 (3.1.10)
 (c:/texlive/2025/texmf-dist/tex/generic/pgf/libraries/pgflibraryplothandlers.code.tex
File: pgflibraryplothandlers.code.tex 2023-01-15 v3.1.10 (3.1.10)
\pgf@plot@mark@count=\count357
\pgfplotmarksize=\dimen306
)
\tikz@lastx=\dimen307
\tikz@lasty=\dimen308
\tikz@lastxsaved=\dimen309
\tikz@lastysaved=\dimen310
\tikz@lastmovetox=\dimen311
\tikz@lastmovetoy=\dimen312
\tikzleveldistance=\dimen313
\tikzsiblingdistance=\dimen314
\tikz@figbox=\box68
\tikz@figbox@bg=\box69
\tikz@tempbox=\box70
\tikz@tempbox@bg=\box71
\tikztreelevel=\count358
\tikznumberofchildren=\count359
\tikznumberofcurrentchild=\count360
\tikz@fig@count=\count361
 (c:/texlive/2025/texmf-dist/tex/generic/pgf/modules/pgfmodulematrix.code.tex
File: pgfmodulematrix.code.tex 2023-01-15 v3.1.10 (3.1.10)
\pgfmatrixcurrentrow=\count362
\pgfmatrixcurrentcolumn=\count363
\pgf@matrix@numberofcolumns=\count364
)
\tikz@expandcount=\count365
 (c:/texlive/2025/texmf-dist/tex/generic/pgf/frontendlayer/tikz/libraries/tikzlibrarytopaths.code.tex
File: tikzlibrarytopaths.code.tex 2023-01-15 v3.1.10 (3.1.10)
))) (c:/texlive/2025/texmf-dist/tex/latex/tools/afterpage.sty
Package: afterpage 2023/07/04 v1.08 After-Page Package (DPC)
\AP@output=\toks50
\AP@partial=\box72
\AP@footins=\box73
)) (c:/texlive/2025/texmf-dist/tex/latex/fancyhdr/fancyhdr.sty
Package: fancyhdr 2025/02/07 v5.2 Extensive control of page headers and footers
\f@nch@headwidth=\skip67
\f@nch@offset@elh=\skip68
\f@nch@offset@erh=\skip69
\f@nch@offset@olh=\skip70
\f@nch@offset@orh=\skip71
\f@nch@offset@elf=\skip72
\f@nch@offset@erf=\skip73
\f@nch@offset@olf=\skip74
\f@nch@offset@orf=\skip75
\f@nch@height=\skip76
\f@nch@footalignment=\skip77
\f@nch@widthL=\skip78
\f@nch@widthC=\skip79
\f@nch@widthR=\skip80
\@temptokenb=\toks51
) (c:/texlive/2025/texmf-dist/tex/latex/amscls/amsthm.sty
Package: amsthm 2020/05/29 v2.20.6
\thm@style=\toks52
\thm@bodyfont=\toks53
\thm@headfont=\toks54
\thm@notefont=\toks55
\thm@headpunct=\toks56
\thm@preskip=\skip81
\thm@postskip=\skip82
\thm@headsep=\skip83
\dth@everypar=\toks57
) (c:/texlive/2025/texmf-dist/tex/latex/thmtools/thmtools.sty
Package: thmtools 2023/05/04 v0.76
\thmt@toks=\toks58
\c@thmt@dummyctr=\count366
 (c:/texlive/2025/texmf-dist/tex/latex/thmtools/thm-patch.sty
Package: thm-patch 2023/05/04 v0.76
 (c:/texlive/2025/texmf-dist/tex/latex/thmtools/parseargs.sty
Package: parseargs 2023/05/04 v0.76
\@parsespec=\toks59
)) (c:/texlive/2025/texmf-dist/tex/latex/thmtools/thm-kv.sty
Package: thm-kv 2023/05/04 v0.76
Package thm-kv Info: Theorem names will be uppercased on input line 42.
Package thm-kv Info: kvsetkeys patch (v1.16 or later) on input line 158.
) (c:/texlive/2025/texmf-dist/tex/latex/thmtools/thm-autoref.sty
Package: thm-autoref 2023/05/04 v0.76
 (c:/texlive/2025/texmf-dist/tex/latex/thmtools/aliasctr.sty
Package: aliasctr 2023/05/04 v0.76
)) (c:/texlive/2025/texmf-dist/tex/latex/thmtools/thm-listof.sty
Package: thm-listof 2023/05/04 v0.76
) (c:/texlive/2025/texmf-dist/tex/latex/thmtools/thm-restate.sty
Package: thm-restate 2023/05/04 v0.76
) (c:/texlive/2025/texmf-dist/tex/latex/thmtools/thm-amsthm.sty
Package: thm-amsthm 2023/05/04 v0.76
\thmt@style@headstyle=\toks60
)) (c:/texlive/2025/texmf-dist/tex/latex/tools/longtable.sty
Package: longtable 2024-10-27 v4.22 Multi-page Table package (DPC)
\LTleft=\skip84
\LTright=\skip85
\LTpre=\skip86
\LTpost=\skip87
\LTchunksize=\count367
\LTcapwidth=\dimen315
\LT@head=\box74
\LT@firsthead=\box75
\LT@foot=\box76
\LT@lastfoot=\box77
\LT@gbox=\box78
\LT@cols=\count368
\LT@rows=\count369
\c@LT@tables=\count370
\c@LT@chunks=\count371
\LT@p@ftn=\toks61
) (c:/texlive/2025/texmf-dist/tex/latex/caption/caption.sty
Package: caption 2023/08/05 v3.6o Customizing captions (AR)
 (c:/texlive/2025/texmf-dist/tex/latex/caption/caption3.sty
Package: caption3 2023/07/31 v2.4d caption3 kernel (AR)
\caption@tempdima=\dimen316
\captionmargin=\dimen317
\caption@leftmargin=\dimen318
\caption@rightmargin=\dimen319
\caption@width=\dimen320
\caption@indent=\dimen321
\caption@parindent=\dimen322
\caption@hangindent=\dimen323
Package caption Info: Standard document class detected.
)
\c@caption@flags=\count372
\c@continuedfloat=\count373
Package caption Info: longtable package is loaded.
 (c:/texlive/2025/texmf-dist/tex/latex/caption/ltcaption.sty
Package: ltcaption 2021/01/08 v1.4c longtable captions (AR)
)) (c:/texlive/2025/texmf-dist/tex/latex/caption/bicaption.sty
Package: bicaption 2023/02/19 v1.6 Bilingual Captions (AR)
\bicaption@lang=\count374
) (c:/texlive/2025/texmf-dist/tex/xelatex/xecjk/xeCJKfntef.sty
Package: xeCJKfntef 2022/08/05 v3.9.1 xeCJK font effect
 (c:/texlive/2025/texmf-dist/tex/generic/ulem/ulem.sty
\UL@box=\box79
\UL@hyphenbox=\box80
\UL@skip=\skip88
\UL@hook=\toks62
\UL@height=\dimen324
\UL@pe=\count375
\UL@pixel=\dimen325
\ULC@box=\box81
Package: ulem 2019/11/18
\ULdepth=\dimen326
)
\l__xeCJK_space_skip=\skip89
\c__xeCJK_ulem-begin_node_dim=\dimen327
\l__xeCJK_hidden_box=\box82
\l__xeCJK_fntef_box=\box83
\l__xeCJK_under_symbol_box=\box84
\c__xeCJK_filll_skip=\skip90
) (c:/texlive/2025/texmf-dist/tex/latex/xpatch/xpatch.sty
Package: xpatch 2020/03/25 v0.3a Extending etoolbox patching commands
) (c:/texlive/2025/texmf-dist/tex/latex/tools/array.sty
Package: array 2024/10/17 v2.6g Tabular extension package (FMi)
\col@sep=\dimen328
\ar@mcellbox=\box85
\extrarowheight=\dimen329
\NC@list=\toks63
\extratabsurround=\skip91
\backup@length=\skip92
\ar@cellbox=\box86
) (c:/texlive/2025/texmf-dist/tex/latex/multirow/multirow.sty
Package: multirow 2024/11/12 v2.9 Span multiple rows of a table
\multirow@colwidth=\skip93
\multirow@cntb=\count376
\multirow@dima=\skip94
\bigstrutjot=\dimen330
) (c:/texlive/2025/texmf-dist/tex/latex/booktabs/booktabs.sty
Package: booktabs 2020/01/12 v1.61803398 Publication quality tables
\heavyrulewidth=\dimen331
\lightrulewidth=\dimen332
\cmidrulewidth=\dimen333
\belowrulesep=\dimen334
\belowbottomsep=\dimen335
\aboverulesep=\dimen336
\abovetopsep=\dimen337
\cmidrulesep=\dimen338
\cmidrulekern=\dimen339
\defaultaddspace=\dimen340
\@cmidla=\count377
\@cmidlb=\count378
\@aboverulesep=\dimen341
\@belowrulesep=\dimen342
\@thisruleclass=\count379
\@lastruleclass=\count380
\@thisrulewidth=\dimen343
) (c:/texlive/2025/texmf-dist/tex/latex/enumitem/enumitem.sty
Package: enumitem 2025/02/06 v3.11 Customized lists
\labelindent=\skip95
\enit@outerparindent=\dimen344
\enit@toks=\toks64
\enit@inbox=\box87
\enit@count@id=\count381
\enitdp@description=\count382
) (c:/texlive/2025/texmf-dist/tex/latex/tocloft/tocloft.sty
Package: tocloft 2017/08/31 v2.3i parameterised ToC, etc., typesetting
Package tocloft Info: The document has chapter divisions on input line 51.
\cftparskip=\skip96
\cftbeforetoctitleskip=\skip97
\cftaftertoctitleskip=\skip98
\cftbeforepartskip=\skip99
\cftpartnumwidth=\skip100
\cftpartindent=\skip101
\cftbeforechapskip=\skip102
\cftchapindent=\skip103
\cftchapnumwidth=\skip104
\cftbeforesecskip=\skip105
\cftsecindent=\skip106
\cftsecnumwidth=\skip107
\cftbeforesubsecskip=\skip108
\cftsubsecindent=\skip109
\cftsubsecnumwidth=\skip110
\cftbeforesubsubsecskip=\skip111
\cftsubsubsecindent=\skip112
\cftsubsubsecnumwidth=\skip113
\cftbeforeparaskip=\skip114
\cftparaindent=\skip115
\cftparanumwidth=\skip116
\cftbeforesubparaskip=\skip117
\cftsubparaindent=\skip118
\cftsubparanumwidth=\skip119
\cftbeforeloftitleskip=\skip120
\cftafterloftitleskip=\skip121
\cftbeforefigskip=\skip122
\cftfigindent=\skip123
\cftfignumwidth=\skip124
\c@lofdepth=\count383
\c@lotdepth=\count384
\cftbeforelottitleskip=\skip125
\cftafterlottitleskip=\skip126
\cftbeforetabskip=\skip127
\cfttabindent=\skip128
\cfttabnumwidth=\skip129
) (c:/texlive/2025/texmf-dist/tex/latex/subfig/subfig.sty
Package: subfig 2005/06/28 ver: 1.3 subfig package
\c@KVtest=\count385
\sf@farskip=\skip130
\sf@captopadj=\dimen345
\sf@capskip=\skip131
\sf@nearskip=\skip132
\c@subfigure=\count386
\c@subfigure@save=\count387
\c@subtable=\count388
\c@subtable@save=\count389
\sf@top=\skip133
\sf@bottom=\skip134
)
\yema=\skip135
\secjuli=\skip136
\subsecjuli=\skip137
\c@gdutenumi=\count390
\enitdp@gdutenum=\count391
\c@gdutenenumi=\count392
\enitdp@gdutenenum=\count393
\enlabellengthi=\skip138
\l__gdut_indent_dim=\dimen346
) (c:/texlive/2025/texmf-dist/tex/latex/siunitx/siunitx.sty
Rollback for package 'siunitx' requested -> version 'v2'.
         This corresponds to the release introduced on 2010-05-23.
 (c:/texlive/2025/texmf-dist/tex/latex/siunitx/siunitx-v2.sty
Package: siunitx 2021-04-17 v2.8e A comprehensive (SI) units package
\l__siunitx_tmp_box=\box88
\l__siunitx_tmp_dim=\dimen347
\l__siunitx_tmp_int=\count394
\l__siunitx_number_mantissa_length_int=\count395
\l__siunitx_number_uncert_length_int=\count396
\l__siunitx_round_int=\count397
\l__siunitx_process_decimal_int=\count398
\l__siunitx_process_uncertainty_int=\count399
\l__siunitx_process_fixed_int=\count400
\l__siunitx_process_integer_min_int=\count401
\l__siunitx_process_precision_int=\count402
\l__siunitx_group_min_int=\count403
\l__siunitx_angle_marker_box=\box89
\l__siunitx_angle_unit_box=\box90
\l__siunitx_angle_marker_dim=\dimen348
\l__siunitx_angle_unit_dim=\dimen349
\l__siunitx_unit_int=\count404
\l__siunitx_unit_denominator_int=\count405
\l__siunitx_unit_numerator_int=\count406
\l__siunitx_unit_prefix_int=\count407
\l__siunitx_unit_prefix_base_int=\count408
\l__siunitx_unit_prefix_gram_int=\count409
\l__siunitx_number_product_int=\count410
\c__siunitx_one_fill_skip=\skip139
\l__siunitx_table_unit_align_skip=\skip140
\l__siunitx_table_exponent_dim=\dimen350
\l__siunitx_table_integer_dim=\dimen351
\l__siunitx_table_mantissa_dim=\dimen352
\l__siunitx_table_marker_dim=\dimen353
\l__siunitx_table_result_dim=\dimen354
\l__siunitx_table_uncert_dim=\dimen355
\l__siunitx_table_fill_pre_dim=\dimen356
\l__siunitx_table_fill_post_dim=\dimen357
\l__siunitx_table_fill_mid_dim=\dimen358
\l__siunitx_table_pre_box=\box91
\l__siunitx_table_post_box=\box92
\l__siunitx_table_mantissa_box=\box93
\l__siunitx_table_result_box=\box94
\l__siunitx_table_number_align_skip=\skip141
\l__siunitx_table_text_align_skip=\skip142
 (c:/texlive/2025/texmf-dist/tex/latex/translator/translator.sty
Package: translator 2021-05-31 v1.12d Easy translation of strings in LaTeX
))) (c:/texlive/2025/texmf-dist/tex/latex/zhlipsum/zhlipsum.sty
Package: zhlipsum 2020/04/10 v1.2.0 Chinese dummy text
\l__zhlipsum_begin_int=\count411
\l__zhlipsum_end_int=\count412
\l__zhlipsum_max_int=\count413
 (c:/texlive/2025/texmf-dist/tex/latex/zhlipsum/zhlipsum-utf8.def
File: zhlipsum-utf8.def 2020/04/10 v1.2.0 Chinese dummy text with UTF-8 encoding (for zhlipsum)
\g__zhlipsum_simp_int=\count414

Package zhlipsum Info: Chinese dummy text "simp" is created. It has 50
(zhlipsum)             paragraphs.

\g__zhlipsum_trad_int=\count415

Package zhlipsum Info: Chinese dummy text "trad" is created. It has 50
(zhlipsum)             paragraphs.

\g__zhlipsum_nanshanjing_int=\count416

Package zhlipsum Info: Chinese dummy text "nanshanjing" is created. It has 43
(zhlipsum)             paragraphs.

\g__zhlipsum_xiangyu_int=\count417

Package zhlipsum Info: Chinese dummy text "xiangyu" is created. It has 45
(zhlipsum)             paragraphs.

\g__zhlipsum_zhufu_int=\count418

Package zhlipsum Info: Chinese dummy text "zhufu" is created. It has 110
(zhlipsum)             paragraphs.

\g__zhlipsum_aspirin_int=\count419

Package zhlipsum Info: Chinese dummy text "aspirin" is created. It has 66
(zhlipsum)             paragraphs.

)) (c:/texlive/2025/texmf-dist/tex/latex/lipsum/lipsum.sty
Package: lipsum 2021-09-20 v2.7 150 paragraphs of Lorem Ipsum dummy text
\g__lipsum_par_int=\count420
\l__lipsum_a_int=\count421
\l__lipsum_b_int=\count422
 (c:/texlive/2025/texmf-dist/tex/latex/lipsum/lipsum.ltd.tex)) (c:/texlive/2025/texmf-dist/tex/latex/float/float.sty
Package: float 2001/11/08 v1.3d Float enhancements (AL)
\c@float@type=\count423
\float@exts=\toks65
\float@box=\box95
\@float@everytoks=\toks66
\@floatcapt=\box96
)

Package fontspec Info: 
(fontspec)             Font family 'XITS(0)' created for font 'XITS' with
(fontspec)             options
(fontspec)             [Ligatures=TeX,Extension=.otf,UprightFont=*-Regular,BoldFont=*-Bold,ItalicFont=*-Italic,BoldItalicFont=*-BoldItalic].
(fontspec)              
(fontspec)              This font family consists of the following NFSS
(fontspec)             series/shapes:
(fontspec)              
(fontspec)             - 'normal' (m/n) with NFSS spec.:
(fontspec)             <->"[XITS-Regular.otf]/OT:script=latn;language=dflt;mapping=tex-text;"
(fontspec)             - 'small caps'  (m/sc) with NFSS spec.:
(fontspec)             <->"[XITS-Regular.otf]/OT:script=latn;language=dflt;+smcp;mapping=tex-text;"
(fontspec)             - 'bold' (b/n) with NFSS spec.:
(fontspec)             <->"[XITS-Bold.otf]/OT:script=latn;language=dflt;mapping=tex-text;"
(fontspec)             - 'italic' (m/it) with NFSS spec.:
(fontspec)             <->"[XITS-Italic.otf]/OT:script=latn;language=dflt;mapping=tex-text;"
(fontspec)             - 'bold italic' (b/it) with NFSS spec.:
(fontspec)             <->"[XITS-BoldItalic.otf]/OT:script=latn;language=dflt;mapping=tex-text;"


Package fontspec Info: 
(fontspec)             Font family 'XITS(1)' created for font 'XITS' with
(fontspec)             options
(fontspec)             [Extension=.otf,UprightFont=*-Regular,BoldFont=*-Bold,ItalicFont=*-Italic,BoldItalicFont=*-BoldItalic].
(fontspec)              
(fontspec)              This font family consists of the following NFSS
(fontspec)             series/shapes:
(fontspec)              
(fontspec)             - 'normal' (m/n) with NFSS spec.:
(fontspec)             <->"[XITS-Regular.otf]/OT:script=latn;language=dflt;"
(fontspec)             - 'small caps'  (m/sc) with NFSS spec.:
(fontspec)             <->"[XITS-Regular.otf]/OT:script=latn;language=dflt;+smcp;"
(fontspec)             - 'bold' (b/n) with NFSS spec.:
(fontspec)             <->"[XITS-Bold.otf]/OT:script=latn;language=dflt;"
(fontspec)             - 'italic' (m/it) with NFSS spec.:
(fontspec)             <->"[XITS-Italic.otf]/OT:script=latn;language=dflt;"
(fontspec)             - 'bold italic' (b/it) with NFSS spec.:
(fontspec)             <->"[XITS-BoldItalic.otf]/OT:script=latn;language=dflt;"

LaTeX Font Info:    Overwriting math alphabet `\mathrm' in version `normal'
(Font)                  OT1/cmr/m/n --> TU/XITS(1)/m/n on input line 121.
LaTeX Font Info:    Overwriting math alphabet `\mathit' in version `normal'
(Font)                  OT1/cmr/m/it --> TU/XITS(1)/m/it on input line 121.
LaTeX Font Info:    Overwriting math alphabet `\mathbf' in version `normal'
(Font)                  OT1/cmr/bx/n --> TU/XITS(1)/b/n on input line 121.

Package fontspec Info: 
(fontspec)             Font family 'texgyreheros(0)' created for font
(fontspec)             'texgyreheros' with options
(fontspec)             [Ligatures=TeX,Extension=.otf,UprightFont=*-regular,BoldFont=*-bold,ItalicFont=*-italic,BoldItalicFont=*-bolditalic].
(fontspec)              
(fontspec)              This font family consists of the following NFSS
(fontspec)             series/shapes:
(fontspec)              
(fontspec)             - 'normal' (m/n) with NFSS spec.:
(fontspec)             <->"[texgyreheros-regular.otf]/OT:script=latn;language=dflt;mapping=tex-text;"
(fontspec)             - 'small caps'  (m/sc) with NFSS spec.:
(fontspec)             <->"[texgyreheros-regular.otf]/OT:script=latn;language=dflt;+smcp;mapping=tex-text;"
(fontspec)             - 'bold' (b/n) with NFSS spec.:
(fontspec)             <->"[texgyreheros-bold.otf]/OT:script=latn;language=dflt;mapping=tex-text;"
(fontspec)             - 'bold small caps'  (b/sc) with NFSS spec.:
(fontspec)             <->"[texgyreheros-bold.otf]/OT:script=latn;language=dflt;+smcp;mapping=tex-text;"
(fontspec)             - 'italic' (m/it) with NFSS spec.:
(fontspec)             <->"[texgyreheros-italic.otf]/OT:script=latn;language=dflt;mapping=tex-text;"
(fontspec)             - 'italic small caps'  (m/scit) with NFSS spec.:
(fontspec)             <->"[texgyreheros-italic.otf]/OT:script=latn;language=dflt;+smcp;mapping=tex-text;"
(fontspec)             - 'bold italic' (b/it) with NFSS spec.:
(fontspec)             <->"[texgyreheros-bolditalic.otf]/OT:script=latn;language=dflt;mapping=tex-text;"
(fontspec)             - 'bold italic small caps'  (b/scit) with NFSS spec.:
(fontspec)             <->"[texgyreheros-bolditalic.otf]/OT:script=latn;language=dflt;+smcp;mapping=tex-text;"


Package fontspec Info: 
(fontspec)             Font family 'texgyreheros(1)' created for font
(fontspec)             'texgyreheros' with options
(fontspec)             [Extension=.otf,UprightFont=*-regular,BoldFont=*-bold,ItalicFont=*-italic,BoldItalicFont=*-bolditalic].
(fontspec)              
(fontspec)              This font family consists of the following NFSS
(fontspec)             series/shapes:
(fontspec)              
(fontspec)             - 'normal' (m/n) with NFSS spec.:
(fontspec)             <->"[texgyreheros-regular.otf]/OT:script=latn;language=dflt;"
(fontspec)             - 'small caps'  (m/sc) with NFSS spec.:
(fontspec)             <->"[texgyreheros-regular.otf]/OT:script=latn;language=dflt;+smcp;"
(fontspec)             - 'bold' (b/n) with NFSS spec.:
(fontspec)             <->"[texgyreheros-bold.otf]/OT:script=latn;language=dflt;"
(fontspec)             - 'bold small caps'  (b/sc) with NFSS spec.:
(fontspec)             <->"[texgyreheros-bold.otf]/OT:script=latn;language=dflt;+smcp;"
(fontspec)             - 'italic' (m/it) with NFSS spec.:
(fontspec)             <->"[texgyreheros-italic.otf]/OT:script=latn;language=dflt;"
(fontspec)             - 'italic small caps'  (m/scit) with NFSS spec.:
(fontspec)             <->"[texgyreheros-italic.otf]/OT:script=latn;language=dflt;+smcp;"
(fontspec)             - 'bold italic' (b/it) with NFSS spec.:
(fontspec)             <->"[texgyreheros-bolditalic.otf]/OT:script=latn;language=dflt;"
(fontspec)             - 'bold italic small caps'  (b/scit) with NFSS spec.:
(fontspec)             <->"[texgyreheros-bolditalic.otf]/OT:script=latn;language=dflt;+smcp;"

LaTeX Font Info:    Overwriting math alphabet `\mathsf' in version `normal'
(Font)                  OT1/cmss/m/n --> TU/texgyreheros(1)/m/n on input line 121.
LaTeX Font Info:    Overwriting math alphabet `\mathsf' in version `bold'
(Font)                  OT1/cmss/bx/n --> TU/texgyreheros(1)/b/n on input line 121.

Package fontspec Info: 
(fontspec)             Font family 'texgyrecursor(0)' created for font
(fontspec)             'texgyrecursor' with options
(fontspec)             [WordSpace={1,0,0},HyphenChar=None,PunctuationSpace=WordSpace,Extension=.otf,UprightFont=*-regular,BoldFont=*-bold,ItalicFont=*-italic,BoldItalicFont=*-bolditalic,Ligatures=CommonOff].
(fontspec)              
(fontspec)              This font family consists of the following NFSS
(fontspec)             series/shapes:
(fontspec)              
(fontspec)             - 'normal' (m/n) with NFSS spec.:
(fontspec)             <->"[texgyrecursor-regular.otf]/OT:script=latn;language=dflt;-liga;"
(fontspec)             - 'small caps'  (m/sc) with NFSS spec.:
(fontspec)             <->"[texgyrecursor-regular.otf]/OT:script=latn;language=dflt;-liga;+smcp;"
(fontspec)             and font adjustment code:
(fontspec)             \fontdimen 2\font =1\fontdimen 2\font \fontdimen 3\font
(fontspec)             =0\fontdimen 3\font \fontdimen 4\font =0\fontdimen
(fontspec)             4\font \fontdimen 7\font =0\fontdimen 2\font
(fontspec)             \tex_hyphenchar:D \font =-1\scan_stop: 
(fontspec)             - 'bold' (b/n) with NFSS spec.:
(fontspec)             <->"[texgyrecursor-bold.otf]/OT:script=latn;language=dflt;-liga;"
(fontspec)             - 'bold small caps'  (b/sc) with NFSS spec.:
(fontspec)             <->"[texgyrecursor-bold.otf]/OT:script=latn;language=dflt;-liga;+smcp;"
(fontspec)             and font adjustment code:
(fontspec)             \fontdimen 2\font =1\fontdimen 2\font \fontdimen 3\font
(fontspec)             =0\fontdimen 3\font \fontdimen 4\font =0\fontdimen
(fontspec)             4\font \fontdimen 7\font =0\fontdimen 2\font
(fontspec)             \tex_hyphenchar:D \font =-1\scan_stop: 
(fontspec)             - 'italic' (m/it) with NFSS spec.:
(fontspec)             <->"[texgyrecursor-italic.otf]/OT:script=latn;language=dflt;-liga;"
(fontspec)             - 'italic small caps'  (m/scit) with NFSS spec.:
(fontspec)             <->"[texgyrecursor-italic.otf]/OT:script=latn;language=dflt;-liga;+smcp;"
(fontspec)             and font adjustment code:
(fontspec)             \fontdimen 2\font =1\fontdimen 2\font \fontdimen 3\font
(fontspec)             =0\fontdimen 3\font \fontdimen 4\font =0\fontdimen
(fontspec)             4\font \fontdimen 7\font =0\fontdimen 2\font
(fontspec)             \tex_hyphenchar:D \font =-1\scan_stop: 
(fontspec)             - 'bold italic' (b/it) with NFSS spec.:
(fontspec)             <->"[texgyrecursor-bolditalic.otf]/OT:script=latn;language=dflt;-liga;"
(fontspec)             - 'bold italic small caps'  (b/scit) with NFSS spec.:
(fontspec)             <->"[texgyrecursor-bolditalic.otf]/OT:script=latn;language=dflt;-liga;+smcp;"
(fontspec)             and font adjustment code:
(fontspec)             \fontdimen 2\font =1\fontdimen 2\font \fontdimen 3\font
(fontspec)             =0\fontdimen 3\font \fontdimen 4\font =0\fontdimen
(fontspec)             4\font \fontdimen 7\font =0\fontdimen 2\font
(fontspec)             \tex_hyphenchar:D \font =-1\scan_stop: 


Package fontspec Info: 
(fontspec)             Font family 'texgyrecursor(1)' created for font
(fontspec)             'texgyrecursor' with options
(fontspec)             [Extension=.otf,UprightFont=*-regular,BoldFont=*-bold,ItalicFont=*-italic,BoldItalicFont=*-bolditalic,Ligatures=CommonOff].
(fontspec)              
(fontspec)              This font family consists of the following NFSS
(fontspec)             series/shapes:
(fontspec)              
(fontspec)             - 'normal' (m/n) with NFSS spec.:
(fontspec)             <->"[texgyrecursor-regular.otf]/OT:script=latn;language=dflt;-liga;"
(fontspec)             - 'small caps'  (m/sc) with NFSS spec.:
(fontspec)             <->"[texgyrecursor-regular.otf]/OT:script=latn;language=dflt;-liga;+smcp;"
(fontspec)             - 'bold' (b/n) with NFSS spec.:
(fontspec)             <->"[texgyrecursor-bold.otf]/OT:script=latn;language=dflt;-liga;"
(fontspec)             - 'bold small caps'  (b/sc) with NFSS spec.:
(fontspec)             <->"[texgyrecursor-bold.otf]/OT:script=latn;language=dflt;-liga;+smcp;"
(fontspec)             - 'italic' (m/it) with NFSS spec.:
(fontspec)             <->"[texgyrecursor-italic.otf]/OT:script=latn;language=dflt;-liga;"
(fontspec)             - 'italic small caps'  (m/scit) with NFSS spec.:
(fontspec)             <->"[texgyrecursor-italic.otf]/OT:script=latn;language=dflt;-liga;+smcp;"
(fontspec)             - 'bold italic' (b/it) with NFSS spec.:
(fontspec)             <->"[texgyrecursor-bolditalic.otf]/OT:script=latn;language=dflt;-liga;"
(fontspec)             - 'bold italic small caps'  (b/scit) with NFSS spec.:
(fontspec)             <->"[texgyrecursor-bolditalic.otf]/OT:script=latn;language=dflt;-liga;+smcp;"

LaTeX Font Info:    Overwriting math alphabet `\mathtt' in version `normal'
(Font)                  OT1/cmtt/m/n --> TU/texgyrecursor(1)/m/n on input line 121.
LaTeX Font Info:    Overwriting math alphabet `\mathtt' in version `bold'
(Font)                  OT1/cmtt/m/n --> TU/texgyrecursor(1)/b/n on input line 121.

Package fontspec Info: 
(fontspec)             Font family 'XITSMath-Regular.otf(0)' created for font
(fontspec)             'XITSMath-Regular.otf' with options
(fontspec)             [BoldItalicFont={},ItalicFont={},SmallCapsFont={},Script=Math,BoldFont={XITSMath-Bold.otf}].
(fontspec)              
(fontspec)              This font family consists of the following NFSS
(fontspec)             series/shapes:
(fontspec)              
(fontspec)             - 'normal' (m/n) with NFSS spec.:
(fontspec)             <->"[XITSMath-Regular.otf]/OT:script=math;language=dflt;"
(fontspec)             - 'bold' (b/n) with NFSS spec.:
(fontspec)             <->"[XITSMath-Bold.otf]/OT:script=math;language=dflt;"


Package fontspec Info: 
(fontspec)             Font family 'XITSMath-Regular.otf(1)' created for font
(fontspec)             'XITSMath-Regular.otf' with options
(fontspec)             [BoldItalicFont={},ItalicFont={},SmallCapsFont={},Script=Math,SizeFeatures={{Size=10.539375-},{Size=8.130375-10.539375,Font=XITSMath-Regular.otf,Style=MathScript},{Size=-8.130375,Font=XITSMath-Regular.otf,Style=MathScriptScript}},BoldFont={XITSMath-Bold.otf}].
(fontspec)              
(fontspec)              This font family consists of the following NFSS
(fontspec)             series/shapes:
(fontspec)              
(fontspec)             - 'normal' (m/n) with NFSS spec.:
(fontspec)             <10.539375->"[XITSMath-Regular.otf]/OT:script=math;language=dflt;"<8.130375-10.539375>"[XITSMath-Regular.otf]/OT:script=math;language=dflt;+ssty=0;"<-8.130375>"[XITSMath-Regular.otf]/OT:script=math;language=dflt;+ssty=1;"
(fontspec)             - 'bold' (b/n) with NFSS spec.:
(fontspec)             <->"[XITSMath-Bold.otf]/OT:script=math;language=dflt;"

LaTeX Font Info:    Encoding `OT1' has changed to `TU' for symbol font
(Font)              `operators' in the math version `normal' on input line 121.
LaTeX Font Info:    Overwriting symbol font `operators' in version `normal'
(Font)                  OT1/cmr/m/n --> TU/XITSMath-Regular.otf(1)/m/n on input line 121.
LaTeX Font Info:    Encoding `OT1' has changed to `TU' for symbol font
(Font)              `operators' in the math version `bold' on input line 121.
LaTeX Font Info:    Overwriting symbol font `operators' in version `bold'
(Font)                  OT1/cmr/bx/n --> TU/XITSMath-Regular.otf(1)/b/n on input line 121.

Package fontspec Info: 
(fontspec)             XITSMath-Regular scale = 1.0001.


Package fontspec Info: 
(fontspec)             XITSMath-Regular scale = 1.0001.


Package fontspec Info: 
(fontspec)             XITSMath-Regular scale = 1.0001.


Package fontspec Info: 
(fontspec)             XITSMath-Regular scale = 1.0001.


Package fontspec Info: 
(fontspec)             XITSMath-Bold scale = 1.0001.


Package fontspec Info: 
(fontspec)             Font family 'XITSMath-Regular.otf(2)' created for font
(fontspec)             'XITSMath-Regular.otf' with options
(fontspec)             [BoldItalicFont={},ItalicFont={},SmallCapsFont={},Script=Math,SizeFeatures={{Size=10.539375-},{Size=8.130375-10.539375,Font=XITSMath-Regular.otf,Style=MathScript},{Size=-8.130375,Font=XITSMath-Regular.otf,Style=MathScriptScript}},BoldFont={XITSMath-Bold.otf},ScaleAgain=1.0001,FontAdjustment={\fontdimen
(fontspec)             8\font =6.9861pt\relax \fontdimen 9\font
(fontspec)             =5.7816pt\relax \fontdimen 10\font =5.7816pt\relax
(fontspec)             \fontdimen 11\font =8.4315pt\relax \fontdimen 12\font
(fontspec)             =5.7816pt\relax \fontdimen 13\font =4.818pt\relax
(fontspec)             \fontdimen 14\font =4.818pt\relax \fontdimen 15\font
(fontspec)             =3.31238pt\relax \fontdimen 16\font =3.01125pt\relax
(fontspec)             \fontdimen 17\font =3.01125pt\relax \fontdimen 18\font
(fontspec)             =4.51688pt\relax \fontdimen 19\font =0.60225pt\relax
(fontspec)             \fontdimen 22\font =3.01125pt\relax \fontdimen 20\font
(fontspec)             =0pt\relax \fontdimen 21\font =0pt\relax }].
(fontspec)              
(fontspec)              This font family consists of the following NFSS
(fontspec)             series/shapes:
(fontspec)              
(fontspec)             - 'normal' (m/n) with NFSS spec.:
(fontspec)             <10.539375->s*[1.0001]"[XITSMath-Regular.otf]/OT:script=math;language=dflt;"<8.130375-10.539375>s*[1.0001]"[XITSMath-Regular.otf]/OT:script=math;language=dflt;+ssty=0;"<-8.130375>s*[1.0001]"[XITSMath-Regular.otf]/OT:script=math;language=dflt;+ssty=1;"
(fontspec)             - 'bold' (b/n) with NFSS spec.:
(fontspec)             <->s*[1.0001]"[XITSMath-Bold.otf]/OT:script=math;language=dflt;"

LaTeX Font Info:    Encoding `OMS' has changed to `TU' for symbol font
(Font)              `symbols' in the math version `normal' on input line 121.
LaTeX Font Info:    Overwriting symbol font `symbols' in version `normal'
(Font)                  OMS/cmsy/m/n --> TU/XITSMath-Regular.otf(2)/m/n on input line 121.
LaTeX Font Info:    Encoding `OMS' has changed to `TU' for symbol font
(Font)              `symbols' in the math version `bold' on input line 121.
LaTeX Font Info:    Overwriting symbol font `symbols' in version `bold'
(Font)                  OMS/cmsy/b/n --> TU/XITSMath-Regular.otf(2)/b/n on input line 121.

Package fontspec Info: 
(fontspec)             XITSMath-Regular scale = 0.9999.


Package fontspec Info: 
(fontspec)             XITSMath-Regular scale = 0.9999.


Package fontspec Info: 
(fontspec)             XITSMath-Regular scale = 0.9999.


Package fontspec Info: 
(fontspec)             XITSMath-Regular scale = 0.9999.


Package fontspec Info: 
(fontspec)             XITSMath-Bold scale = 0.9999.


Package fontspec Info: 
(fontspec)             Font family 'XITSMath-Regular.otf(3)' created for font
(fontspec)             'XITSMath-Regular.otf' with options
(fontspec)             [BoldItalicFont={},ItalicFont={},SmallCapsFont={},Script=Math,SizeFeatures={{Size=10.539375-},{Size=8.130375-10.539375,Font=XITSMath-Regular.otf,Style=MathScript},{Size=-8.130375,Font=XITSMath-Regular.otf,Style=MathScriptScript}},BoldFont={XITSMath-Bold.otf},ScaleAgain=0.9999,FontAdjustment={\fontdimen
(fontspec)             8\font =0.79497pt\relax \fontdimen 9\font
(fontspec)             =1.80675pt\relax \fontdimen 10\font =1.80675pt\relax
(fontspec)             \fontdimen 11\font =3.6135pt\relax \fontdimen 12\font
(fontspec)             =7.227pt\relax \fontdimen 13\font =0pt\relax }].
(fontspec)              
(fontspec)              This font family consists of the following NFSS
(fontspec)             series/shapes:
(fontspec)              
(fontspec)             - 'normal' (m/n) with NFSS spec.:
(fontspec)             <10.539375->s*[0.9999]"[XITSMath-Regular.otf]/OT:script=math;language=dflt;"<8.130375-10.539375>s*[0.9999]"[XITSMath-Regular.otf]/OT:script=math;language=dflt;+ssty=0;"<-8.130375>s*[0.9999]"[XITSMath-Regular.otf]/OT:script=math;language=dflt;+ssty=1;"
(fontspec)             - 'bold' (b/n) with NFSS spec.:
(fontspec)             <->s*[0.9999]"[XITSMath-Bold.otf]/OT:script=math;language=dflt;"

LaTeX Font Info:    Encoding `OMX' has changed to `TU' for symbol font
(Font)              `largesymbols' in the math version `normal' on input line 121.
LaTeX Font Info:    Overwriting symbol font `largesymbols' in version `normal'
(Font)                  OMX/cmex/m/n --> TU/XITSMath-Regular.otf(3)/m/n on input line 121.
LaTeX Font Info:    Encoding `OMX' has changed to `TU' for symbol font
(Font)              `largesymbols' in the math version `bold' on input line 121.
LaTeX Font Info:    Overwriting symbol font `largesymbols' in version `bold'
(Font)                  OMX/cmex/m/n --> TU/XITSMath-Regular.otf(3)/b/n on input line 121.

Package fontspec Info: 
(fontspec)             Font family 'XITSMath-Regular.otf(4)' created for font
(fontspec)             'XITSMath-Regular.otf' with options
(fontspec)             [BoldItalicFont={},ItalicFont={},SmallCapsFont={},Script=Math,SizeFeatures={{Size=10.539375-},{Size=8.130375-10.539375,Font=XITSMath-Regular.otf,Style=MathScript},{Size=-8.130375,Font=XITSMath-Regular.otf,Style=MathScriptScript}},BoldFont={XITSMath-Bold.otf},StylisticSet={1}].
(fontspec)              
(fontspec)              This font family consists of the following NFSS
(fontspec)             series/shapes:
(fontspec)              
(fontspec)             - 'normal' (m/n) with NFSS spec.:
(fontspec)             <10.539375->"[XITSMath-Regular.otf]/OT:script=math;language=dflt;+ss01;"<8.130375-10.539375>"[XITSMath-Regular.otf]/OT:script=math;language=dflt;+ss01;+ssty=0;"<-8.130375>"[XITSMath-Regular.otf]/OT:script=math;language=dflt;+ss01;+ssty=1;"
(fontspec)             - 'bold' (b/n) with NFSS spec.:
(fontspec)             <->"[XITSMath-Bold.otf]/OT:script=math;language=dflt;+ss01;"

\sym__um_fam1=\mathgroup4
LaTeX Font Info:    Overwriting symbol font `__um_fam1' in version `normal'
(Font)                  TU/XITSMath-Regular.otf(4)/m/n --> TU/XITSMath-Regular.otf(4)/m/n on input line 121.
LaTeX Font Info:    Overwriting symbol font `__um_fam1' in version `bold'
(Font)                  TU/XITSMath-Regular.otf(4)/m/n --> TU/XITSMath-Regular.otf(4)/b/n on input line 121.

Package fontspec Info: 
(fontspec)             Could not resolve font "FandolKai/BI" (it probably
(fontspec)             doesn't exist).


Package fontspec Info: 
(fontspec)             Could not resolve font "FandolKai/B" (it probably
(fontspec)             doesn't exist).


Package fontspec Info: 
(fontspec)             Could not resolve font "FandolKai/I" (it probably
(fontspec)             doesn't exist).


Package fontspec Info: 
(fontspec)             Font family 'FandolKai(0)' created for font 'FandolKai'
(fontspec)             with options [].
(fontspec)              
(fontspec)              This font family consists of the following NFSS
(fontspec)             series/shapes:
(fontspec)              
(fontspec)             - 'normal' (m/n) with NFSS spec.:
(fontspec)             <->"FandolKai/OT:language=dflt;"

Package thmtools Info: Key `numberwithin' (with value `chapter')
(thmtools)             is not a known style key.
(thmtools)             Will pass this to every \declaretheorem
(thmtools)             that uses `style=gdut-no-number' on input line 121.
Package thmtools Info: Key `qed' (with value `\l__gdut_thm_qed_tl ')
(thmtools)             is not a known style key.
(thmtools)             Will pass this to every \declaretheorem
(thmtools)             that uses `style=gdut-no-number' on input line 121.
Package thmtools Info: Key `numbered' (with value `no')
(thmtools)             is not a known style key.
(thmtools)             Will pass this to every \declaretheorem
(thmtools)             that uses `style=gdut-no-number' on input line 121.
Package thmtools Info: Key `numberwithin' (with value `chapter')
(thmtools)             is not a known style key.
(thmtools)             Will pass this to every \declaretheorem
(thmtools)             that uses `style=gdut-number' on input line 121.
Package thmtools Info: Key `qed' (with value `')
(thmtools)             is not a known style key.
(thmtools)             Will pass this to every \declaretheorem
(thmtools)             that uses `style=gdut-number' on input line 121.
\c@assertion=\count424
\c@assumption=\count425
\c@axiom=\count426
\c@corollary=\count427
\c@definition=\count428
\c@example=\count429
\c@lemma=\count430
\c@proposition=\count431
\c@theorem=\count432
 (c:/texlive/2025/texmf-dist/tex/latex/natbib/natbib.sty
Package: natbib 2010/09/13 8.31b (PWD, AO)
\bibhang=\skip143
\bibsep=\skip144
LaTeX Info: Redefining \cite on input line 694.
\c@NAT@ctr=\count433
) (c:/texlive/2025/texmf-dist/tex/latex/hyperref/hyperref.sty
Package: hyperref 2024-11-05 v7.01l Hypertext links for LaTeX
 (c:/texlive/2025/texmf-dist/tex/generic/kvdefinekeys/kvdefinekeys.sty
Package: kvdefinekeys 2019-12-19 v1.6 Define keys (HO)
) (c:/texlive/2025/texmf-dist/tex/generic/pdfescape/pdfescape.sty
Package: pdfescape 2019/12/09 v1.15 Implements pdfTeX's escape features (HO)
 (c:/texlive/2025/texmf-dist/tex/generic/pdftexcmds/pdftexcmds.sty
Package: pdftexcmds 2020-06-27 v0.33 Utility functions of pdfTeX for LuaTeX (HO)
 (c:/texlive/2025/texmf-dist/tex/generic/infwarerr/infwarerr.sty
Package: infwarerr 2019/12/03 v1.5 Providing info/warning/error messages (HO)
)
Package pdftexcmds Info: \pdf@primitive is available.
Package pdftexcmds Info: \pdf@ifprimitive is available.
Package pdftexcmds Info: \pdfdraftmode not found.
)) (c:/texlive/2025/texmf-dist/tex/latex/hycolor/hycolor.sty
Package: hycolor 2020-01-27 v1.10 Color options for hyperref/bookmark (HO)
) (c:/texlive/2025/texmf-dist/tex/latex/hyperref/nameref.sty
Package: nameref 2023-11-26 v2.56 Cross-referencing by name of section
 (c:/texlive/2025/texmf-dist/tex/latex/refcount/refcount.sty
Package: refcount 2019/12/15 v3.6 Data extraction from label references (HO)
) (c:/texlive/2025/texmf-dist/tex/generic/gettitlestring/gettitlestring.sty
Package: gettitlestring 2019/12/15 v1.6 Cleanup title references (HO)
)
\c@section@level=\count434
) (c:/texlive/2025/texmf-dist/tex/generic/stringenc/stringenc.sty
Package: stringenc 2019/11/29 v1.12 Convert strings between diff. encodings (HO)
)
\@linkdim=\dimen359
\Hy@linkcounter=\count435
\Hy@pagecounter=\count436
 (c:/texlive/2025/texmf-dist/tex/latex/hyperref/pd1enc.def
File: pd1enc.def 2024-11-05 v7.01l Hyperref: PDFDocEncoding definition (HO)
) (c:/texlive/2025/texmf-dist/tex/generic/intcalc/intcalc.sty
Package: intcalc 2019/12/15 v1.3 Expandable calculations with integers (HO)
)
\Hy@SavedSpaceFactor=\count437
 (c:/texlive/2025/texmf-dist/tex/latex/hyperref/puenc.def
File: puenc.def 2024-11-05 v7.01l Hyperref: PDF Unicode definition (HO)
)
Package hyperref Info: Option `unicode' set `true' on input line 4040.
Package hyperref Info: Hyper figures OFF on input line 4157.
Package hyperref Info: Link nesting OFF on input line 4162.
Package hyperref Info: Hyper index ON on input line 4165.
Package hyperref Info: Plain pages OFF on input line 4172.
Package hyperref Info: Backreferencing OFF on input line 4177.
Package hyperref Info: Implicit mode ON; LaTeX internals redefined.
Package hyperref Info: Bookmarks ON on input line 4424.
\c@Hy@tempcnt=\count438
 (c:/texlive/2025/texmf-dist/tex/latex/url/url.sty
\Urlmuskip=\muskip19
Package: url 2013/09/16  ver 3.4  Verb mode for urls, etc.
)
LaTeX Info: Redefining \url on input line 4763.
\XeTeXLinkMargin=\dimen360
 (c:/texlive/2025/texmf-dist/tex/generic/bitset/bitset.sty
Package: bitset 2019/12/09 v1.3 Handle bit-vector datatype (HO)
 (c:/texlive/2025/texmf-dist/tex/generic/bigintcalc/bigintcalc.sty
Package: bigintcalc 2019/12/15 v1.5 Expandable calculations on big integers (HO)
))
\Fld@menulength=\count439
\Field@Width=\dimen361
\Fld@charsize=\dimen362
Package hyperref Info: Hyper figures OFF on input line 6042.
Package hyperref Info: Link nesting OFF on input line 6047.
Package hyperref Info: Hyper index ON on input line 6050.
Package hyperref Info: backreferencing OFF on input line 6057.
Package hyperref Info: Link coloring OFF on input line 6062.
Package hyperref Info: Link coloring with OCG OFF on input line 6067.
Package hyperref Info: PDF/A mode OFF on input line 6072.
 (c:/texlive/2025/texmf-dist/tex/latex/base/atbegshi-ltx.sty
Package: atbegshi-ltx 2021/01/10 v1.0c Emulation of the original atbegshi
package with kernel methods
)
\Hy@abspage=\count440
\c@Item=\count441
\c@Hfootnote=\count442
)
Package hyperref Info: Driver (autodetected): hxetex.
 (c:/texlive/2025/texmf-dist/tex/latex/hyperref/hxetex.def
File: hxetex.def 2024-11-05 v7.01l Hyperref driver for XeTeX
\pdfm@box=\box97
\c@Hy@AnnotLevel=\count443
\HyField@AnnotCount=\count444
\Fld@listcount=\count445
\c@bookmark@seq@number=\count446
 (c:/texlive/2025/texmf-dist/tex/latex/rerunfilecheck/rerunfilecheck.sty
Package: rerunfilecheck 2022-07-10 v1.10 Rerun checks for auxiliary files (HO)

(c:/texlive/2025/texmf-dist/tex/latex/base/atveryend-ltx.sty
Package: atveryend-ltx 2020/08/19 v1.0a Emulation of the original atveryend package
with kernel methods
) (c:/texlive/2025/texmf-dist/tex/generic/uniquecounter/uniquecounter.sty
Package: uniquecounter 2019/12/15 v1.4 Provide unlimited unique counter (HO)
)
Package uniquecounter Info: New unique counter `rerunfilecheck' on input line 285.
)
\Hy@SectionHShift=\skip145
)
Package hyperref Info: Option `bookmarksnumbered' set `true' on input line 121.
Package hyperref Info: Option `psdextra' set `true' on input line 121.
 (c:/texlive/2025/texmf-dist/tex/latex/hyperref/psdextra.def
File: psdextra.def 2024-11-05 v7.01l Hyperref: Additions to PDF string support
)
Package hyperref Info: Option `unicode' set `true' on input line 121.
Package hyperref Info: Option `colorlinks' set `true' on input line 121.
 (c:/texlive/2025/texmf-dist/tex/latex/glossaries/base/glossaries.sty
Package: glossaries 2025/03/03 v4.56 (NLCT)
 (c:/texlive/2025/texmf-dist/tex/latex/mfirstuc/mfirstuc.sty
Package: mfirstuc 2022/10/14 v2.08 (NLCT)
\@glsmfirst=\toks67
\@glsmrest=\toks68
) (c:/texlive/2025/texmf-dist/tex/latex/xfor/xfor.sty
Package: xfor 2009/02/05 v1.05 (NLCT)
) (c:/texlive/2025/texmf-dist/tex/latex/tracklang/tracklang.sty
Package: tracklang 2025/03/04 v1.6.5 (NLCT) Track Languages
 (c:/texlive/2025/texmf-dist/tex/generic/tracklang/tracklang.tex)) (c:/texlive/2025/texmf-dist/tex/latex/glossaries-english/glossaries-english.ldf
File: glossaries-english.ldf 2014/11/23 v1.0
) (c:/texlive/2025/texmf-dist/tex/latex/datatool/datatool-base.sty
Package: datatool-base 2025/03/05 v3.0.1 (NLCT)
 (c:/texlive/2025/texmf-dist/tex/latex/datatool/datatool-l3fp.def
File: datatool-l3fp.def 2025/03/05 v3.0.1 (NLCT)
)
\@dtl@toks=\toks69
\@dtl@tmpcount=\count447
\dtl@tmplength=\skip146
\l__datatool_measure_box=\box98
\dtl@sortresult=\count448
 (c:/texlive/2025/texmf-dist/tex/latex/datatool/datatool-utf8.ldf
File: datatool-utf8.ldf 2025/03/05 v3.0.1 (NLCT)
)
\@dtl@datatype=\count449
\l__datatool_tmpa_int=\count450
\l__datatool_tmpb_int=\count451
\l__datatool_tmpc_int=\count452
\l__datatool_tmpd_int=\count453
\l__datatool_count_int=\count454
\l__datatool_tmp_datatype_int=\count455
\l__datatool_tmpa_dim=\dimen363
\l__datatool_tmpb_dim=\dimen364
\c_datatool_unknown_int=\count456
\l__datatool_year_int=\count457
\l__datatool_month_int=\count458
\l__datatool_day_int=\count459
\l__datatool_hour_int=\count460
\l__datatool_minute_int=\count461
\l__datatool_second_int=\count462
\l__datatool_tzhour_int=\count463
\l__datatool_tzminute_int=\count464
\l__datatool_julian_int=\count465
\l__datatool_local_julian_int=\count466
\l__datatool_prefix_int=\count467
\l__datatool_suffix_int=\count468
\@dtl@foreach@level=\count469
 (c:/texlive/2025/texmf-dist/tex/latex/datatool-english/datatool-english.ldf
File: datatool-english.ldf 2025/03/01 v1.0 (NLCT)
 (c:/texlive/2025/texmf-dist/tex/latex/datatool-english/datatool-english-utf8.ldf
File: datatool-english-utf8.ldf 2025/03/01 v1.0 (NLCT)
))
\dtl@codeA=\count470
\dtl@codeB=\count471
)
\gls@level=\count472
\@gls@tmpb=\toks70
\gls@tmplen=\skip147
\glskeylisttok=\toks71
\glslabeltok=\toks72
\glsshorttok=\toks73
\glslongtok=\toks74
 (c:/texlive/2025/texmf-dist/tex/latex/glossaries/styles/glossary-hypernav.sty
Package: glossary-hypernav 2025/03/03 v4.56 (NLCT)
) (c:/texlive/2025/texmf-dist/tex/latex/glossaries/styles/glossary-list.sty
Package: glossary-list 2025/03/03 v4.56 (NLCT)
\glslistdottedwidth=\skip148
) (c:/texlive/2025/texmf-dist/tex/latex/glossaries/styles/glossary-long.sty
Package: glossary-long 2025/03/03 v4.56 (NLCT)
\glsdescwidth=\skip149
\glspagelistwidth=\skip150
) (c:/texlive/2025/texmf-dist/tex/latex/glossaries/styles/glossary-super.sty
Package: glossary-super 2025/03/03 v4.56 (NLCT)
 (c:/texlive/2025/texmf-dist/tex/latex/supertabular/supertabular.sty
Package: supertabular 2024/07/20 v4.2c the supertabular environment
\c@tracingst=\count473
\ST@wd=\dimen365
\ST@rightskip=\skip151
\ST@leftskip=\skip152
\ST@parfillskip=\skip153
\ST@pageleft=\dimen366
\ST@headht=\dimen367
\ST@tailht=\dimen368
\ST@pagesofar=\dimen369
\ST@pboxht=\dimen370
\ST@rowht=\dimen371
\ST@prevht=\dimen372
\ST@toadd=\dimen373
\ST@dimen=\dimen374
\ST@pbox=\box99
)) (c:/texlive/2025/texmf-dist/tex/latex/glossaries/styles/glossary-tree.sty
Package: glossary-tree 2025/03/03 v4.56 (NLCT)
\glstreeindent=\skip154
)) (./data/glossaries.tex)

Package fontspec Info: 
(fontspec)             Script 'CJK' not explicitly supported within font
(fontspec)             'FandolSong-Regular'. Check the typeset output, and if
(fontspec)             it is okay then ignore this warning. Otherwise a
(fontspec)             different font should be chosen.


Package fontspec Info: 
(fontspec)             Font family 'FandolSong(0)' created for font
(fontspec)             'FandolSong' with options
(fontspec)             [Script={CJK},Extension={.otf},UprightFont={*-Regular},BoldItalicFont={*-Bold},BoldFont={*-Bold},ItalicFont={*-Regular}].
(fontspec)              
(fontspec)              This font family consists of the following NFSS
(fontspec)             series/shapes:
(fontspec)              
(fontspec)             - 'normal' (m/n) with NFSS spec.:
(fontspec)             <->"[FandolSong-Regular.otf]/OT:script=hani;language=dflt;"
(fontspec)             - 'bold' (b/n) with NFSS spec.:
(fontspec)             <->"[FandolSong-Bold.otf]/OT:script=hani;language=dflt;"
(fontspec)             - 'italic' (m/it) with NFSS spec.:
(fontspec)             <->"[FandolSong-Regular.otf]/OT:script=hani;language=dflt;"
(fontspec)             - 'bold italic' (b/it) with NFSS spec.:
(fontspec)             <->"[FandolSong-Bold.otf]/OT:script=hani;language=dflt;"

 (./main.aux)
\openout1 = `main.aux'.

LaTeX Font Info:    Checking defaults for OML/cmm/m/it on input line 121.
LaTeX Font Info:    ... okay on input line 121.
LaTeX Font Info:    Checking defaults for OMS/cmsy/m/n on input line 121.
LaTeX Font Info:    ... okay on input line 121.
LaTeX Font Info:    Checking defaults for OT1/cmr/m/n on input line 121.
LaTeX Font Info:    ... okay on input line 121.
LaTeX Font Info:    Checking defaults for T1/cmr/m/n on input line 121.
LaTeX Font Info:    ... okay on input line 121.
LaTeX Font Info:    Checking defaults for TS1/cmr/m/n on input line 121.
LaTeX Font Info:    ... okay on input line 121.
LaTeX Font Info:    Checking defaults for TU/lmr/m/n on input line 121.
LaTeX Font Info:    ... okay on input line 121.
LaTeX Font Info:    Checking defaults for OMX/cmex/m/n on input line 121.
LaTeX Font Info:    ... okay on input line 121.
LaTeX Font Info:    Checking defaults for U/cmr/m/n on input line 121.
LaTeX Font Info:    ... okay on input line 121.
LaTeX Font Info:    Checking defaults for PD1/pdf/m/n on input line 121.
LaTeX Font Info:    ... okay on input line 121.
LaTeX Font Info:    Checking defaults for PU/pdf/m/n on input line 121.
LaTeX Font Info:    ... okay on input line 121.

*geometry* driver: auto-detecting
*geometry* detected driver: xetex
*geometry* verbose mode - [ preamble ] result:
* driver: xetex
* paper: a4paper
* layout: <same size as paper>
* layoutoffset:(h,v)=(0.0pt,0.0pt)
* modes: twoside 
* h-part:(L,W,R)=(73.97733pt, 449.55322pt, 73.97733pt)
* v-part:(T,H,B)=(73.97733pt, 697.0922pt, 73.97733pt)
* \paperwidth=597.50787pt
* \paperheight=845.04684pt
* \textwidth=449.55322pt
* \textheight=697.0922pt
* \oddsidemargin=1.70734pt
* \evensidemargin=1.70734pt
* \topmargin=-32.0091pt
* \headheight=21.90874pt
* \headsep=11.8077pt
* \topskip=12.0pt
* \footskip=24.18501pt
* \marginparwidth=98.0pt
* \marginparsep=7.0pt
* \columnsep=10.0pt
* \skip\footins=10.8pt plus 4.0pt minus 2.0pt
* \hoffset=0.0pt
* \voffset=0.0pt
* \mag=1000
* \@twocolumnfalse
* \@twosidetrue
* \@mparswitchtrue
* \@reversemarginfalse
* (1in=72.27pt=25.4mm, 1cm=28.453pt)

(c:/texlive/2025/texmf-dist/tex/latex/pdflscape/pdflscape.sty
Package: pdflscape 2022-10-27 v0.13 Display of landscape pages in PDF
 (c:/texlive/2025/texmf-dist/tex/latex/pdflscape/pdflscape-nometadata.sty
Package: pdflscape-nometadata 2022-10-28 v0.13 Display of landscape pages in PDF (HO)
 (c:/texlive/2025/texmf-dist/tex/latex/graphics/lscape.sty
Package: lscape 2020/05/28 v3.02 Landscape Pages (DPC)
)
Package pdflscape Info: Auto-detected driver: dvipdfm (xetex) on input line 98.
))
Package caption Info: Begin \AtBeginDocument code.
Package caption Info: subfig package v1.3 is loaded.
Package caption Info: float package is loaded.
Package caption Info: hyperref package is loaded.
Package caption Info: supertabular package is loaded.
Package caption Info: End \AtBeginDocument code.
Package bicaption Info: Main language is not set on input line 121.
 (c:/texlive/2025/texmf-dist/tex/latex/siunitx/siunitx-abbreviations.cfg
File: siunitx-abbreviations.cfg 2021-04-17 v2.8e siunitx: Abbreviated units
) (c:/texlive/2025/texmf-dist/tex/latex/translator/translator-basic-dictionary-English.dict
Dictionary: translator-basic-dictionary, Language: English 
)
Package hyperref Info: Link coloring ON on input line 121.
\@outlinefile=\write4
\openout4 = `main.out'.



Package hyperref Warning: Rerun to get /PageLabels entry.

LaTeX Font Info:    Font shape `TU/XITSMath-Regular.otf(2)/m/n' will be
(Font)              scaled to size 12.04628pt on input line 121.
LaTeX Font Info:    Font shape `TU/XITSMath-Regular.otf(2)/m/n' will be
(Font)              scaled to size 9.03471pt on input line 121.
LaTeX Font Info:    Font shape `TU/XITSMath-Regular.otf(2)/m/n' will be
(Font)              scaled to size 7.22777pt on input line 121.
LaTeX Font Info:    Font shape `TU/XITSMath-Regular.otf(3)/m/n' will be
(Font)              scaled to size 12.0437pt on input line 121.
LaTeX Font Info:    Font shape `TU/XITSMath-Regular.otf(3)/m/n' will be
(Font)              scaled to size 9.03278pt on input line 121.
LaTeX Font Info:    Font shape `TU/XITSMath-Regular.otf(3)/m/n' will be
(Font)              scaled to size 7.22623pt on input line 121.

Package fontspec Info: 
(fontspec)             Script 'CJK' not explicitly supported within font
(fontspec)             'FandolHei-Regular'. Check the typeset output, and if
(fontspec)             it is okay then ignore this warning. Otherwise a
(fontspec)             different font should be chosen.


Package fontspec Info: 
(fontspec)             Font family 'FandolHei(0)' created for font 'FandolHei'
(fontspec)             with options
(fontspec)             [Script={CJK},Extension={.otf},UprightFont={*-Regular},BoldItalicFont={*-Bold},BoldFont={*-Bold},ItalicFont={*-Regular}].
(fontspec)              
(fontspec)              This font family consists of the following NFSS
(fontspec)             series/shapes:
(fontspec)              
(fontspec)             - 'normal' (m/n) with NFSS spec.:
(fontspec)             <->"[FandolHei-Regular.otf]/OT:script=hani;language=dflt;"
(fontspec)             - 'bold' (b/n) with NFSS spec.:
(fontspec)             <->"[FandolHei-Bold.otf]/OT:script=hani;language=dflt;"
(fontspec)             - 'italic' (m/it) with NFSS spec.:
(fontspec)             <->"[FandolHei-Regular.otf]/OT:script=hani;language=dflt;"
(fontspec)             - 'bold italic' (b/it) with NFSS spec.:
(fontspec)             <->"[FandolHei-Bold.otf]/OT:script=hani;language=dflt;"

LaTeX Font Info:    Font shape `TU/XITSMath-Regular.otf(2)/m/n' will be
(Font)              scaled to size 14.05399pt on input line 121.
LaTeX Font Info:    Font shape `TU/XITSMath-Regular.otf(2)/m/n' will be
(Font)              scaled to size 10.54048pt on input line 121.
LaTeX Font Info:    Font shape `TU/XITSMath-Regular.otf(2)/m/n' will be
(Font)              scaled to size 7.52892pt on input line 121.
LaTeX Font Info:    Font shape `TU/XITSMath-Regular.otf(3)/m/n' will be
(Font)              scaled to size 14.05098pt on input line 121.
LaTeX Font Info:    Font shape `TU/XITSMath-Regular.otf(3)/m/n' will be
(Font)              scaled to size 10.53824pt on input line 121.
LaTeX Font Info:    Font shape `TU/XITSMath-Regular.otf(3)/m/n' will be
(Font)              scaled to size 7.52731pt on input line 121.


[1


]

[2]

[3


] (./data/abstract.tex


Package fontspec Info: 
(fontspec)             Script 'CJK' not explicitly supported within font
(fontspec)             'FandolKai-Regular'. Check the typeset output, and if
(fontspec)             it is okay then ignore this warning. Otherwise a
(fontspec)             different font should be chosen.


Package fontspec Info: 
(fontspec)             Font family 'FandolKai(1)' created for font 'FandolKai'
(fontspec)             with options
(fontspec)             [Script={CJK},Extension={.otf},UprightFont={*-Regular},BoldItalicFont={*-Regular},BoldFont={*-Regular},ItalicFont={*-Regular}].
(fontspec)              
(fontspec)              This font family consists of the following NFSS
(fontspec)             series/shapes:
(fontspec)              
(fontspec)             - 'normal' (m/n) with NFSS spec.:
(fontspec)             <->"[FandolKai-Regular.otf]/OT:script=hani;language=dflt;"
(fontspec)             - 'bold' (b/n) with NFSS spec.:
(fontspec)             <->"[FandolKai-Regular.otf]/OT:script=hani;language=dflt;"
(fontspec)             - 'italic' (m/it) with NFSS spec.:
(fontspec)             <->"[FandolKai-Regular.otf]/OT:script=hani;language=dflt;"
(fontspec)             - 'bold italic' (b/it) with NFSS spec.:
(fontspec)             <->"[FandolKai-Regular.otf]/OT:script=hani;language=dflt;"

[1

]

[2]

[3

]) (./data/notation.tex

[4]
LaTeX Font Info:    Font shape `TU/XITSMath-Regular.otf(2)/m/n' will be
(Font)              scaled to size 7.00075pt on input line 5.
LaTeX Font Info:    Font shape `TU/XITSMath-Regular.otf(2)/m/n' will be
(Font)              scaled to size 5.00053pt on input line 5.
LaTeX Font Info:    Font shape `TU/XITSMath-Regular.otf(3)/m/n' will be
(Font)              scaled to size 6.99925pt on input line 5.
LaTeX Font Info:    Font shape `TU/XITSMath-Regular.otf(3)/m/n' will be
(Font)              scaled to size 4.99947pt on input line 5.
)

Package glossaries Warning: Empty glossary for \printnoidxglossary[type={main}]. Rerun may be required (or you may have forgotten to use commands like \gls) on input line 131.



[5

]
No file main.toc.
\tf@toc=\write5
\openout5 = `main.toc'.



[6

] (./main.tec)
\tf@tec=\write6
\openout6 = `main.tec'.



[7

] (./data/chap01.tex
第一章


[1


]

[2]

[3]

[4]

[5]

[6]

LaTeX Warning: Reference `fig:fig1' on page 7 undefined on input line 52.

File: figure/fig1.pdf Graphic file (type pdf)
<use figure/fig1.pdf>


[7]

[8]

Package natbib Warning: Citation `chendengyuan2000guoshi' on page 9 undefined on input line 73.


Package natbib Warning: Citation `woerdelun2012jingji' on page 9 undefined on input line 73.


LaTeX Warning: Reference `fig:example' on page 9 undefined on input line 75.


LaTeX Warning: Reference `sub-fig-1' on page 9 undefined on input line 75.


LaTeX Warning: Reference `sub-fig-2' on page 9 undefined on input line 75.


LaTeX Warning: Reference `eq:example' on page 9 undefined on input line 77.


LaTeX Warning: Reference `tab:example' on page 9 undefined on input line 79.



[9]
File: example-image.pdf Graphic file (type pdf)
<use example-image.pdf>
File: example-image.pdf Graphic file (type pdf)
<use example-image.pdf>
) (./data/chap02.tex

[10]
第二章

LaTeX Warning: Reference `fig:fig2' on page 11 undefined on input line 11.

File: figure/fig2.png Graphic file (type bmp)
<figure/fig2.png>
File: figure/fig3.png Graphic file (type bmp)
<figure/fig3.png>
./data/chap02.tex:35: Missing $ inserted.
<inserted text> 
                $
l.35 ...拆分注意力模块C2SASA，重排分组卷积模块SSConv，和带有四向卷积的C3k2_
                                                  QDConv模块：
I've inserted a begin-math/end-math symbol since I think
you left one out. Proceed, with fingers crossed.

./data/chap02.tex:36: Missing $ inserted.
<inserted text> 
                $
l.36 \par
         \noindent 1）^^I用通道拆分式注意力模块C2SASA（图2右上角所示），具体是在继承原始C2PSA结构优势的基础上，以选择...
I've inserted a begin-math/end-math symbol since I think
you left one out. Proceed, with fingers crossed.

Missing character: There is no 模 (U+6A21) in font [XITSMath-Regular.otf]/OT:script=math;language=dflt;!
Missing character: There is no 块 (U+5757) in font [XITSMath-Regular.otf]/OT:script=math;language=dflt;!
Missing character: There is no ： (U+FF1A) in font [XITSMath-Regular.otf]/OT:script=math;language=dflt;!


[11

]
./data/chap02.tex:38: Missing $ inserted.
<inserted text> 
                $
l.38 ...\noindent 3）^^I在Neck部分的C2K2模块中用Bottleneck_
                                                  QDConv（图2右上角所示）取代原有的Bottle...
I've inserted a begin-math/end-math symbol since I think
you left one out. Proceed, with fingers crossed.

./data/chap02.tex:39: Missing $ inserted.
<inserted text> 
                $
l.39 
     
I've inserted a begin-math/end-math symbol since I think
you left one out. Proceed, with fingers crossed.

Missing character: There is no （ (U+FF08) in font [XITSMath-Regular.otf]/OT:script=math;language=dflt;!
Missing character: There is no 图 (U+56FE) in font [XITSMath-Regular.otf]/OT:script=math;language=dflt;!
Missing character: There is no 右 (U+53F3) in font [XITSMath-Regular.otf]/OT:script=math;language=dflt;!
Missing character: There is no 上 (U+4E0A) in font [XITSMath-Regular.otf]/OT:script=math;language=dflt;!
Missing character: There is no 角 (U+89D2) in font [XITSMath-Regular.otf]/OT:script=math;language=dflt;!
Missing character: There is no 所 (U+6240) in font [XITSMath-Regular.otf]/OT:script=math;language=dflt;!
Missing character: There is no 示 (U+793A) in font [XITSMath-Regular.otf]/OT:script=math;language=dflt;!
Missing character: There is no ） (U+FF09) in font [XITSMath-Regular.otf]/OT:script=math;language=dflt;!
Missing character: There is no 取 (U+53D6) in font [XITSMath-Regular.otf]/OT:script=math;language=dflt;!
Missing character: There is no 代 (U+4EE3) in font [XITSMath-Regular.otf]/OT:script=math;language=dflt;!
Missing character: There is no 原 (U+539F) in font [XITSMath-Regular.otf]/OT:script=math;language=dflt;!
Missing character: There is no 有 (U+6709) in font [XITSMath-Regular.otf]/OT:script=math;language=dflt;!
Missing character: There is no 的 (U+7684) in font [XITSMath-Regular.otf]/OT:script=math;language=dflt;!
Missing character: There is no 操 (U+64CD) in font [XITSMath-Regular.otf]/OT:script=math;language=dflt;!
Missing character: There is no 作 (U+4F5C) in font [XITSMath-Regular.otf]/OT:script=math;language=dflt;!
Missing character: There is no ， (U+FF0C) in font [XITSMath-Regular.otf]/OT:script=math;language=dflt;!
Missing character: There is no 得 (U+5F97) in font [XITSMath-Regular.otf]/OT:script=math;language=dflt;!
Missing character: There is no 到 (U+5230) in font [XITSMath-Regular.otf]/OT:script=math;language=dflt;!
Missing character: There is no 新 (U+65B0) in font [XITSMath-Regular.otf]/OT:script=math;language=dflt;!
Missing character: There is no 的 (U+7684) in font [XITSMath-Regular.otf]/OT:script=math;language=dflt;!
Missing character: There is no 模 (U+6A21) in font [XITSMath-Regular.otf]/OT:script=math;language=dflt;!
Missing character: There is no 块 (U+5757) in font [XITSMath-Regular.otf]/OT:script=math;language=dflt;!
Missing character: There is no ， (U+FF0C) in font [XITSMath-Regular.otf]/OT:script=math;language=dflt;!
Missing character: There is no 以 (U+4EE5) in font [XITSMath-Regular.otf]/OT:script=math;language=dflt;!
Missing character: There is no 应 (U+5E94) in font [XITSMath-Regular.otf]/OT:script=math;language=dflt;!
Missing character: There is no 对 (U+5BF9) in font [XITSMath-Regular.otf]/OT:script=math;language=dflt;!
Missing character: There is no 传 (U+4F20) in font [XITSMath-Regular.otf]/OT:script=math;language=dflt;!
Missing character: There is no 统 (U+7EDF) in font [XITSMath-Regular.otf]/OT:script=math;language=dflt;!
Missing character: There is no 操 (U+64CD) in font [XITSMath-Regular.otf]/OT:script=math;language=dflt;!
Missing character: There is no 作 (U+4F5C) in font [XITSMath-Regular.otf]/OT:script=math;language=dflt;!
Missing character: There is no 在 (U+5728) in font [XITSMath-Regular.otf]/OT:script=math;language=dflt;!
Missing character: There is no 空 (U+7A7A) in font [XITSMath-Regular.otf]/OT:script=math;language=dflt;!
Missing character: There is no 间 (U+95F4) in font [XITSMath-Regular.otf]/OT:script=math;language=dflt;!
Missing character: There is no 几 (U+51E0) in font [XITSMath-Regular.otf]/OT:script=math;language=dflt;!
Missing character: There is no 何 (U+4F55) in font [XITSMath-Regular.otf]/OT:script=math;language=dflt;!
Missing character: There is no 建 (U+5EFA) in font [XITSMath-Regular.otf]/OT:script=math;language=dflt;!
Missing character: There is no 模 (U+6A21) in font [XITSMath-Regular.otf]/OT:script=math;language=dflt;!
Missing character: There is no 方 (U+65B9) in font [XITSMath-Regular.otf]/OT:script=math;language=dflt;!
Missing character: There is no 面 (U+9762) in font [XITSMath-Regular.otf]/OT:script=math;language=dflt;!
Missing character: There is no 的 (U+7684) in font [XITSMath-Regular.otf]/OT:script=math;language=dflt;!
Missing character: There is no 局 (U+5C40) in font [XITSMath-Regular.otf]/OT:script=math;language=dflt;!
Missing character: There is no 限 (U+9650) in font [XITSMath-Regular.otf]/OT:script=math;language=dflt;!
Missing character: There is no 。 (U+3002) in font [XITSMath-Regular.otf]/OT:script=math;language=dflt;!
Missing character: There is no 该 (U+8BE5) in font [XITSMath-Regular.otf]/OT:script=math;language=dflt;!
Missing character: There is no 模 (U+6A21) in font [XITSMath-Regular.otf]/OT:script=math;language=dflt;!
Missing character: There is no 块 (U+5757) in font [XITSMath-Regular.otf]/OT:script=math;language=dflt;!
Missing character: There is no 引 (U+5F15) in font [XITSMath-Regular.otf]/OT:script=math;language=dflt;!
Missing character: There is no 入 (U+5165) in font [XITSMath-Regular.otf]/OT:script=math;language=dflt;!
Missing character: There is no 四 (U+56DB) in font [XITSMath-Regular.otf]/OT:script=math;language=dflt;!
Missing character: There is no 向 (U+5411) in font [XITSMath-Regular.otf]/OT:script=math;language=dflt;!
Missing character: There is no 卷 (U+5377) in font [XITSMath-Regular.otf]/OT:script=math;language=dflt;!
Missing character: There is no 积 (U+79EF) in font [XITSMath-Regular.otf]/OT:script=math;language=dflt;!
Missing character: There is no 结 (U+7ED3) in font [XITSMath-Regular.otf]/OT:script=math;language=dflt;!
Missing character: There is no 构 (U+6784) in font [XITSMath-Regular.otf]/OT:script=math;language=dflt;!
Missing character: There is no ， (U+FF0C) in font [XITSMath-Regular.otf]/OT:script=math;language=dflt;!
Missing character: There is no 增 (U+589E) in font [XITSMath-Regular.otf]/OT:script=math;language=dflt;!
Missing character: There is no 强 (U+5F3A) in font [XITSMath-Regular.otf]/OT:script=math;language=dflt;!
Missing character: There is no 模 (U+6A21) in font [XITSMath-Regular.otf]/OT:script=math;language=dflt;!
Missing character: There is no 型 (U+578B) in font [XITSMath-Regular.otf]/OT:script=math;language=dflt;!
Missing character: There is no 对 (U+5BF9) in font [XITSMath-Regular.otf]/OT:script=math;language=dflt;!
Missing character: There is no 不 (U+4E0D) in font [XITSMath-Regular.otf]/OT:script=math;language=dflt;!
Missing character: There is no 同 (U+540C) in font [XITSMath-Regular.otf]/OT:script=math;language=dflt;!
Missing character: There is no 空 (U+7A7A) in font [XITSMath-Regular.otf]/OT:script=math;language=dflt;!
Missing character: There is no 间 (U+95F4) in font [XITSMath-Regular.otf]/OT:script=math;language=dflt;!
Missing character: There is no 方 (U+65B9) in font [XITSMath-Regular.otf]/OT:script=math;language=dflt;!
Missing character: There is no 向 (U+5411) in font [XITSMath-Regular.otf]/OT:script=math;language=dflt;!
Missing character: There is no 几 (U+51E0) in font [XITSMath-Regular.otf]/OT:script=math;language=dflt;!
Missing character: There is no 何 (U+4F55) in font [XITSMath-Regular.otf]/OT:script=math;language=dflt;!
Missing character: There is no 特 (U+7279) in font [XITSMath-Regular.otf]/OT:script=math;language=dflt;!
Missing character: There is no 征 (U+5F81) in font [XITSMath-Regular.otf]/OT:script=math;language=dflt;!
Missing character: There is no 的 (U+7684) in font [XITSMath-Regular.otf]/OT:script=math;language=dflt;!
Missing character: There is no 感 (U+611F) in font [XITSMath-Regular.otf]/OT:script=math;language=dflt;!
Missing character: There is no 知 (U+77E5) in font [XITSMath-Regular.otf]/OT:script=math;language=dflt;!
Missing character: There is no 能 (U+80FD) in font [XITSMath-Regular.otf]/OT:script=math;language=dflt;!
Missing character: There is no 力 (U+529B) in font [XITSMath-Regular.otf]/OT:script=math;language=dflt;!
Missing character: There is no ， (U+FF0C) in font [XITSMath-Regular.otf]/OT:script=math;language=dflt;!
Missing character: There is no 提 (U+63D0) in font [XITSMath-Regular.otf]/OT:script=math;language=dflt;!
Missing character: There is no 升 (U+5347) in font [XITSMath-Regular.otf]/OT:script=math;language=dflt;!
Missing character: There is no 在 (U+5728) in font [XITSMath-Regular.otf]/OT:script=math;language=dflt;!
Missing character: There is no 结 (U+7ED3) in font [XITSMath-Regular.otf]/OT:script=math;language=dflt;!
Missing character: There is no 构 (U+6784) in font [XITSMath-Regular.otf]/OT:script=math;language=dflt;!
Missing character: There is no 化 (U+5316) in font [XITSMath-Regular.otf]/OT:script=math;language=dflt;!
Missing character: There is no 场 (U+573A) in font [XITSMath-Regular.otf]/OT:script=math;language=dflt;!
Missing character: There is no 景 (U+666F) in font [XITSMath-Regular.otf]/OT:script=math;language=dflt;!
Missing character: There is no 下 (U+4E0B) in font [XITSMath-Regular.otf]/OT:script=math;language=dflt;!
Missing character: There is no 的 (U+7684) in font [XITSMath-Regular.otf]/OT:script=math;language=dflt;!
Missing character: There is no 检 (U+68C0) in font [XITSMath-Regular.otf]/OT:script=math;language=dflt;!
Missing character: There is no 测 (U+6D4B) in font [XITSMath-Regular.otf]/OT:script=math;language=dflt;!
Missing character: There is no 与 (U+4E0E) in font [XITSMath-Regular.otf]/OT:script=math;language=dflt;!
Missing character: There is no 分 (U+5206) in font [XITSMath-Regular.otf]/OT:script=math;language=dflt;!
Missing character: There is no 割 (U+5272) in font [XITSMath-Regular.otf]/OT:script=math;language=dflt;!
Missing character: There is no 性 (U+6027) in font [XITSMath-Regular.otf]/OT:script=math;language=dflt;!
Missing character: There is no 能 (U+80FD) in font [XITSMath-Regular.otf]/OT:script=math;language=dflt;!
Missing character: There is no 。 (U+3002) in font [XITSMath-Regular.otf]/OT:script=math;language=dflt;!
./data/chap02.tex:41: Missing $ inserted.
<inserted text> 
                $
l.41 ...分支：一条直接保留残差信息以维持原始特征表达，另一条输入两个堆叠的PSABlock_
                                                  SASA进行特征增强。最终通过通道拼接与1×1卷积恢...
I've inserted a begin-math/end-math symbol since I think
you left one out. Proceed, with fingers crossed.


./data/chap02.tex:43: LaTeX Error: Not in outer par mode.

See the LaTeX manual or LaTeX Companion for explanation.
Type  H <return>  for immediate help.
 ...                                              
                                                  
l.43 \begin{figure}[H]
                      
You've lost some text.  Try typing  <return>  to proceed.
If that doesn't work, type  X <return>  to quit.

./data/chap02.tex:43: Undefined control sequence.
\@float@Hx ...ltovf \fi \global \setbox \@currbox 
                                                  \color@vbox \normalcolor \...
l.43 \begin{figure}[H]
                      
The control sequence at the end of the top line
of your error message was never \def'ed. If you have
misspelled it (e.g., `\hobx'), type `I' and the correct
spelling (e.g., `I\hbox'). Otherwise just continue,
and I'll forget about whatever was undefined.

./data/chap02.tex:43: Missing number, treated as zero.
<to be read again> 
                   \vbox 
l.43 \begin{figure}[H]
                      
A number should have been here; I inserted `0'.
(If you can't figure out why I needed to see a number,
look up `weird error' in the index to The TeXbook.)

File: figure/fig4.pdf Graphic file (type pdf)
<use figure/fig4.pdf>
./data/chap02.tex:49: Undefined control sequence.
l.49 设其输入张量x\in R^{B\times C\timesH
                                   \timesW} ，B为批大小，H、W分别表示输入特征图的高度和宽度，C为特征维度。
The control sequence at the end of the top line
of your error message was never \def'ed. If you have
misspelled it (e.g., `\hobx'), type `I' and the correct
spelling (e.g., `I\hbox'). Otherwise just continue,
and I'll forget about whatever was undefined.

./data/chap02.tex:49: Undefined control sequence.
l.49 设其输入张量x\in R^{B\times C\timesH\timesW
                                          } ，B为批大小，H、W分别表示输入特征图的高度和宽度，C为特征维度。
The control sequence at the end of the top line
of your error message was never \def'ed. If you have
misspelled it (e.g., `\hobx'), type `I' and the correct
spelling (e.g., `I\hbox'). Otherwise just continue,
and I'll forget about whatever was undefined.


./data/chap02.tex:51: LaTeX Error: Bad math environment delimiter.

See the LaTeX manual or LaTeX Companion for explanation.
Type  H <return>  for immediate help.
 ...                                              
                                                  
l.51 \[
       \left[ {q,k,v} \right] = {\rm{Linea}}{{\rm{r}}_{qkv}}\left( X \right)...
Your command was ignored.
Type  I <command> <return>  to replace it with another command,
or  <return>  to continue without it.

./data/chap02.tex:51: Missing \endgroup inserted.
<inserted text> 
                \endgroup 
l.51 ...a}}{{\rm{r}}_{qkv}}\left( X \right) \in \]
                                                  
I've inserted something that you may have forgotten.
(See the <inserted text> above.)
With luck, this will get me unwedged. But if you
really didn't forget anything, try typing `2' now; then
my insertion and my current dilemma will both disappear.

Missing character: There is no 进 (U+8FDB) in font [XITSMath-Regular.otf]/OT:script=math;language=dflt;!
Missing character: There is no 行 (U+884C) in font [XITSMath-Regular.otf]/OT:script=math;language=dflt;!
Missing character: There is no 特 (U+7279) in font [XITSMath-Regular.otf]/OT:script=math;language=dflt;!
Missing character: There is no 征 (U+5F81) in font [XITSMath-Regular.otf]/OT:script=math;language=dflt;!
Missing character: There is no 增 (U+589E) in font [XITSMath-Regular.otf]/OT:script=math;language=dflt;!
Missing character: There is no 强 (U+5F3A) in font [XITSMath-Regular.otf]/OT:script=math;language=dflt;!
Missing character: There is no 。 (U+3002) in font [XITSMath-Regular.otf]/OT:script=math;language=dflt;!
Missing character: There is no 最 (U+6700) in font [XITSMath-Regular.otf]/OT:script=math;language=dflt;!
Missing character: There is no 终 (U+7EC8) in font [XITSMath-Regular.otf]/OT:script=math;language=dflt;!
Missing character: There is no 通 (U+901A) in font [XITSMath-Regular.otf]/OT:script=math;language=dflt;!
Missing character: There is no 过 (U+8FC7) in font [XITSMath-Regular.otf]/OT:script=math;language=dflt;!
Missing character: There is no 通 (U+901A) in font [XITSMath-Regular.otf]/OT:script=math;language=dflt;!
Missing character: There is no 道 (U+9053) in font [XITSMath-Regular.otf]/OT:script=math;language=dflt;!
Missing character: There is no 拼 (U+62FC) in font [XITSMath-Regular.otf]/OT:script=math;language=dflt;!
Missing character: There is no 接 (U+63A5) in font [XITSMath-Regular.otf]/OT:script=math;language=dflt;!
Missing character: There is no 与 (U+4E0E) in font [XITSMath-Regular.otf]/OT:script=math;language=dflt;!
Missing character: There is no 卷 (U+5377) in font [XITSMath-Regular.otf]/OT:script=math;language=dflt;!
Missing character: There is no 积 (U+79EF) in font [XITSMath-Regular.otf]/OT:script=math;language=dflt;!
Missing character: There is no 恢 (U+6062) in font [XITSMath-Regular.otf]/OT:script=math;language=dflt;!
Missing character: There is no 复 (U+590D) in font [XITSMath-Regular.otf]/OT:script=math;language=dflt;!
Missing character: There is no 原 (U+539F) in font [XITSMath-Regular.otf]/OT:script=math;language=dflt;!
Missing character: There is no 通 (U+901A) in font [XITSMath-Regular.otf]/OT:script=math;language=dflt;!
Missing character: There is no 道 (U+9053) in font [XITSMath-Regular.otf]/OT:script=math;language=dflt;!
Missing character: There is no 维 (U+7EF4) in font [XITSMath-Regular.otf]/OT:script=math;language=dflt;!
Missing character: There is no 度 (U+5EA6) in font [XITSMath-Regular.otf]/OT:script=math;language=dflt;!
Missing character: There is no ， (U+FF0C) in font [XITSMath-Regular.otf]/OT:script=math;language=dflt;!
Missing character: There is no 实 (U+5B9E) in font [XITSMath-Regular.otf]/OT:script=math;language=dflt;!
Missing character: There is no 现 (U+73B0) in font [XITSMath-Regular.otf]/OT:script=math;language=dflt;!
Missing character: There is no 两 (U+4E24) in font [XITSMath-Regular.otf]/OT:script=math;language=dflt;!
Missing character: There is no 类 (U+7C7B) in font [XITSMath-Regular.otf]/OT:script=math;language=dflt;!
Missing character: There is no 特 (U+7279) in font [XITSMath-Regular.otf]/OT:script=math;language=dflt;!
Missing character: There is no 征 (U+5F81) in font [XITSMath-Regular.otf]/OT:script=math;language=dflt;!
Missing character: There is no 的 (U+7684) in font [XITSMath-Regular.otf]/OT:script=math;language=dflt;!
Missing character: There is no 融 (U+878D) in font [XITSMath-Regular.otf]/OT:script=math;language=dflt;!
Missing character: There is no 合 (U+5408) in font [XITSMath-Regular.otf]/OT:script=math;language=dflt;!
Missing character: There is no 。 (U+3002) in font [XITSMath-Regular.otf]/OT:script=math;language=dflt;!
Missing character: There is no 在 (U+5728) in font [XITSMath-Regular.otf]/OT:script=math;language=dflt;!
Missing character: There is no 每 (U+6BCF) in font [XITSMath-Regular.otf]/OT:script=math;language=dflt;!
Missing character: There is no 个 (U+4E2A) in font [XITSMath-Regular.otf]/OT:script=math;language=dflt;!
Missing character: There is no 中 (U+4E2D) in font [XITSMath-Regular.otf]/OT:script=math;language=dflt;!
Missing character: There is no ， (U+FF0C) in font [XITSMath-Regular.otf]/OT:script=math;language=dflt;!
Missing character: There is no 本 (U+672C) in font [XITSMath-Regular.otf]/OT:script=math;language=dflt;!
Missing character: There is no 文 (U+6587) in font [XITSMath-Regular.otf]/OT:script=math;language=dflt;!
Missing character: There is no 将 (U+5C06) in font [XITSMath-Regular.otf]/OT:script=math;language=dflt;!
Missing character: There is no 原 (U+539F) in font [XITSMath-Regular.otf]/OT:script=math;language=dflt;!
Missing character: There is no 始 (U+59CB) in font [XITSMath-Regular.otf]/OT:script=math;language=dflt;!
Missing character: There is no 替 (U+66FF) in font [XITSMath-Regular.otf]/OT:script=math;language=dflt;!
Missing character: There is no 换 (U+6362) in font [XITSMath-Regular.otf]/OT:script=math;language=dflt;!
Missing character: There is no 为 (U+4E3A) in font [XITSMath-Regular.otf]/OT:script=math;language=dflt;!
Missing character: There is no 模 (U+6A21) in font [XITSMath-Regular.otf]/OT:script=math;language=dflt;!
Missing character: There is no 块 (U+5757) in font [XITSMath-Regular.otf]/OT:script=math;language=dflt;!
Missing character: There is no 。 (U+3002) in font [XITSMath-Regular.otf]/OT:script=math;language=dflt;!
Missing character: There is no 以 (U+4EE5) in font [XITSMath-Regular.otf]/OT:script=math;language=dflt;!
Missing character: There is no 实 (U+5B9E) in font [XITSMath-Regular.otf]/OT:script=math;language=dflt;!
Missing character: There is no 现 (U+73B0) in font [XITSMath-Regular.otf]/OT:script=math;language=dflt;!
Missing character: There is no 选 (U+9009) in font [XITSMath-Regular.otf]/OT:script=math;language=dflt;!
Missing character: There is no 择 (U+62E9) in font [XITSMath-Regular.otf]/OT:script=math;language=dflt;!
Missing character: There is no 性 (U+6027) in font [XITSMath-Regular.otf]/OT:script=math;language=dflt;!
Missing character: There is no 激 (U+6FC0) in font [XITSMath-Regular.otf]/OT:script=math;language=dflt;!
Missing character: There is no 活 (U+6D3B) in font [XITSMath-Regular.otf]/OT:script=math;language=dflt;!
Missing character: There is no 与 (U+4E0E) in font [XITSMath-Regular.otf]/OT:script=math;language=dflt;!
Missing character: There is no 抑 (U+6291) in font [XITSMath-Regular.otf]/OT:script=math;language=dflt;!
Missing character: There is no 制 (U+5236) in font [XITSMath-Regular.otf]/OT:script=math;language=dflt;!
Missing character: There is no 。 (U+3002) in font [XITSMath-Regular.otf]/OT:script=math;language=dflt;!
Missing character: There is no 模 (U+6A21) in font [XITSMath-Regular.otf]/OT:script=math;language=dflt;!
Missing character: There is no 块 (U+5757) in font [XITSMath-Regular.otf]/OT:script=math;language=dflt;!
Missing character: There is no 在 (U+5728) in font [XITSMath-Regular.otf]/OT:script=math;language=dflt;!
Missing character: There is no 保 (U+4FDD) in font [XITSMath-Regular.otf]/OT:script=math;language=dflt;!
Missing character: There is no 持 (U+6301) in font [XITSMath-Regular.otf]/OT:script=math;language=dflt;!
Missing character: There is no 全 (U+5168) in font [XITSMath-Regular.otf]/OT:script=math;language=dflt;!
Missing character: There is no 局 (U+5C40) in font [XITSMath-Regular.otf]/OT:script=math;language=dflt;!
Missing character: There is no 建 (U+5EFA) in font [XITSMath-Regular.otf]/OT:script=math;language=dflt;!
Missing character: There is no 模 (U+6A21) in font [XITSMath-Regular.otf]/OT:script=math;language=dflt;!
Missing character: There is no 能 (U+80FD) in font [XITSMath-Regular.otf]/OT:script=math;language=dflt;!
Missing character: There is no 力 (U+529B) in font [XITSMath-Regular.otf]/OT:script=math;language=dflt;!
Missing character: There is no 的 (U+7684) in font [XITSMath-Regular.otf]/OT:script=math;language=dflt;!
Missing character: There is no 同 (U+540C) in font [XITSMath-Regular.otf]/OT:script=math;language=dflt;!
Missing character: There is no 时 (U+65F6) in font [XITSMath-Regular.otf]/OT:script=math;language=dflt;!
Missing character: There is no ， (U+FF0C) in font [XITSMath-Regular.otf]/OT:script=math;language=dflt;!
Missing character: There is no 引 (U+5F15) in font [XITSMath-Regular.otf]/OT:script=math;language=dflt;!
Missing character: There is no 入 (U+5165) in font [XITSMath-Regular.otf]/OT:script=math;language=dflt;!
Missing character: There is no 归 (U+5F52) in font [XITSMath-Regular.otf]/OT:script=math;language=dflt;!
Missing character: There is no 一 (U+4E00) in font [XITSMath-Regular.otf]/OT:script=math;language=dflt;!
Missing character: There is no 化 (U+5316) in font [XITSMath-Regular.otf]/OT:script=math;language=dflt;!
Missing character: There is no 和 (U+548C) in font [XITSMath-Regular.otf]/OT:script=math;language=dflt;!
Missing character: There is no 可 (U+53EF) in font [XITSMath-Regular.otf]/OT:script=math;language=dflt;!
Missing character: There is no 学 (U+5B66) in font [XITSMath-Regular.otf]/OT:script=math;language=dflt;!
Missing character: There is no 习 (U+4E60) in font [XITSMath-Regular.otf]/OT:script=math;language=dflt;!
Missing character: There is no 温 (U+6E29) in font [XITSMath-Regular.otf]/OT:script=math;language=dflt;!
Missing character: There is no 度 (U+5EA6) in font [XITSMath-Regular.otf]/OT:script=math;language=dflt;!
Missing character: There is no 参 (U+53C2) in font [XITSMath-Regular.otf]/OT:script=math;language=dflt;!
Missing character: There is no 数 (U+6570) in font [XITSMath-Regular.otf]/OT:script=math;language=dflt;!
Missing character: There is no ， (U+FF0C) in font [XITSMath-Regular.otf]/OT:script=math;language=dflt;!
Missing character: There is no 显 (U+663E) in font [XITSMath-Regular.otf]/OT:script=math;language=dflt;!
Missing character: There is no 著 (U+8457) in font [XITSMath-Regular.otf]/OT:script=math;language=dflt;!
Missing character: There is no 增 (U+589E) in font [XITSMath-Regular.otf]/OT:script=math;language=dflt;!
Missing character: There is no 强 (U+5F3A) in font [XITSMath-Regular.otf]/OT:script=math;language=dflt;!
Missing character: There is no 了 (U+4E86) in font [XITSMath-Regular.otf]/OT:script=math;language=dflt;!
Missing character: There is no 注 (U+6CE8) in font [XITSMath-Regular.otf]/OT:script=math;language=dflt;!
Missing character: There is no 意 (U+610F) in font [XITSMath-Regular.otf]/OT:script=math;language=dflt;!
Missing character: There is no 力 (U+529B) in font [XITSMath-Regular.otf]/OT:script=math;language=dflt;!
Missing character: There is no 计 (U+8BA1) in font [XITSMath-Regular.otf]/OT:script=math;language=dflt;!
Missing character: There is no 算 (U+7B97) in font [XITSMath-Regular.otf]/OT:script=math;language=dflt;!
Missing character: There is no 中 (U+4E2D) in font [XITSMath-Regular.otf]/OT:script=math;language=dflt;!
Missing character: There is no 的 (U+7684) in font [XITSMath-Regular.otf]/OT:script=math;language=dflt;!
Missing character: There is no 数 (U+6570) in font [XITSMath-Regular.otf]/OT:script=math;language=dflt;!
Missing character: There is no 值 (U+503C) in font [XITSMath-Regular.otf]/OT:script=math;language=dflt;!
Missing character: There is no 稳 (U+7A33) in font [XITSMath-Regular.otf]/OT:script=math;language=dflt;!
Missing character: There is no 定 (U+5B9A) in font [XITSMath-Regular.otf]/OT:script=math;language=dflt;!
Missing character: There is no 性 (U+6027) in font [XITSMath-Regular.otf]/OT:script=math;language=dflt;!
Missing character: There is no 和 (U+548C) in font [XITSMath-Regular.otf]/OT:script=math;language=dflt;!
Missing character: There is no 区 (U+533A) in font [XITSMath-Regular.otf]/OT:script=math;language=dflt;!
Missing character: There is no 分 (U+5206) in font [XITSMath-Regular.otf]/OT:script=math;language=dflt;!
Missing character: There is no 性 (U+6027) in font [XITSMath-Regular.otf]/OT:script=math;language=dflt;!
Missing character: There is no ， (U+FF0C) in font [XITSMath-Regular.otf]/OT:script=math;language=dflt;!
Missing character: There is no 其 (U+5176) in font [XITSMath-Regular.otf]/OT:script=math;language=dflt;!
Missing character: There is no 实 (U+5B9E) in font [XITSMath-Regular.otf]/OT:script=math;language=dflt;!
Missing character: There is no 现 (U+73B0) in font [XITSMath-Regular.otf]/OT:script=math;language=dflt;!
Missing character: There is no 流 (U+6D41) in font [XITSMath-Regular.otf]/OT:script=math;language=dflt;!
Missing character: There is no 程 (U+7A0B) in font [XITSMath-Regular.otf]/OT:script=math;language=dflt;!
Missing character: There is no 如 (U+5982) in font [XITSMath-Regular.otf]/OT:script=math;language=dflt;!
Missing character: There is no 图 (U+56FE) in font [XITSMath-Regular.otf]/OT:script=math;language=dflt;!
Missing character: There is no 所 (U+6240) in font [XITSMath-Regular.otf]/OT:script=math;language=dflt;!
Missing character: There is no 示 (U+793A) in font [XITSMath-Regular.otf]/OT:script=math;language=dflt;!
Missing character: There is no 。 (U+3002) in font [XITSMath-Regular.otf]/OT:script=math;language=dflt;!
Missing character: There is no 设 (U+8BBE) in font [XITSMath-Regular.otf]/OT:script=math;language=dflt;!
Missing character: There is no 其 (U+5176) in font [XITSMath-Regular.otf]/OT:script=math;language=dflt;!
Missing character: There is no 输 (U+8F93) in font [XITSMath-Regular.otf]/OT:script=math;language=dflt;!
Missing character: There is no 入 (U+5165) in font [XITSMath-Regular.otf]/OT:script=math;language=dflt;!
Missing character: There is no 张 (U+5F20) in font [XITSMath-Regular.otf]/OT:script=math;language=dflt;!
Missing character: There is no 量 (U+91CF) in font [XITSMath-Regular.otf]/OT:script=math;language=dflt;!
Missing character: There is no ， (U+FF0C) in font [XITSMath-Regular.otf]/OT:script=math;language=dflt;!
Missing character: There is no 为 (U+4E3A) in font [XITSMath-Regular.otf]/OT:script=math;language=dflt;!
Missing character: There is no 批 (U+6279) in font [XITSMath-Regular.otf]/OT:script=math;language=dflt;!
Missing character: There is no 大 (U+5927) in font [XITSMath-Regular.otf]/OT:script=math;language=dflt;!
Missing character: There is no 小 (U+5C0F) in font [XITSMath-Regular.otf]/OT:script=math;language=dflt;!
Missing character: There is no ， (U+FF0C) in font [XITSMath-Regular.otf]/OT:script=math;language=dflt;!
Missing character: There is no 、 (U+3001) in font [XITSMath-Regular.otf]/OT:script=math;language=dflt;!
Missing character: There is no 分 (U+5206) in font [XITSMath-Regular.otf]/OT:script=math;language=dflt;!
Missing character: There is no 别 (U+522B) in font [XITSMath-Regular.otf]/OT:script=math;language=dflt;!
Missing character: There is no 表 (U+8868) in font [XITSMath-Regular.otf]/OT:script=math;language=dflt;!
Missing character: There is no 示 (U+793A) in font [XITSMath-Regular.otf]/OT:script=math;language=dflt;!
Missing character: There is no 输 (U+8F93) in font [XITSMath-Regular.otf]/OT:script=math;language=dflt;!
Missing character: There is no 入 (U+5165) in font [XITSMath-Regular.otf]/OT:script=math;language=dflt;!
Missing character: There is no 特 (U+7279) in font [XITSMath-Regular.otf]/OT:script=math;language=dflt;!
Missing character: There is no 征 (U+5F81) in font [XITSMath-Regular.otf]/OT:script=math;language=dflt;!
Missing character: There is no 图 (U+56FE) in font [XITSMath-Regular.otf]/OT:script=math;language=dflt;!
Missing character: There is no 的 (U+7684) in font [XITSMath-Regular.otf]/OT:script=math;language=dflt;!
Missing character: There is no 高 (U+9AD8) in font [XITSMath-Regular.otf]/OT:script=math;language=dflt;!
Missing character: There is no 度 (U+5EA6) in font [XITSMath-Regular.otf]/OT:script=math;language=dflt;!
Missing character: There is no 和 (U+548C) in font [XITSMath-Regular.otf]/OT:script=math;language=dflt;!
Missing character: There is no 宽 (U+5BBD) in font [XITSMath-Regular.otf]/OT:script=math;language=dflt;!
Missing character: There is no 度 (U+5EA6) in font [XITSMath-Regular.otf]/OT:script=math;language=dflt;!
Missing character: There is no ， (U+FF0C) in font [XITSMath-Regular.otf]/OT:script=math;language=dflt;!
Missing character: There is no 为 (U+4E3A) in font [XITSMath-Regular.otf]/OT:script=math;language=dflt;!
Missing character: There is no 特 (U+7279) in font [XITSMath-Regular.otf]/OT:script=math;language=dflt;!
Missing character: There is no 征 (U+5F81) in font [XITSMath-Regular.otf]/OT:script=math;language=dflt;!
Missing character: There is no 维 (U+7EF4) in font [XITSMath-Regular.otf]/OT:script=math;language=dflt;!
Missing character: There is no 度 (U+5EA6) in font [XITSMath-Regular.otf]/OT:script=math;language=dflt;!
Missing character: There is no 。 (U+3002) in font [XITSMath-Regular.otf]/OT:script=math;language=dflt;!
Missing character: There is no 首 (U+9996) in font [XITSMath-Regular.otf]/OT:script=math;language=dflt;!
Missing character: There is no 先 (U+5148) in font [XITSMath-Regular.otf]/OT:script=math;language=dflt;!
Missing character: There is no 展 (U+5C55) in font [XITSMath-Regular.otf]/OT:script=math;language=dflt;!
Missing character: There is no 平 (U+5E73) in font [XITSMath-Regular.otf]/OT:script=math;language=dflt;!
Missing character: There is no （ (U+FF08) in font [XITSMath-Regular.otf]/OT:script=math;language=dflt;!
Missing character: There is no ） (U+FF09) in font [XITSMath-Regular.otf]/OT:script=math;language=dflt;!
Missing character: There is no 空 (U+7A7A) in font [XITSMath-Regular.otf]/OT:script=math;language=dflt;!
Missing character: There is no 间 (U+95F4) in font [XITSMath-Regular.otf]/OT:script=math;language=dflt;!
Missing character: There is no 维 (U+7EF4) in font [XITSMath-Regular.otf]/OT:script=math;language=dflt;!
Missing character: There is no 度 (U+5EA6) in font [XITSMath-Regular.otf]/OT:script=math;language=dflt;!
Missing character: There is no 并 (U+5E76) in font [XITSMath-Regular.otf]/OT:script=math;language=dflt;!
Missing character: There is no 转 (U+8F6C) in font [XITSMath-Regular.otf]/OT:script=math;language=dflt;!
Missing character: There is no 置 (U+7F6E) in font [XITSMath-Regular.otf]/OT:script=math;language=dflt;!
Missing character: There is no （ (U+FF08) in font [XITSMath-Regular.otf]/OT:script=math;language=dflt;!
Missing character: There is no ） (U+FF09) in font [XITSMath-Regular.otf]/OT:script=math;language=dflt;!
Missing character: There is no 为 (U+4E3A) in font [XITSMath-Regular.otf]/OT:script=math;language=dflt;!
Missing character: There is no 序 (U+5E8F) in font [XITSMath-Regular.otf]/OT:script=math;language=dflt;!
Missing character: There is no 列 (U+5217) in font [XITSMath-Regular.otf]/OT:script=math;language=dflt;!
Missing character: There is no 形 (U+5F62) in font [XITSMath-Regular.otf]/OT:script=math;language=dflt;!
Missing character: There is no 式 (U+5F0F) in font [XITSMath-Regular.otf]/OT:script=math;language=dflt;!
Missing character: There is no ， (U+FF0C) in font [XITSMath-Regular.otf]/OT:script=math;language=dflt;!
Missing character: There is no 其 (U+5176) in font [XITSMath-Regular.otf]/OT:script=math;language=dflt;!
Missing character: There is no 中 (U+4E2D) in font [XITSMath-Regular.otf]/OT:script=math;language=dflt;!
Missing character: There is no 。 (U+3002) in font [XITSMath-Regular.otf]/OT:script=math;language=dflt;!
Missing character: There is no 与 (U+4E0E) in font [XITSMath-Regular.otf]/OT:script=math;language=dflt;!
Missing character: There is no 中 (U+4E2D) in font [XITSMath-Regular.otf]/OT:script=math;language=dflt;!
Missing character: There is no 使 (U+4F7F) in font [XITSMath-Regular.otf]/OT:script=math;language=dflt;!
Missing character: There is no 用 (U+7528) in font [XITSMath-Regular.otf]/OT:script=math;language=dflt;!
Missing character: There is no 卷 (U+5377) in font [XITSMath-Regular.otf]/OT:script=math;language=dflt;!
Missing character: There is no 积 (U+79EF) in font [XITSMath-Regular.otf]/OT:script=math;language=dflt;!
Missing character: There is no 生 (U+751F) in font [XITSMath-Regular.otf]/OT:script=math;language=dflt;!
Missing character: There is no 成 (U+6210) in font [XITSMath-Regular.otf]/OT:script=math;language=dflt;!
Missing character: There is no 、 (U+3001) in font [XITSMath-Regular.otf]/OT:script=math;language=dflt;!
Missing character: There is no 、 (U+3001) in font [XITSMath-Regular.otf]/OT:script=math;language=dflt;!
Missing character: There is no 不 (U+4E0D) in font [XITSMath-Regular.otf]/OT:script=math;language=dflt;!
Missing character: There is no 同 (U+540C) in font [XITSMath-Regular.otf]/OT:script=math;language=dflt;!
Missing character: There is no ， (U+FF0C) in font [XITSMath-Regular.otf]/OT:script=math;language=dflt;!
Missing character: There is no 模 (U+6A21) in font [XITSMath-Regular.otf]/OT:script=math;language=dflt;!
Missing character: There is no 块 (U+5757) in font [XITSMath-Regular.otf]/OT:script=math;language=dflt;!
Missing character: There is no 采 (U+91C7) in font [XITSMath-Regular.otf]/OT:script=math;language=dflt;!
Missing character: There is no 用 (U+7528) in font [XITSMath-Regular.otf]/OT:script=math;language=dflt;!
Missing character: There is no 共 (U+5171) in font [XITSMath-Regular.otf]/OT:script=math;language=dflt;!
Missing character: There is no 享 (U+4EAB) in font [XITSMath-Regular.otf]/OT:script=math;language=dflt;!
Missing character: There is no 线 (U+7EBF) in font [XITSMath-Regular.otf]/OT:script=math;language=dflt;!
Missing character: There is no 性 (U+6027) in font [XITSMath-Regular.otf]/OT:script=math;language=dflt;!
Missing character: There is no 投 (U+6295) in font [XITSMath-Regular.otf]/OT:script=math;language=dflt;!
Missing character: There is no 影 (U+5F71) in font [XITSMath-Regular.otf]/OT:script=math;language=dflt;!
Missing character: There is no 层 (U+5C42) in font [XITSMath-Regular.otf]/OT:script=math;language=dflt;!
Missing character: There is no 一 (U+4E00) in font [XITSMath-Regular.otf]/OT:script=math;language=dflt;!
Missing character: There is no 次 (U+6B21) in font [XITSMath-Regular.otf]/OT:script=math;language=dflt;!
Missing character: There is no 性 (U+6027) in font [XITSMath-Regular.otf]/OT:script=math;language=dflt;!
Missing character: There is no 映 (U+6620) in font [XITSMath-Regular.otf]/OT:script=math;language=dflt;!
Missing character: There is no 射 (U+5C04) in font [XITSMath-Regular.otf]/OT:script=math;language=dflt;!
Missing character: There is no 输 (U+8F93) in font [XITSMath-Regular.otf]/OT:script=math;language=dflt;!
Missing character: There is no 入 (U+5165) in font [XITSMath-Regular.otf]/OT:script=math;language=dflt;!
Missing character: There is no 特 (U+7279) in font [XITSMath-Regular.otf]/OT:script=math;language=dflt;!
Missing character: There is no 征 (U+5F81) in font [XITSMath-Regular.otf]/OT:script=math;language=dflt;!
Missing character: There is no 至 (U+81F3) in font [XITSMath-Regular.otf]/OT:script=math;language=dflt;!
Missing character: There is no 三 (U+4E09) in font [XITSMath-Regular.otf]/OT:script=math;language=dflt;!
Missing character: There is no 倍 (U+500D) in font [XITSMath-Regular.otf]/OT:script=math;language=dflt;!
Missing character: There is no 通 (U+901A) in font [XITSMath-Regular.otf]/OT:script=math;language=dflt;!
Missing character: There is no 道 (U+9053) in font [XITSMath-Regular.otf]/OT:script=math;language=dflt;!
Missing character: There is no 维 (U+7EF4) in font [XITSMath-Regular.otf]/OT:script=math;language=dflt;!
Missing character: There is no 度 (U+5EA6) in font [XITSMath-Regular.otf]/OT:script=math;language=dflt;!
Missing character: There is no ， (U+FF0C) in font [XITSMath-Regular.otf]/OT:script=math;language=dflt;!
Missing character: There is no 并 (U+5E76) in font [XITSMath-Regular.otf]/OT:script=math;language=dflt;!
Missing character: There is no 在 (U+5728) in font [XITSMath-Regular.otf]/OT:script=math;language=dflt;!
Missing character: There is no 通 (U+901A) in font [XITSMath-Regular.otf]/OT:script=math;language=dflt;!
Missing character: There is no 道 (U+9053) in font [XITSMath-Regular.otf]/OT:script=math;language=dflt;!
Missing character: There is no 维 (U+7EF4) in font [XITSMath-Regular.otf]/OT:script=math;language=dflt;!
Missing character: There is no 度 (U+5EA6) in font [XITSMath-Regular.otf]/OT:script=math;language=dflt;!
Missing character: There is no 上 (U+4E0A) in font [XITSMath-Regular.otf]/OT:script=math;language=dflt;!
Missing character: There is no 划 (U+5212) in font [XITSMath-Regular.otf]/OT:script=math;language=dflt;!
Missing character: There is no 分 (U+5206) in font [XITSMath-Regular.otf]/OT:script=math;language=dflt;!
Missing character: There is no 得 (U+5F97) in font [XITSMath-Regular.otf]/OT:script=math;language=dflt;!
Missing character: There is no 到 (U+5230) in font [XITSMath-Regular.otf]/OT:script=math;language=dflt;!
Missing character: There is no ： (U+FF1A) in font [XITSMath-Regular.otf]/OT:script=math;language=dflt;!

./data/chap02.tex:51: LaTeX Error: \begin{document} ended by \end{equation*}.

See the LaTeX manual or LaTeX Companion for explanation.
Type  H <return>  for immediate help.
 ...                                              
                                                  
l.51 ...a}}{{\rm{r}}_{qkv}}\left( X \right) \in \]
                                                  
Your command was ignored.
Type  I <command> <return>  to replace it with another command,
or  <return>  to continue without it.

./data/chap02.tex:51: Missing $ inserted.
<inserted text> 
                $
l.51 ...a}}{{\rm{r}}_{qkv}}\left( X \right) \in \]
                                                  
I've inserted something that you may have forgotten.
(See the <inserted text> above.)
With luck, this will get me unwedged. But if you
really didn't forget anything, try typing `2' now; then
my insertion and my current dilemma will both disappear.

./data/chap02.tex:51: Extra \endgroup.
<recently read> \endgroup 
                          
l.51 ...a}}{{\rm{r}}_{qkv}}\left( X \right) \in \]
                                                  
Things are pretty mixed up, but I think the worst is over.


Underfull \hbox (badness 10000) in paragraph at lines 41--53
\TU/texgyreheros(0)/m/n/12.045 2.1.2.1 \TU/FandolHei(0)/m/n/12.045 通 道 拆 分 注 意 力 模 块 \TU/texgyreheros(0)/m/n/12.045 C2SASA[][] \TU/FandolSong(0)/m/n/12.045 为 同 时 提 升 模 型 对 显 著 区 域 的 建
 []


Underfull \hbox (badness 10000) in paragraph at lines 41--53
\TU/FandolSong(0)/m/n/12.045 模 能 力 并 降 低 计 算 开 销，|  本 文 提 出 通 道 拆 分 式 选 择 性 激 活 抑 制 注 意 力 模 块
 []


Underfull \hbox (badness 1077) in paragraph at lines 41--53
|\TU/FandolSong(0)/m/n/12.045 （\TU/XITS(0)/m/n/12.045 C2SASA\TU/FandolSong(0)/m/n/12.045 ） ，|  用 于 替 换 \TU/XITS(0)/m/n/12.045 Backbone \TU/FandolSong(0)/m/n/12.045 中 的 \TU/XITS(0)/m/n/12.045 C2PSA \TU/FandolSong(0)/m/n/12.045 模 块。| \TU/XITS(0)/m/n/12.045 C2SASA \TU/FandolSong(0)/m/n/12.045 首 先 通 过 \TU/XITS(0)/m/n/12.045 1×1 \TU/FandolSong(0)/m/n/12.045 卷
 []


Underfull \hbox (badness 2277) in paragraph at lines 41--53
\TU/FandolSong(0)/m/n/12.045 积 将 输 入 通 道 数 压 缩 为 原 始 的 一 半，|  并 划 分 为 两 条 分 支：|  一 条 直 接 保 留 残 差 信
 []


Underfull \hbox (badness 6316) in paragraph at lines 41--53
\TU/FandolSong(0)/m/n/12.045 息 以 维 持 原 始 特 征 表 达，|  另 一 条 输 入 两 个 堆 叠 的 \TU/XITS(0)/m/n/12.045 PSABlock$[][][][][][][][][][][][][][][][][][][][][] []
 []


Overfull \hbox (147.13535pt too wide) in paragraph at lines 41--53
[][][][][][][][][][][][][][][][][][][][][][][][][][][][][][][][][][][][][][][][][][][][][][][][][][][][][][][][][][][][][][][][][][][][][][][][][][][][][][][][][][][][][][][][][][][][][][][][][][][][][][][][][][][][][][][][][][][][][][][][][][][][][][][][][][][][][][][][][][][][][][][][][][][][][] []
 []


Underfull \hbox (badness 10000) in paragraph at lines 41--53
[][][][][][][][][][][][][][][][][][][][][][][][][][][][][][][][][][][][][][][][][][][][][][][][][][][][][][][][][][][][][][][][][][][][][][][][][][][] [] [] []
 []


Underfull \hbox (badness 2158) in paragraph at lines 41--53
[][][][][][][][][][][][][][][][][][][][][][][][][][][][][][][][][][][][][][][][][][][][][][][][][][][][][][][][][][][][][][][][][][][] [] [] [][] [] []$$$ \TU/FandolSong(0)/m/n/12.045 该
 []



[12]

[13]

./data/chap02.tex:58: LaTeX Error: \symbballowed only in math mode.

See the LaTeX manual or LaTeX Companion for explanation.
Type  H <return>  for immediate help.
 ...                                              
                                                  
l.58 \mathbb
            {R}^{h\times1\times1}，用于自适应调节不同头的注意力分布形状。并计算相似度
You're in trouble here.  Try typing  <return>  to proceed.
If that doesn't work, type  X <return>  to quit.

./data/chap02.tex:58: Missing $ inserted.
<inserted text> 
                $
l.58 \mathbb{R}^
                {h\times1\times1}，用于自适应调节不同头的注意力分布形状。并计算相似度
I've inserted a begin-math/end-math symbol since I think
you left one out. Proceed, with fingers crossed.


./data/chap02.tex:59: LaTeX Error: Bad math environment delimiter.

See the LaTeX manual or LaTeX Companion for explanation.
Type  H <return>  for immediate help.
 ...                                              
                                                  
l.59 \[
       sim = {\rm{Temp}} \cdot q'{k'^{\rm{T}}}\]
Your command was ignored.
Type  I <command> <return>  to replace it with another command,
or  <return>  to continue without it.

./data/chap02.tex:59: Missing \endgroup inserted.
<inserted text> 
                \endgroup 
l.59 \[sim = {\rm{Temp}} \cdot q'{k'^{\rm{T}}}\]
                                                
I've inserted something that you may have forgotten.
(See the <inserted text> above.)
With luck, this will get me unwedged. But if you
really didn't forget anything, try typing `2' now; then
my insertion and my current dilemma will both disappear.

Missing character: There is no ， (U+FF0C) in font [XITSMath-Regular.otf]/OT:script=math;language=dflt;!
Missing character: There is no 用 (U+7528) in font [XITSMath-Regular.otf]/OT:script=math;language=dflt;!
Missing character: There is no 于 (U+4E8E) in font [XITSMath-Regular.otf]/OT:script=math;language=dflt;!
Missing character: There is no 自 (U+81EA) in font [XITSMath-Regular.otf]/OT:script=math;language=dflt;!
Missing character: There is no 适 (U+9002) in font [XITSMath-Regular.otf]/OT:script=math;language=dflt;!
Missing character: There is no 应 (U+5E94) in font [XITSMath-Regular.otf]/OT:script=math;language=dflt;!
Missing character: There is no 调 (U+8C03) in font [XITSMath-Regular.otf]/OT:script=math;language=dflt;!
Missing character: There is no 节 (U+8282) in font [XITSMath-Regular.otf]/OT:script=math;language=dflt;!
Missing character: There is no 不 (U+4E0D) in font [XITSMath-Regular.otf]/OT:script=math;language=dflt;!
Missing character: There is no 同 (U+540C) in font [XITSMath-Regular.otf]/OT:script=math;language=dflt;!
Missing character: There is no 头 (U+5934) in font [XITSMath-Regular.otf]/OT:script=math;language=dflt;!
Missing character: There is no 的 (U+7684) in font [XITSMath-Regular.otf]/OT:script=math;language=dflt;!
Missing character: There is no 注 (U+6CE8) in font [XITSMath-Regular.otf]/OT:script=math;language=dflt;!
Missing character: There is no 意 (U+610F) in font [XITSMath-Regular.otf]/OT:script=math;language=dflt;!
Missing character: There is no 力 (U+529B) in font [XITSMath-Regular.otf]/OT:script=math;language=dflt;!
Missing character: There is no 分 (U+5206) in font [XITSMath-Regular.otf]/OT:script=math;language=dflt;!
Missing character: There is no 布 (U+5E03) in font [XITSMath-Regular.otf]/OT:script=math;language=dflt;!
Missing character: There is no 形 (U+5F62) in font [XITSMath-Regular.otf]/OT:script=math;language=dflt;!
Missing character: There is no 状 (U+72B6) in font [XITSMath-Regular.otf]/OT:script=math;language=dflt;!
Missing character: There is no 。 (U+3002) in font [XITSMath-Regular.otf]/OT:script=math;language=dflt;!
Missing character: There is no 并 (U+5E76) in font [XITSMath-Regular.otf]/OT:script=math;language=dflt;!
Missing character: There is no 计 (U+8BA1) in font [XITSMath-Regular.otf]/OT:script=math;language=dflt;!
Missing character: There is no 算 (U+7B97) in font [XITSMath-Regular.otf]/OT:script=math;language=dflt;!
Missing character: There is no 相 (U+76F8) in font [XITSMath-Regular.otf]/OT:script=math;language=dflt;!
Missing character: There is no 似 (U+4F3C) in font [XITSMath-Regular.otf]/OT:script=math;language=dflt;!
Missing character: There is no 度 (U+5EA6) in font [XITSMath-Regular.otf]/OT:script=math;language=dflt;!

./data/chap02.tex:59: LaTeX Error: \begin{document} ended by \end{equation*}.

See the LaTeX manual or LaTeX Companion for explanation.
Type  H <return>  for immediate help.
 ...                                              
                                                  
l.59 \[sim = {\rm{Temp}} \cdot q'{k'^{\rm{T}}}\]
                                                
Your command was ignored.
Type  I <command> <return>  to replace it with another command,
or  <return>  to continue without it.

./data/chap02.tex:59: Missing $ inserted.
<inserted text> 
                $
l.59 \[sim = {\rm{Temp}} \cdot q'{k'^{\rm{T}}}\]
                                                
I've inserted something that you may have forgotten.
(See the <inserted text> above.)
With luck, this will get me unwedged. But if you
really didn't forget anything, try typing `2' now; then
my insertion and my current dilemma will both disappear.

./data/chap02.tex:59: Extra \endgroup.
<recently read> \endgroup 
                          
l.59 \[sim = {\rm{Temp}} \cdot q'{k'^{\rm{T}}}\]
                                                
Things are pretty mixed up, but I think the worst is over.

File: figure/fig5.pdf Graphic file (type pdf)
<use figure/fig5.pdf>


[14]

[15]
./data/chap02.tex:88: Missing $ inserted.
<inserted text> 
                $
l.88 为了解决上述问题，本文提出一种改进的瓶颈结构Bottleneck_
                                      QDConv替换传统Bottleneck，得到的模块称为C3k2_QDCon...
I've inserted a begin-math/end-math symbol since I think
you left one out. Proceed, with fingers crossed.


./data/chap02.tex:90: LaTeX Error: Not in outer par mode.

See the LaTeX manual or LaTeX Companion for explanation.
Type  H <return>  for immediate help.
 ...                                              
                                                  
l.90 \begin{figure}[H]
                      
You've lost some text.  Try typing  <return>  to proceed.
If that doesn't work, type  X <return>  to quit.

./data/chap02.tex:90: Undefined control sequence.
\@float@Hx ...ltovf \fi \global \setbox \@currbox 
                                                  \color@vbox \normalcolor \...
l.90 \begin{figure}[H]
                      
The control sequence at the end of the top line
of your error message was never \def'ed. If you have
misspelled it (e.g., `\hobx'), type `I' and the correct
spelling (e.g., `I\hbox'). Otherwise just continue,
and I'll forget about whatever was undefined.

./data/chap02.tex:90: Missing number, treated as zero.
<to be read again> 
                   \vbox 
l.90 \begin{figure}[H]
                      
A number should have been here; I inserted `0'.
(If you can't figure out why I needed to see a number,
look up `weird error' in the index to The TeXbook.)

File: figure/fig6.pdf Graphic file (type pdf)
<use figure/fig6.pdf>

./data/chap02.tex:97: LaTeX Error: Bad math environment delimiter.

See the LaTeX manual or LaTeX Companion for explanation.
Type  H <return>  for immediate help.
 ...                                              
                                                  
l.97 \[
       Y = Con{v_{(2,2)}}\left( {Concat\left[ \begin{array}{l}
Your command was ignored.
Type  I <command> <return>  to replace it with another command,
or  <return>  to continue without it.

./data/chap02.tex:102: Missing \endgroup inserted.
<inserted text> 
                \endgroup 
l.102 \end{array} \right]} \right)\]
                                    
I've inserted something that you may have forgotten.
(See the <inserted text> above.)
With luck, this will get me unwedged. But if you
really didn't forget anything, try typing `2' now; then
my insertion and my current dilemma will both disappear.

Missing character: There is no 替 (U+66FF) in font [XITSMath-Regular.otf]/OT:script=math;language=dflt;!
Missing character: There is no 换 (U+6362) in font [XITSMath-Regular.otf]/OT:script=math;language=dflt;!
Missing character: There is no 传 (U+4F20) in font [XITSMath-Regular.otf]/OT:script=math;language=dflt;!
Missing character: There is no 统 (U+7EDF) in font [XITSMath-Regular.otf]/OT:script=math;language=dflt;!
Missing character: There is no ， (U+FF0C) in font [XITSMath-Regular.otf]/OT:script=math;language=dflt;!
Missing character: There is no 得 (U+5F97) in font [XITSMath-Regular.otf]/OT:script=math;language=dflt;!
Missing character: There is no 到 (U+5230) in font [XITSMath-Regular.otf]/OT:script=math;language=dflt;!
Missing character: There is no 的 (U+7684) in font [XITSMath-Regular.otf]/OT:script=math;language=dflt;!
Missing character: There is no 模 (U+6A21) in font [XITSMath-Regular.otf]/OT:script=math;language=dflt;!
Missing character: There is no 块 (U+5757) in font [XITSMath-Regular.otf]/OT:script=math;language=dflt;!
Missing character: There is no 称 (U+79F0) in font [XITSMath-Regular.otf]/OT:script=math;language=dflt;!
Missing character: There is no 为 (U+4E3A) in font [XITSMath-Regular.otf]/OT:script=math;language=dflt;!
Missing character: There is no ， (U+FF0C) in font [XITSMath-Regular.otf]/OT:script=math;language=dflt;!
Missing character: There is no 如 (U+5982) in font [XITSMath-Regular.otf]/OT:script=math;language=dflt;!
Missing character: There is no 图 (U+56FE) in font [XITSMath-Regular.otf]/OT:script=math;language=dflt;!
Missing character: There is no 上 (U+4E0A) in font [XITSMath-Regular.otf]/OT:script=math;language=dflt;!
Missing character: There is no 方 (U+65B9) in font [XITSMath-Regular.otf]/OT:script=math;language=dflt;!
Missing character: There is no 所 (U+6240) in font [XITSMath-Regular.otf]/OT:script=math;language=dflt;!
Missing character: There is no 示 (U+793A) in font [XITSMath-Regular.otf]/OT:script=math;language=dflt;!
Missing character: There is no 。 (U+3002) in font [XITSMath-Regular.otf]/OT:script=math;language=dflt;!
Missing character: There is no 该 (U+8BE5) in font [XITSMath-Regular.otf]/OT:script=math;language=dflt;!
Missing character: There is no 模 (U+6A21) in font [XITSMath-Regular.otf]/OT:script=math;language=dflt;!
Missing character: There is no 块 (U+5757) in font [XITSMath-Regular.otf]/OT:script=math;language=dflt;!
Missing character: There is no 以 (U+4EE5) in font [XITSMath-Regular.otf]/OT:script=math;language=dflt;!
Missing character: There is no 四 (U+56DB) in font [XITSMath-Regular.otf]/OT:script=math;language=dflt;!
Missing character: There is no 向 (U+5411) in font [XITSMath-Regular.otf]/OT:script=math;language=dflt;!
Missing character: There is no 卷 (U+5377) in font [XITSMath-Regular.otf]/OT:script=math;language=dflt;!
Missing character: There is no 积 (U+79EF) in font [XITSMath-Regular.otf]/OT:script=math;language=dflt;!
Missing character: There is no 模 (U+6A21) in font [XITSMath-Regular.otf]/OT:script=math;language=dflt;!
Missing character: There is no 块 (U+5757) in font [XITSMath-Regular.otf]/OT:script=math;language=dflt;!
Missing character: There is no 为 (U+4E3A) in font [XITSMath-Regular.otf]/OT:script=math;language=dflt;!
Missing character: There is no 核 (U+6838) in font [XITSMath-Regular.otf]/OT:script=math;language=dflt;!
Missing character: There is no 心 (U+5FC3) in font [XITSMath-Regular.otf]/OT:script=math;language=dflt;!
Missing character: There is no 构 (U+6784) in font [XITSMath-Regular.otf]/OT:script=math;language=dflt;!
Missing character: There is no 件 (U+4EF6) in font [XITSMath-Regular.otf]/OT:script=math;language=dflt;!
Missing character: There is no ， (U+FF0C) in font [XITSMath-Regular.otf]/OT:script=math;language=dflt;!
Missing character: There is no 通 (U+901A) in font [XITSMath-Regular.otf]/OT:script=math;language=dflt;!
Missing character: There is no 过 (U+8FC7) in font [XITSMath-Regular.otf]/OT:script=math;language=dflt;!
Missing character: There is no 方 (U+65B9) in font [XITSMath-Regular.otf]/OT:script=math;language=dflt;!
Missing character: There is no 向 (U+5411) in font [XITSMath-Regular.otf]/OT:script=math;language=dflt;!
Missing character: There is no 性 (U+6027) in font [XITSMath-Regular.otf]/OT:script=math;language=dflt;!
Missing character: There is no 感 (U+611F) in font [XITSMath-Regular.otf]/OT:script=math;language=dflt;!
Missing character: There is no 知 (U+77E5) in font [XITSMath-Regular.otf]/OT:script=math;language=dflt;!
Missing character: There is no 增 (U+589E) in font [XITSMath-Regular.otf]/OT:script=math;language=dflt;!
Missing character: There is no 强 (U+5F3A) in font [XITSMath-Regular.otf]/OT:script=math;language=dflt;!
Missing character: There is no 空 (U+7A7A) in font [XITSMath-Regular.otf]/OT:script=math;language=dflt;!
Missing character: There is no 间 (U+95F4) in font [XITSMath-Regular.otf]/OT:script=math;language=dflt;!
Missing character: There is no 建 (U+5EFA) in font [XITSMath-Regular.otf]/OT:script=math;language=dflt;!
Missing character: There is no 模 (U+6A21) in font [XITSMath-Regular.otf]/OT:script=math;language=dflt;!
Missing character: There is no 能 (U+80FD) in font [XITSMath-Regular.otf]/OT:script=math;language=dflt;!
Missing character: There is no 力 (U+529B) in font [XITSMath-Regular.otf]/OT:script=math;language=dflt;!
Missing character: There is no ， (U+FF0C) in font [XITSMath-Regular.otf]/OT:script=math;language=dflt;!
Missing character: There is no 同 (U+540C) in font [XITSMath-Regular.otf]/OT:script=math;language=dflt;!
Missing character: There is no 时 (U+65F6) in font [XITSMath-Regular.otf]/OT:script=math;language=dflt;!
Missing character: There is no 在 (U+5728) in font [XITSMath-Regular.otf]/OT:script=math;language=dflt;!
Missing character: There is no 保 (U+4FDD) in font [XITSMath-Regular.otf]/OT:script=math;language=dflt;!
Missing character: There is no 持 (U+6301) in font [XITSMath-Regular.otf]/OT:script=math;language=dflt;!
Missing character: There is no 轻 (U+8F7B) in font [XITSMath-Regular.otf]/OT:script=math;language=dflt;!
Missing character: There is no 量 (U+91CF) in font [XITSMath-Regular.otf]/OT:script=math;language=dflt;!
Missing character: There is no 化 (U+5316) in font [XITSMath-Regular.otf]/OT:script=math;language=dflt;!
Missing character: There is no 结 (U+7ED3) in font [XITSMath-Regular.otf]/OT:script=math;language=dflt;!
Missing character: There is no 构 (U+6784) in font [XITSMath-Regular.otf]/OT:script=math;language=dflt;!
Missing character: There is no 的 (U+7684) in font [XITSMath-Regular.otf]/OT:script=math;language=dflt;!
Missing character: There is no 基 (U+57FA) in font [XITSMath-Regular.otf]/OT:script=math;language=dflt;!
Missing character: There is no 础 (U+7840) in font [XITSMath-Regular.otf]/OT:script=math;language=dflt;!
Missing character: There is no 上 (U+4E0A) in font [XITSMath-Regular.otf]/OT:script=math;language=dflt;!
Missing character: There is no 提 (U+63D0) in font [XITSMath-Regular.otf]/OT:script=math;language=dflt;!
Missing character: There is no 升 (U+5347) in font [XITSMath-Regular.otf]/OT:script=math;language=dflt;!
Missing character: There is no 特 (U+7279) in font [XITSMath-Regular.otf]/OT:script=math;language=dflt;!
Missing character: There is no 征 (U+5F81) in font [XITSMath-Regular.otf]/OT:script=math;language=dflt;!
Missing character: There is no 表 (U+8868) in font [XITSMath-Regular.otf]/OT:script=math;language=dflt;!
Missing character: There is no 达 (U+8FBE) in font [XITSMath-Regular.otf]/OT:script=math;language=dflt;!
Missing character: There is no 效 (U+6548) in font [XITSMath-Regular.otf]/OT:script=math;language=dflt;!
Missing character: There is no 果 (U+679C) in font [XITSMath-Regular.otf]/OT:script=math;language=dflt;!
Missing character: There is no 。 (U+3002) in font [XITSMath-Regular.otf]/OT:script=math;language=dflt;!
Missing character: There is no 实 (U+5B9E) in font [XITSMath-Regular.otf]/OT:script=math;language=dflt;!
Missing character: There is no 现 (U+73B0) in font [XITSMath-Regular.otf]/OT:script=math;language=dflt;!
Missing character: There is no 更 (U+66F4) in font [XITSMath-Regular.otf]/OT:script=math;language=dflt;!
Missing character: There is no 具 (U+5177) in font [XITSMath-Regular.otf]/OT:script=math;language=dflt;!
Missing character: There is no 方 (U+65B9) in font [XITSMath-Regular.otf]/OT:script=math;language=dflt;!
Missing character: There is no 向 (U+5411) in font [XITSMath-Regular.otf]/OT:script=math;language=dflt;!
Missing character: There is no 性 (U+6027) in font [XITSMath-Regular.otf]/OT:script=math;language=dflt;!
Missing character: There is no 的 (U+7684) in font [XITSMath-Regular.otf]/OT:script=math;language=dflt;!
Missing character: There is no 特 (U+7279) in font [XITSMath-Regular.otf]/OT:script=math;language=dflt;!
Missing character: There is no 征 (U+5F81) in font [XITSMath-Regular.otf]/OT:script=math;language=dflt;!
Missing character: There is no 提 (U+63D0) in font [XITSMath-Regular.otf]/OT:script=math;language=dflt;!
Missing character: There is no 取 (U+53D6) in font [XITSMath-Regular.otf]/OT:script=math;language=dflt;!
Missing character: There is no ， (U+FF0C) in font [XITSMath-Regular.otf]/OT:script=math;language=dflt;!
Missing character: There is no 模 (U+6A21) in font [XITSMath-Regular.otf]/OT:script=math;language=dflt;!
Missing character: There is no 块 (U+5757) in font [XITSMath-Regular.otf]/OT:script=math;language=dflt;!
Missing character: There is no 结 (U+7ED3) in font [XITSMath-Regular.otf]/OT:script=math;language=dflt;!
Missing character: There is no 构 (U+6784) in font [XITSMath-Regular.otf]/OT:script=math;language=dflt;!
Missing character: There is no 如 (U+5982) in font [XITSMath-Regular.otf]/OT:script=math;language=dflt;!
Missing character: There is no 图 (U+56FE) in font [XITSMath-Regular.otf]/OT:script=math;language=dflt;!
Missing character: There is no 所 (U+6240) in font [XITSMath-Regular.otf]/OT:script=math;language=dflt;!
Missing character: There is no 示 (U+793A) in font [XITSMath-Regular.otf]/OT:script=math;language=dflt;!
Missing character: There is no 。 (U+3002) in font [XITSMath-Regular.otf]/OT:script=math;language=dflt;!
Missing character: There is no 设 (U+8BBE) in font [XITSMath-Regular.otf]/OT:script=math;language=dflt;!
Missing character: There is no 输 (U+8F93) in font [XITSMath-Regular.otf]/OT:script=math;language=dflt;!
Missing character: There is no 入 (U+5165) in font [XITSMath-Regular.otf]/OT:script=math;language=dflt;!
Missing character: There is no 特 (U+7279) in font [XITSMath-Regular.otf]/OT:script=math;language=dflt;!
Missing character: There is no 征 (U+5F81) in font [XITSMath-Regular.otf]/OT:script=math;language=dflt;!
Missing character: There is no 为 (U+4E3A) in font [XITSMath-Regular.otf]/OT:script=math;language=dflt;!
Missing character: There is no ， (U+FF0C) in font [XITSMath-Regular.otf]/OT:script=math;language=dflt;!
Missing character: There is no 输 (U+8F93) in font [XITSMath-Regular.otf]/OT:script=math;language=dflt;!
Missing character: There is no 出 (U+51FA) in font [XITSMath-Regular.otf]/OT:script=math;language=dflt;!
Missing character: There is no 为 (U+4E3A) in font [XITSMath-Regular.otf]/OT:script=math;language=dflt;!
Missing character: There is no 定 (U+5B9A) in font [XITSMath-Regular.otf]/OT:script=math;language=dflt;!
Missing character: There is no 义 (U+4E49) in font [XITSMath-Regular.otf]/OT:script=math;language=dflt;!
Missing character: There is no 为 (U+4E3A) in font [XITSMath-Regular.otf]/OT:script=math;language=dflt;!
Missing character: There is no 方 (U+65B9) in font [XITSMath-Regular.otf]/OT:script=math;language=dflt;!
Missing character: There is no 向 (U+5411) in font [XITSMath-Regular.otf]/OT:script=math;language=dflt;!
Missing character: There is no 卷 (U+5377) in font [XITSMath-Regular.otf]/OT:script=math;language=dflt;!
Missing character: There is no 积 (U+79EF) in font [XITSMath-Regular.otf]/OT:script=math;language=dflt;!
Missing character: There is no 大 (U+5927) in font [XITSMath-Regular.otf]/OT:script=math;language=dflt;!
Missing character: There is no 小 (U+5C0F) in font [XITSMath-Regular.otf]/OT:script=math;language=dflt;!
Missing character: There is no ， (U+FF0C) in font [XITSMath-Regular.otf]/OT:script=math;language=dflt;!
Missing character: There is no 为 (U+4E3A) in font [XITSMath-Regular.otf]/OT:script=math;language=dflt;!
Missing character: There is no 位 (U+4F4D) in font [XITSMath-Regular.otf]/OT:script=math;language=dflt;!
Missing character: There is no 移 (U+79FB) in font [XITSMath-Regular.otf]/OT:script=math;language=dflt;!
Missing character: There is no 大 (U+5927) in font [XITSMath-Regular.otf]/OT:script=math;language=dflt;!
Missing character: There is no 小 (U+5C0F) in font [XITSMath-Regular.otf]/OT:script=math;language=dflt;!
Missing character: There is no （ (U+FF08) in font [XITSMath-Regular.otf]/OT:script=math;language=dflt;!
Missing character: There is no 默 (U+9ED8) in font [XITSMath-Regular.otf]/OT:script=math;language=dflt;!
Missing character: There is no 认 (U+8BA4) in font [XITSMath-Regular.otf]/OT:script=math;language=dflt;!
Missing character: There is no ） (U+FF09) in font [XITSMath-Regular.otf]/OT:script=math;language=dflt;!
Missing character: There is no 。 (U+3002) in font [XITSMath-Regular.otf]/OT:script=math;language=dflt;!
Missing character: There is no 首 (U+9996) in font [XITSMath-Regular.otf]/OT:script=math;language=dflt;!
Missing character: There is no 先 (U+5148) in font [XITSMath-Regular.otf]/OT:script=math;language=dflt;!
Missing character: There is no 对 (U+5BF9) in font [XITSMath-Regular.otf]/OT:script=math;language=dflt;!
Missing character: There is no 输 (U+8F93) in font [XITSMath-Regular.otf]/OT:script=math;language=dflt;!
Missing character: There is no 入 (U+5165) in font [XITSMath-Regular.otf]/OT:script=math;language=dflt;!
Missing character: There is no 特 (U+7279) in font [XITSMath-Regular.otf]/OT:script=math;language=dflt;!
Missing character: There is no 征 (U+5F81) in font [XITSMath-Regular.otf]/OT:script=math;language=dflt;!
Missing character: There is no 图 (U+56FE) in font [XITSMath-Regular.otf]/OT:script=math;language=dflt;!
Missing character: There is no 进 (U+8FDB) in font [XITSMath-Regular.otf]/OT:script=math;language=dflt;!
Missing character: There is no 行 (U+884C) in font [XITSMath-Regular.otf]/OT:script=math;language=dflt;!
Missing character: There is no 种 (U+79CD) in font [XITSMath-Regular.otf]/OT:script=math;language=dflt;!
Missing character: There is no 非 (U+975E) in font [XITSMath-Regular.otf]/OT:script=math;language=dflt;!
Missing character: There is no 对 (U+5BF9) in font [XITSMath-Regular.otf]/OT:script=math;language=dflt;!
Missing character: There is no 称 (U+79F0) in font [XITSMath-Regular.otf]/OT:script=math;language=dflt;!
Missing character: There is no 方 (U+65B9) in font [XITSMath-Regular.otf]/OT:script=math;language=dflt;!
Missing character: There is no 向 (U+5411) in font [XITSMath-Regular.otf]/OT:script=math;language=dflt;!
Missing character: There is no 的 (U+7684) in font [XITSMath-Regular.otf]/OT:script=math;language=dflt;!
Missing character: There is no ， (U+FF0C) in font [XITSMath-Regular.otf]/OT:script=math;language=dflt;!
Missing character: There is no 得 (U+5F97) in font [XITSMath-Regular.otf]/OT:script=math;language=dflt;!
Missing character: There is no 到 (U+5230) in font [XITSMath-Regular.otf]/OT:script=math;language=dflt;!
Missing character: There is no 、 (U+3001) in font [XITSMath-Regular.otf]/OT:script=math;language=dflt;!
Missing character: There is no 、 (U+3001) in font [XITSMath-Regular.otf]/OT:script=math;language=dflt;!
Missing character: There is no 、 (U+3001) in font [XITSMath-Regular.otf]/OT:script=math;language=dflt;!
Missing character: There is no ， (U+FF0C) in font [XITSMath-Regular.otf]/OT:script=math;language=dflt;!
Missing character: There is no 使 (U+4F7F) in font [XITSMath-Regular.otf]/OT:script=math;language=dflt;!
Missing character: There is no 卷 (U+5377) in font [XITSMath-Regular.otf]/OT:script=math;language=dflt;!
Missing character: There is no 积 (U+79EF) in font [XITSMath-Regular.otf]/OT:script=math;language=dflt;!
Missing character: There is no 操 (U+64CD) in font [XITSMath-Regular.otf]/OT:script=math;language=dflt;!
Missing character: There is no 作 (U+4F5C) in font [XITSMath-Regular.otf]/OT:script=math;language=dflt;!
Missing character: There is no 对 (U+5BF9) in font [XITSMath-Regular.otf]/OT:script=math;language=dflt;!
Missing character: There is no 输 (U+8F93) in font [XITSMath-Regular.otf]/OT:script=math;language=dflt;!
Missing character: There is no 入 (U+5165) in font [XITSMath-Regular.otf]/OT:script=math;language=dflt;!
Missing character: There is no 图 (U+56FE) in font [XITSMath-Regular.otf]/OT:script=math;language=dflt;!
Missing character: There is no 像 (U+50CF) in font [XITSMath-Regular.otf]/OT:script=math;language=dflt;!
Missing character: There is no 的 (U+7684) in font [XITSMath-Regular.otf]/OT:script=math;language=dflt;!
Missing character: There is no 不 (U+4E0D) in font [XITSMath-Regular.otf]/OT:script=math;language=dflt;!
Missing character: There is no 同 (U+540C) in font [XITSMath-Regular.otf]/OT:script=math;language=dflt;!
Missing character: There is no 边 (U+8FB9) in font [XITSMath-Regular.otf]/OT:script=math;language=dflt;!
Missing character: There is no 界 (U+754C) in font [XITSMath-Regular.otf]/OT:script=math;language=dflt;!
Missing character: There is no 区 (U+533A) in font [XITSMath-Regular.otf]/OT:script=math;language=dflt;!
Missing character: There is no 域 (U+57DF) in font [XITSMath-Regular.otf]/OT:script=math;language=dflt;!
Missing character: There is no 具 (U+5177) in font [XITSMath-Regular.otf]/OT:script=math;language=dflt;!
Missing character: There is no 备 (U+5907) in font [XITSMath-Regular.otf]/OT:script=math;language=dflt;!
Missing character: There is no 不 (U+4E0D) in font [XITSMath-Regular.otf]/OT:script=math;language=dflt;!
Missing character: There is no 同 (U+540C) in font [XITSMath-Regular.otf]/OT:script=math;language=dflt;!
Missing character: There is no 响 (U+54CD) in font [XITSMath-Regular.otf]/OT:script=math;language=dflt;!
Missing character: There is no 应 (U+5E94) in font [XITSMath-Regular.otf]/OT:script=math;language=dflt;!
Missing character: There is no ； (U+FF1B) in font [XITSMath-Regular.otf]/OT:script=math;language=dflt;!
Missing character: There is no 其 (U+5176) in font [XITSMath-Regular.otf]/OT:script=math;language=dflt;!
Missing character: There is no 次 (U+6B21) in font [XITSMath-Regular.otf]/OT:script=math;language=dflt;!
Missing character: There is no 将 (U+5C06) in font [XITSMath-Regular.otf]/OT:script=math;language=dflt;!
Missing character: There is no 标 (U+6807) in font [XITSMath-Regular.otf]/OT:script=math;language=dflt;!
Missing character: There is no 准 (U+51C6) in font [XITSMath-Regular.otf]/OT:script=math;language=dflt;!
Missing character: There is no 卷 (U+5377) in font [XITSMath-Regular.otf]/OT:script=math;language=dflt;!
Missing character: There is no 积 (U+79EF) in font [XITSMath-Regular.otf]/OT:script=math;language=dflt;!
Missing character: There is no 分 (U+5206) in font [XITSMath-Regular.otf]/OT:script=math;language=dflt;!
Missing character: There is no 解 (U+89E3) in font [XITSMath-Regular.otf]/OT:script=math;language=dflt;!
Missing character: There is no 为 (U+4E3A) in font [XITSMath-Regular.otf]/OT:script=math;language=dflt;!
Missing character: There is no 水 (U+6C34) in font [XITSMath-Regular.otf]/OT:script=math;language=dflt;!
Missing character: There is no 平 (U+5E73) in font [XITSMath-Regular.otf]/OT:script=math;language=dflt;!
Missing character: There is no 方 (U+65B9) in font [XITSMath-Regular.otf]/OT:script=math;language=dflt;!
Missing character: There is no 向 (U+5411) in font [XITSMath-Regular.otf]/OT:script=math;language=dflt;!
Missing character: There is no （ (U+FF08) in font [XITSMath-Regular.otf]/OT:script=math;language=dflt;!
Missing character: There is no ） (U+FF09) in font [XITSMath-Regular.otf]/OT:script=math;language=dflt;!
Missing character: There is no 与 (U+4E0E) in font [XITSMath-Regular.otf]/OT:script=math;language=dflt;!
Missing character: There is no 垂 (U+5782) in font [XITSMath-Regular.otf]/OT:script=math;language=dflt;!
Missing character: There is no 直 (U+76F4) in font [XITSMath-Regular.otf]/OT:script=math;language=dflt;!
Missing character: There is no 方 (U+65B9) in font [XITSMath-Regular.otf]/OT:script=math;language=dflt;!
Missing character: There is no 向 (U+5411) in font [XITSMath-Regular.otf]/OT:script=math;language=dflt;!
Missing character: There is no （ (U+FF08) in font [XITSMath-Regular.otf]/OT:script=math;language=dflt;!
Missing character: There is no ） (U+FF09) in font [XITSMath-Regular.otf]/OT:script=math;language=dflt;!
Missing character: There is no 的 (U+7684) in font [XITSMath-Regular.otf]/OT:script=math;language=dflt;!
Missing character: There is no 组 (U+7EC4) in font [XITSMath-Regular.otf]/OT:script=math;language=dflt;!
Missing character: There is no 合 (U+5408) in font [XITSMath-Regular.otf]/OT:script=math;language=dflt;!
Missing character: There is no ， (U+FF0C) in font [XITSMath-Regular.otf]/OT:script=math;language=dflt;!
Missing character: There is no 分 (U+5206) in font [XITSMath-Regular.otf]/OT:script=math;language=dflt;!
Missing character: There is no 别 (U+522B) in font [XITSMath-Regular.otf]/OT:script=math;language=dflt;!
Missing character: There is no 建 (U+5EFA) in font [XITSMath-Regular.otf]/OT:script=math;language=dflt;!
Missing character: There is no 模 (U+6A21) in font [XITSMath-Regular.otf]/OT:script=math;language=dflt;!
Missing character: There is no 不 (U+4E0D) in font [XITSMath-Regular.otf]/OT:script=math;language=dflt;!
Missing character: There is no 同 (U+540C) in font [XITSMath-Regular.otf]/OT:script=math;language=dflt;!
Missing character: There is no 方 (U+65B9) in font [XITSMath-Regular.otf]/OT:script=math;language=dflt;!
Missing character: There is no 向 (U+5411) in font [XITSMath-Regular.otf]/OT:script=math;language=dflt;!
Missing character: There is no 上 (U+4E0A) in font [XITSMath-Regular.otf]/OT:script=math;language=dflt;!
Missing character: There is no 的 (U+7684) in font [XITSMath-Regular.otf]/OT:script=math;language=dflt;!
Missing character: There is no 特 (U+7279) in font [XITSMath-Regular.otf]/OT:script=math;language=dflt;!
Missing character: There is no 征 (U+5F81) in font [XITSMath-Regular.otf]/OT:script=math;language=dflt;!
Missing character: There is no 变 (U+53D8) in font [XITSMath-Regular.otf]/OT:script=math;language=dflt;!
Missing character: There is no 化 (U+5316) in font [XITSMath-Regular.otf]/OT:script=math;language=dflt;!
Missing character: There is no ， (U+FF0C) in font [XITSMath-Regular.otf]/OT:script=math;language=dflt;!
Missing character: There is no 将 (U+5C06) in font [XITSMath-Regular.otf]/OT:script=math;language=dflt;!
Missing character: There is no 、 (U+3001) in font [XITSMath-Regular.otf]/OT:script=math;language=dflt;!
Missing character: There is no 输 (U+8F93) in font [XITSMath-Regular.otf]/OT:script=math;language=dflt;!
Missing character: There is no 入 (U+5165) in font [XITSMath-Regular.otf]/OT:script=math;language=dflt;!
Missing character: There is no 到 (U+5230) in font [XITSMath-Regular.otf]/OT:script=math;language=dflt;!
Missing character: There is no 水 (U+6C34) in font [XITSMath-Regular.otf]/OT:script=math;language=dflt;!
Missing character: There is no 平 (U+5E73) in font [XITSMath-Regular.otf]/OT:script=math;language=dflt;!
Missing character: There is no 方 (U+65B9) in font [XITSMath-Regular.otf]/OT:script=math;language=dflt;!
Missing character: There is no 向 (U+5411) in font [XITSMath-Regular.otf]/OT:script=math;language=dflt;!
Missing character: There is no ， (U+FF0C) in font [XITSMath-Regular.otf]/OT:script=math;language=dflt;!
Missing character: There is no 、 (U+3001) in font [XITSMath-Regular.otf]/OT:script=math;language=dflt;!
Missing character: There is no 输 (U+8F93) in font [XITSMath-Regular.otf]/OT:script=math;language=dflt;!
Missing character: There is no 入 (U+5165) in font [XITSMath-Regular.otf]/OT:script=math;language=dflt;!
Missing character: There is no 到 (U+5230) in font [XITSMath-Regular.otf]/OT:script=math;language=dflt;!
Missing character: There is no 垂 (U+5782) in font [XITSMath-Regular.otf]/OT:script=math;language=dflt;!
Missing character: There is no 直 (U+76F4) in font [XITSMath-Regular.otf]/OT:script=math;language=dflt;!
Missing character: There is no 方 (U+65B9) in font [XITSMath-Regular.otf]/OT:script=math;language=dflt;!
Missing character: There is no 向 (U+5411) in font [XITSMath-Regular.otf]/OT:script=math;language=dflt;!
Missing character: There is no 。 (U+3002) in font [XITSMath-Regular.otf]/OT:script=math;language=dflt;!
Missing character: There is no 再 (U+518D) in font [XITSMath-Regular.otf]/OT:script=math;language=dflt;!
Missing character: There is no 次 (U+6B21) in font [XITSMath-Regular.otf]/OT:script=math;language=dflt;!
Missing character: There is no 对 (U+5BF9) in font [XITSMath-Regular.otf]/OT:script=math;language=dflt;!
Missing character: There is no 不 (U+4E0D) in font [XITSMath-Regular.otf]/OT:script=math;language=dflt;!
Missing character: There is no 同 (U+540C) in font [XITSMath-Regular.otf]/OT:script=math;language=dflt;!
Missing character: There is no 方 (U+65B9) in font [XITSMath-Regular.otf]/OT:script=math;language=dflt;!
Missing character: There is no 向 (U+5411) in font [XITSMath-Regular.otf]/OT:script=math;language=dflt;!
Missing character: There is no 的 (U+7684) in font [XITSMath-Regular.otf]/OT:script=math;language=dflt;!
Missing character: There is no 输 (U+8F93) in font [XITSMath-Regular.otf]/OT:script=math;language=dflt;!
Missing character: There is no 出 (U+51FA) in font [XITSMath-Regular.otf]/OT:script=math;language=dflt;!
Missing character: There is no 执 (U+6267) in font [XITSMath-Regular.otf]/OT:script=math;language=dflt;!
Missing character: There is no 行 (U+884C) in font [XITSMath-Regular.otf]/OT:script=math;language=dflt;!
Missing character: There is no 空 (U+7A7A) in font [XITSMath-Regular.otf]/OT:script=math;language=dflt;!
Missing character: There is no 间 (U+95F4) in font [XITSMath-Regular.otf]/OT:script=math;language=dflt;!
Missing character: There is no 位 (U+4F4D) in font [XITSMath-Regular.otf]/OT:script=math;language=dflt;!
Missing character: There is no 移 (U+79FB) in font [XITSMath-Regular.otf]/OT:script=math;language=dflt;!
Missing character: There is no （ (U+FF08) in font [XITSMath-Regular.otf]/OT:script=math;language=dflt;!
Missing character: There is no ） (U+FF09) in font [XITSMath-Regular.otf]/OT:script=math;language=dflt;!
Missing character: There is no ， (U+FF0C) in font [XITSMath-Regular.otf]/OT:script=math;language=dflt;!
Missing character: There is no 模 (U+6A21) in font [XITSMath-Regular.otf]/OT:script=math;language=dflt;!
Missing character: There is no 拟 (U+62DF) in font [XITSMath-Regular.otf]/OT:script=math;language=dflt;!
Missing character: There is no 偏 (U+504F) in font [XITSMath-Regular.otf]/OT:script=math;language=dflt;!
Missing character: There is no 置 (U+7F6E) in font [XITSMath-Regular.otf]/OT:script=math;language=dflt;!
Missing character: There is no 感 (U+611F) in font [XITSMath-Regular.otf]/OT:script=math;language=dflt;!
Missing character: There is no 受 (U+53D7) in font [XITSMath-Regular.otf]/OT:script=math;language=dflt;!
Missing character: There is no 野 (U+91CE) in font [XITSMath-Regular.otf]/OT:script=math;language=dflt;!
Missing character: There is no ， (U+FF0C) in font [XITSMath-Regular.otf]/OT:script=math;language=dflt;!
Missing character: There is no 使 (U+4F7F) in font [XITSMath-Regular.otf]/OT:script=math;language=dflt;!
Missing character: There is no 得 (U+5F97) in font [XITSMath-Regular.otf]/OT:script=math;language=dflt;!
Missing character: There is no 方 (U+65B9) in font [XITSMath-Regular.otf]/OT:script=math;language=dflt;!
Missing character: There is no 向 (U+5411) in font [XITSMath-Regular.otf]/OT:script=math;language=dflt;!
Missing character: There is no 信 (U+4FE1) in font [XITSMath-Regular.otf]/OT:script=math;language=dflt;!
Missing character: There is no 息 (U+606F) in font [XITSMath-Regular.otf]/OT:script=math;language=dflt;!
Missing character: There is no 产 (U+4EA7) in font [XITSMath-Regular.otf]/OT:script=math;language=dflt;!
Missing character: There is no 生 (U+751F) in font [XITSMath-Regular.otf]/OT:script=math;language=dflt;!
Missing character: There is no 显 (U+663E) in font [XITSMath-Regular.otf]/OT:script=math;language=dflt;!
Missing character: There is no 式 (U+5F0F) in font [XITSMath-Regular.otf]/OT:script=math;language=dflt;!
Missing character: There is no 的 (U+7684) in font [XITSMath-Regular.otf]/OT:script=math;language=dflt;!
Missing character: There is no 位 (U+4F4D) in font [XITSMath-Regular.otf]/OT:script=math;language=dflt;!
Missing character: There is no 置 (U+7F6E) in font [XITSMath-Regular.otf]/OT:script=math;language=dflt;!
Missing character: There is no 偏 (U+504F) in font [XITSMath-Regular.otf]/OT:script=math;language=dflt;!
Missing character: There is no 移 (U+79FB) in font [XITSMath-Regular.otf]/OT:script=math;language=dflt;!
Missing character: There is no ， (U+FF0C) in font [XITSMath-Regular.otf]/OT:script=math;language=dflt;!
Missing character: There is no 从 (U+4ECE) in font [XITSMath-Regular.otf]/OT:script=math;language=dflt;!
Missing character: There is no 而 (U+800C) in font [XITSMath-Regular.otf]/OT:script=math;language=dflt;!
Missing character: There is no 模 (U+6A21) in font [XITSMath-Regular.otf]/OT:script=math;language=dflt;!
Missing character: There is no 拟 (U+62DF) in font [XITSMath-Regular.otf]/OT:script=math;language=dflt;!
Missing character: There is no 出 (U+51FA) in font [XITSMath-Regular.otf]/OT:script=math;language=dflt;!
Missing character: There is no 旋 (U+65CB) in font [XITSMath-Regular.otf]/OT:script=math;language=dflt;!
Missing character: There is no 转 (U+8F6C) in font [XITSMath-Regular.otf]/OT:script=math;language=dflt;!
Missing character: There is no 感 (U+611F) in font [XITSMath-Regular.otf]/OT:script=math;language=dflt;!
Missing character: There is no 知 (U+77E5) in font [XITSMath-Regular.otf]/OT:script=math;language=dflt;!
Missing character: There is no 的 (U+7684) in font [XITSMath-Regular.otf]/OT:script=math;language=dflt;!
Missing character: There is no 特 (U+7279) in font [XITSMath-Regular.otf]/OT:script=math;language=dflt;!
Missing character: There is no 征 (U+5F81) in font [XITSMath-Regular.otf]/OT:script=math;language=dflt;!
Missing character: There is no 流 (U+6D41) in font [XITSMath-Regular.otf]/OT:script=math;language=dflt;!
Missing character: There is no 动 (U+52A8) in font [XITSMath-Regular.otf]/OT:script=math;language=dflt;!
Missing character: There is no 效 (U+6548) in font [XITSMath-Regular.otf]/OT:script=math;language=dflt;!
Missing character: There is no 果 (U+679C) in font [XITSMath-Regular.otf]/OT:script=math;language=dflt;!
Missing character: There is no ； (U+FF1B) in font [XITSMath-Regular.otf]/OT:script=math;language=dflt;!
Missing character: There is no 最 (U+6700) in font [XITSMath-Regular.otf]/OT:script=math;language=dflt;!
Missing character: There is no 后 (U+540E) in font [XITSMath-Regular.otf]/OT:script=math;language=dflt;!
Missing character: There is no 将 (U+5C06) in font [XITSMath-Regular.otf]/OT:script=math;language=dflt;!
Missing character: There is no 个 (U+4E2A) in font [XITSMath-Regular.otf]/OT:script=math;language=dflt;!
Missing character: There is no 方 (U+65B9) in font [XITSMath-Regular.otf]/OT:script=math;language=dflt;!
Missing character: There is no 向 (U+5411) in font [XITSMath-Regular.otf]/OT:script=math;language=dflt;!
Missing character: There is no 特 (U+7279) in font [XITSMath-Regular.otf]/OT:script=math;language=dflt;!
Missing character: There is no 征 (U+5F81) in font [XITSMath-Regular.otf]/OT:script=math;language=dflt;!
Missing character: There is no 拼 (U+62FC) in font [XITSMath-Regular.otf]/OT:script=math;language=dflt;!
Missing character: There is no 接 (U+63A5) in font [XITSMath-Regular.otf]/OT:script=math;language=dflt;!
Missing character: There is no ， (U+FF0C) in font [XITSMath-Regular.otf]/OT:script=math;language=dflt;!
Missing character: There is no 使 (U+4F7F) in font [XITSMath-Regular.otf]/OT:script=math;language=dflt;!
Missing character: There is no 用 (U+7528) in font [XITSMath-Regular.otf]/OT:script=math;language=dflt;!
Missing character: There is no 卷 (U+5377) in font [XITSMath-Regular.otf]/OT:script=math;language=dflt;!
Missing character: There is no 积 (U+79EF) in font [XITSMath-Regular.otf]/OT:script=math;language=dflt;!
Missing character: There is no 核 (U+6838) in font [XITSMath-Regular.otf]/OT:script=math;language=dflt;!
Missing character: There is no 的 (U+7684) in font [XITSMath-Regular.otf]/OT:script=math;language=dflt;!
Missing character: There is no 融 (U+878D) in font [XITSMath-Regular.otf]/OT:script=math;language=dflt;!
Missing character: There is no 合 (U+5408) in font [XITSMath-Regular.otf]/OT:script=math;language=dflt;!
Missing character: There is no 卷 (U+5377) in font [XITSMath-Regular.otf]/OT:script=math;language=dflt;!
Missing character: There is no 积 (U+79EF) in font [XITSMath-Regular.otf]/OT:script=math;language=dflt;!
Missing character: There is no 输 (U+8F93) in font [XITSMath-Regular.otf]/OT:script=math;language=dflt;!
Missing character: There is no 出 (U+51FA) in font [XITSMath-Regular.otf]/OT:script=math;language=dflt;!
Missing character: There is no 结 (U+7ED3) in font [XITSMath-Regular.otf]/OT:script=math;language=dflt;!
Missing character: There is no 果 (U+679C) in font [XITSMath-Regular.otf]/OT:script=math;language=dflt;!
Missing character: There is no ， (U+FF0C) in font [XITSMath-Regular.otf]/OT:script=math;language=dflt;!
Missing character: There is no 整 (U+6574) in font [XITSMath-Regular.otf]/OT:script=math;language=dflt;!
Missing character: There is no 合 (U+5408) in font [XITSMath-Regular.otf]/OT:script=math;language=dflt;!
Missing character: There is no 多 (U+591A) in font [XITSMath-Regular.otf]/OT:script=math;language=dflt;!
Missing character: There is no 个 (U+4E2A) in font [XITSMath-Regular.otf]/OT:script=math;language=dflt;!
Missing character: There is no 方 (U+65B9) in font [XITSMath-Regular.otf]/OT:script=math;language=dflt;!
Missing character: There is no 向 (U+5411) in font [XITSMath-Regular.otf]/OT:script=math;language=dflt;!
Missing character: There is no 的 (U+7684) in font [XITSMath-Regular.otf]/OT:script=math;language=dflt;!
Missing character: There is no 信 (U+4FE1) in font [XITSMath-Regular.otf]/OT:script=math;language=dflt;!
Missing character: There is no 息 (U+606F) in font [XITSMath-Regular.otf]/OT:script=math;language=dflt;!
Missing character: There is no 。 (U+3002) in font [XITSMath-Regular.otf]/OT:script=math;language=dflt;!
Missing character: There is no 以 (U+4EE5) in font [XITSMath-Regular.otf]/OT:script=math;language=dflt;!
Missing character: There is no 上 (U+4E0A) in font [XITSMath-Regular.otf]/OT:script=math;language=dflt;!
Missing character: There is no 过 (U+8FC7) in font [XITSMath-Regular.otf]/OT:script=math;language=dflt;!
Missing character: There is no 程 (U+7A0B) in font [XITSMath-Regular.otf]/OT:script=math;language=dflt;!
Missing character: There is no 可 (U+53EF) in font [XITSMath-Regular.otf]/OT:script=math;language=dflt;!
Missing character: There is no 以 (U+4EE5) in font [XITSMath-Regular.otf]/OT:script=math;language=dflt;!
Missing character: There is no 用 (U+7528) in font [XITSMath-Regular.otf]/OT:script=math;language=dflt;!
Missing character: There is no 数 (U+6570) in font [XITSMath-Regular.otf]/OT:script=math;language=dflt;!
Missing character: There is no 学 (U+5B66) in font [XITSMath-Regular.otf]/OT:script=math;language=dflt;!
Missing character: There is no 形 (U+5F62) in font [XITSMath-Regular.otf]/OT:script=math;language=dflt;!
Missing character: There is no 式 (U+5F0F) in font [XITSMath-Regular.otf]/OT:script=math;language=dflt;!
Missing character: There is no 表 (U+8868) in font [XITSMath-Regular.otf]/OT:script=math;language=dflt;!
Missing character: There is no 示 (U+793A) in font [XITSMath-Regular.otf]/OT:script=math;language=dflt;!
Missing character: There is no 为 (U+4E3A) in font [XITSMath-Regular.otf]/OT:script=math;language=dflt;!
Missing character: There is no ： (U+FF1A) in font [XITSMath-Regular.otf]/OT:script=math;language=dflt;!

./data/chap02.tex:102: LaTeX Error: \begin{document} ended by \end{equation*}.

See the LaTeX manual or LaTeX Companion for explanation.
Type  H <return>  for immediate help.
 ...                                              
                                                  
l.102 \end{array} \right]} \right)\]
                                    
Your command was ignored.
Type  I <command> <return>  to replace it with another command,
or  <return>  to continue without it.

./data/chap02.tex:102: Missing $ inserted.
<inserted text> 
                $
l.102 \end{array} \right]} \right)\]
                                    
I've inserted something that you may have forgotten.
(See the <inserted text> above.)
With luck, this will get me unwedged. But if you
really didn't forget anything, try typing `2' now; then
my insertion and my current dilemma will both disappear.

./data/chap02.tex:102: Extra \endgroup.
<recently read> \endgroup 
                          
l.102 \end{array} \right]} \right)\]
                                    
Things are pretty mixed up, but I think the worst is over.


Overfull \hbox (648.04913pt too wide) in paragraph at lines 87--104
\TU/XITS(0)/m/n/12.045 neck$[][][][][][][][][][][][][][][][][][][][][][][][][][][][][][][][][][][][][][][][][][][][][][][][][][][][][][][][][][][][][][][][][][][][][][][][][][][][][][][][][][][][][][][][][][][][][][][][][][][][][][][][][][][][][][][][][][][][][][][][][][][][][][][][][][][][][][][][][][][][][][][][][][][][] [][][][][][][][][][][][][][][][][][][][][][][][][][][][][][][][][][][][][][][][][][][][][][][][][][][][][][][][][][][][][][][][][][][][][][][][][][][][][][][][][][][][][][][][][][][][][][][][][][][][][][][][][][][][][][][][][][][] []
 []


Overfull \hbox (138.63977pt too wide) in paragraph at lines 87--104
[][][][][][][][][][][][][] [] [][][][][][][][][][][][][][][][][][][][][][][][][][][][][][][][][][][][][][][][][][][][][][][][][][][][][][][][][][][][][][][][][][][][][][][][][][][][][][][][][][][][][][][][][][][][][][][][][][][][][][][][][][][][][][][][][][][][][][][][][][][][][][][][][][][][][][][][][][][][][][] []
 []



[16]
./data/chap02.tex:109: Missing $ inserted.
<inserted text> 
                $
l.109 本文采用“up_
              box”和“down_box”两个类别对每幅图像中的目标进行标注，如图6所示，
I've inserted a begin-math/end-math symbol since I think
you left one out. Proceed, with fingers crossed.


./data/chap02.tex:111: LaTeX Error: Not in outer par mode.

See the LaTeX manual or LaTeX Companion for explanation.
Type  H <return>  for immediate help.
 ...                                              
                                                  
l.111   \subfloat
                 [贴有模板的金属喷嘴示意图]{\label{sub-fig-1}
You've lost some text.  Try typing  <return>  to proceed.
If that doesn't work, type  X <return>  to quit.

./data/chap02.tex:111: Undefined control sequence.
\@float@Hx ...ltovf \fi \global \setbox \@currbox 
                                                  \color@vbox \normalcolor \...
l.111   \subfloat
                 [贴有模板的金属喷嘴示意图]{\label{sub-fig-1}
The control sequence at the end of the top line
of your error message was never \def'ed. If you have
misspelled it (e.g., `\hobx'), type `I' and the correct
spelling (e.g., `I\hbox'). Otherwise just continue,
and I'll forget about whatever was undefined.

./data/chap02.tex:111: Missing number, treated as zero.
<to be read again> 
                   \vbox 
l.111   \subfloat
                 [贴有模板的金属喷嘴示意图]{\label{sub-fig-1}
A number should have been here; I inserted `0'.
(If you can't figure out why I needed to see a number,
look up `weird error' in the index to The TeXbook.)


LaTeX Warning: File `fig7-1.pdf' not found on input line 113.

./data/chap02.tex:113: Unable to load picture or PDF file 'fig7-1.pdf'.
<to be read again> 
                   }
l.113   }
         
The requested image couldn't be read because
it was not a recognized image format.


./data/chap02.tex:113: Package graphics Error: Division by 0.

See the graphics package documentation for explanation.
Type  H <return>  for immediate help.
 ...                                              
                                                  
l.113   }
         
Your command was ignored.
Type  I <command> <return>  to replace it with another command,
or  <return>  to continue without it.

File: fig7-1.pdf Graphic file (type pdf)
<use fig7-1.pdf>
./data/chap02.tex:113: Unable to load picture or PDF file 'fig7-1.pdf'.
<to be read again> 
                   \GPT@clipend 
l.113   }
         
The requested image couldn't be read because
it was not a recognized image format.


LaTeX Warning: File `fig7-2.pdf' not found on input line 117.

./data/chap02.tex:117: Unable to load picture or PDF file 'fig7-2.pdf'.
<to be read again> 
                   }
l.117   }
         
The requested image couldn't be read because
it was not a recognized image format.


./data/chap02.tex:117: Package graphics Error: Division by 0.

See the graphics package documentation for explanation.
Type  H <return>  for immediate help.
 ...                                              
                                                  
l.117   }
         
Your command was ignored.
Type  I <command> <return>  to replace it with another command,
or  <return>  to continue without it.

File: fig7-2.pdf Graphic file (type pdf)
<use fig7-2.pdf>
./data/chap02.tex:117: Unable to load picture or PDF file 'fig7-2.pdf'.
<to be read again> 
                   \GPT@clipend 
l.117   }
         
The requested image couldn't be read because
it was not a recognized image format.

./data/chap02.tex:123: Missing $ inserted.
<inserted text> 
                $
l.123 
      
I've inserted a begin-math/end-math symbol since I think
you left one out. Proceed, with fingers crossed.

Missing character: There is no 和 (U+548C) in font [XITSMath-Regular.otf]/OT:script=math;language=dflt;!
Missing character: There is no 两 (U+4E24) in font [XITSMath-Regular.otf]/OT:script=math;language=dflt;!
Missing character: There is no 个 (U+4E2A) in font [XITSMath-Regular.otf]/OT:script=math;language=dflt;!
Missing character: There is no 类 (U+7C7B) in font [XITSMath-Regular.otf]/OT:script=math;language=dflt;!
Missing character: There is no 别 (U+522B) in font [XITSMath-Regular.otf]/OT:script=math;language=dflt;!
Missing character: There is no 对 (U+5BF9) in font [XITSMath-Regular.otf]/OT:script=math;language=dflt;!
Missing character: There is no 每 (U+6BCF) in font [XITSMath-Regular.otf]/OT:script=math;language=dflt;!
Missing character: There is no 幅 (U+5E45) in font [XITSMath-Regular.otf]/OT:script=math;language=dflt;!
Missing character: There is no 图 (U+56FE) in font [XITSMath-Regular.otf]/OT:script=math;language=dflt;!
Missing character: There is no 像 (U+50CF) in font [XITSMath-Regular.otf]/OT:script=math;language=dflt;!
Missing character: There is no 中 (U+4E2D) in font [XITSMath-Regular.otf]/OT:script=math;language=dflt;!
Missing character: There is no 的 (U+7684) in font [XITSMath-Regular.otf]/OT:script=math;language=dflt;!
Missing character: There is no 目 (U+76EE) in font [XITSMath-Regular.otf]/OT:script=math;language=dflt;!
Missing character: There is no 标 (U+6807) in font [XITSMath-Regular.otf]/OT:script=math;language=dflt;!
Missing character: There is no 进 (U+8FDB) in font [XITSMath-Regular.otf]/OT:script=math;language=dflt;!
Missing character: There is no 行 (U+884C) in font [XITSMath-Regular.otf]/OT:script=math;language=dflt;!
Missing character: There is no 标 (U+6807) in font [XITSMath-Regular.otf]/OT:script=math;language=dflt;!
Missing character: There is no 注 (U+6CE8) in font [XITSMath-Regular.otf]/OT:script=math;language=dflt;!
Missing character: There is no ， (U+FF0C) in font [XITSMath-Regular.otf]/OT:script=math;language=dflt;!
Missing character: There is no 如 (U+5982) in font [XITSMath-Regular.otf]/OT:script=math;language=dflt;!
Missing character: There is no 图 (U+56FE) in font [XITSMath-Regular.otf]/OT:script=math;language=dflt;!
Missing character: There is no 所 (U+6240) in font [XITSMath-Regular.otf]/OT:script=math;language=dflt;!
Missing character: There is no 示 (U+793A) in font [XITSMath-Regular.otf]/OT:script=math;language=dflt;!
Missing character: There is no ， (U+FF0C) in font [XITSMath-Regular.otf]/OT:script=math;language=dflt;!
Missing character: There is no 其 (U+5176) in font [XITSMath-Regular.otf]/OT:script=math;language=dflt;!
Missing character: There is no 中 (U+4E2D) in font [XITSMath-Regular.otf]/OT:script=math;language=dflt;!
Missing character: There is no 类 (U+7C7B) in font [XITSMath-Regular.otf]/OT:script=math;language=dflt;!
Missing character: There is no 别 (U+522B) in font [XITSMath-Regular.otf]/OT:script=math;language=dflt;!
Missing character: There is no 标 (U+6807) in font [XITSMath-Regular.otf]/OT:script=math;language=dflt;!
Missing character: There is no 签 (U+7B7E) in font [XITSMath-Regular.otf]/OT:script=math;language=dflt;!
Missing character: There is no 和 (U+548C) in font [XITSMath-Regular.otf]/OT:script=math;language=dflt;!
Missing character: There is no 分 (U+5206) in font [XITSMath-Regular.otf]/OT:script=math;language=dflt;!
Missing character: There is no 别 (U+522B) in font [XITSMath-Regular.otf]/OT:script=math;language=dflt;!
Missing character: There is no 对 (U+5BF9) in font [XITSMath-Regular.otf]/OT:script=math;language=dflt;!
Missing character: There is no 应 (U+5E94) in font [XITSMath-Regular.otf]/OT:script=math;language=dflt;!
Missing character: There is no 上 (U+4E0A) in font [XITSMath-Regular.otf]/OT:script=math;language=dflt;!
Missing character: There is no 层 (U+5C42) in font [XITSMath-Regular.otf]/OT:script=math;language=dflt;!
Missing character: There is no 货 (U+8D27) in font [XITSMath-Regular.otf]/OT:script=math;language=dflt;!
Missing character: There is no 物 (U+7269) in font [XITSMath-Regular.otf]/OT:script=math;language=dflt;!
Missing character: There is no （ (U+FF08) in font [XITSMath-Regular.otf]/OT:script=math;language=dflt;!
Missing character: There is no ） (U+FF09) in font [XITSMath-Regular.otf]/OT:script=math;language=dflt;!
Missing character: There is no 和 (U+548C) in font [XITSMath-Regular.otf]/OT:script=math;language=dflt;!
Missing character: There is no 下 (U+4E0B) in font [XITSMath-Regular.otf]/OT:script=math;language=dflt;!
Missing character: There is no 层 (U+5C42) in font [XITSMath-Regular.otf]/OT:script=math;language=dflt;!
Missing character: There is no 货 (U+8D27) in font [XITSMath-Regular.otf]/OT:script=math;language=dflt;!
Missing character: There is no 物 (U+7269) in font [XITSMath-Regular.otf]/OT:script=math;language=dflt;!
Missing character: There is no （ (U+FF08) in font [XITSMath-Regular.otf]/OT:script=math;language=dflt;!
Missing character: There is no ） (U+FF09) in font [XITSMath-Regular.otf]/OT:script=math;language=dflt;!
Missing character: There is no 。 (U+3002) in font [XITSMath-Regular.otf]/OT:script=math;language=dflt;!
Missing character: There is no 模 (U+6A21) in font [XITSMath-Regular.otf]/OT:script=math;language=dflt;!
Missing character: There is no 型 (U+578B) in font [XITSMath-Regular.otf]/OT:script=math;language=dflt;!
Missing character: There is no 在 (U+5728) in font [XITSMath-Regular.otf]/OT:script=math;language=dflt;!
Missing character: There is no 推 (U+63A8) in font [XITSMath-Regular.otf]/OT:script=math;language=dflt;!
Missing character: There is no 理 (U+7406) in font [XITSMath-Regular.otf]/OT:script=math;language=dflt;!
Missing character: There is no 阶 (U+9636) in font [XITSMath-Regular.otf]/OT:script=math;language=dflt;!
Missing character: There is no 段 (U+6BB5) in font [XITSMath-Regular.otf]/OT:script=math;language=dflt;!
Missing character: There is no 将 (U+5C06) in font [XITSMath-Regular.otf]/OT:script=math;language=dflt;!
Missing character: There is no 输 (U+8F93) in font [XITSMath-Regular.otf]/OT:script=math;language=dflt;!
Missing character: There is no 出 (U+51FA) in font [XITSMath-Regular.otf]/OT:script=math;language=dflt;!
Missing character: There is no 每 (U+6BCF) in font [XITSMath-Regular.otf]/OT:script=math;language=dflt;!
Missing character: There is no 个 (U+4E2A) in font [XITSMath-Regular.otf]/OT:script=math;language=dflt;!
Missing character: There is no 目 (U+76EE) in font [XITSMath-Regular.otf]/OT:script=math;language=dflt;!
Missing character: There is no 标 (U+6807) in font [XITSMath-Regular.otf]/OT:script=math;language=dflt;!
Missing character: There is no 实 (U+5B9E) in font [XITSMath-Regular.otf]/OT:script=math;language=dflt;!
Missing character: There is no 例 (U+4F8B) in font [XITSMath-Regular.otf]/OT:script=math;language=dflt;!
Missing character: There is no 的 (U+7684) in font [XITSMath-Regular.otf]/OT:script=math;language=dflt;!
Missing character: There is no 边 (U+8FB9) in font [XITSMath-Regular.otf]/OT:script=math;language=dflt;!
Missing character: There is no 界 (U+754C) in font [XITSMath-Regular.otf]/OT:script=math;language=dflt;!
Missing character: There is no 框 (U+6846) in font [XITSMath-Regular.otf]/OT:script=math;language=dflt;!
Missing character: There is no 、 (U+3001) in font [XITSMath-Regular.otf]/OT:script=math;language=dflt;!
Missing character: There is no 类 (U+7C7B) in font [XITSMath-Regular.otf]/OT:script=math;language=dflt;!
Missing character: There is no 别 (U+522B) in font [XITSMath-Regular.otf]/OT:script=math;language=dflt;!
Missing character: There is no 标 (U+6807) in font [XITSMath-Regular.otf]/OT:script=math;language=dflt;!
Missing character: There is no 签 (U+7B7E) in font [XITSMath-Regular.otf]/OT:script=math;language=dflt;!
Missing character: There is no 及 (U+53CA) in font [XITSMath-Regular.otf]/OT:script=math;language=dflt;!
Missing character: There is no 其 (U+5176) in font [XITSMath-Regular.otf]/OT:script=math;language=dflt;!
Missing character: There is no 对 (U+5BF9) in font [XITSMath-Regular.otf]/OT:script=math;language=dflt;!
Missing character: There is no 应 (U+5E94) in font [XITSMath-Regular.otf]/OT:script=math;language=dflt;!
Missing character: There is no 的 (U+7684) in font [XITSMath-Regular.otf]/OT:script=math;language=dflt;!
Missing character: There is no 掩 (U+63A9) in font [XITSMath-Regular.otf]/OT:script=math;language=dflt;!
Missing character: There is no 膜 (U+819C) in font [XITSMath-Regular.otf]/OT:script=math;language=dflt;!
Missing character: There is no 信 (U+4FE1) in font [XITSMath-Regular.otf]/OT:script=math;language=dflt;!
Missing character: There is no 息 (U+606F) in font [XITSMath-Regular.otf]/OT:script=math;language=dflt;!
Missing character: There is no 。 (U+3002) in font [XITSMath-Regular.otf]/OT:script=math;language=dflt;!
Missing character: There is no 为 (U+4E3A) in font [XITSMath-Regular.otf]/OT:script=math;language=dflt;!
Missing character: There is no 提 (U+63D0) in font [XITSMath-Regular.otf]/OT:script=math;language=dflt;!
Missing character: There is no 升 (U+5347) in font [XITSMath-Regular.otf]/OT:script=math;language=dflt;!
Missing character: There is no 后 (U+540E) in font [XITSMath-Regular.otf]/OT:script=math;language=dflt;!
Missing character: There is no 续 (U+7EED) in font [XITSMath-Regular.otf]/OT:script=math;language=dflt;!
Missing character: There is no 计 (U+8BA1) in font [XITSMath-Regular.otf]/OT:script=math;language=dflt;!
Missing character: There is no 数 (U+6570) in font [XITSMath-Regular.otf]/OT:script=math;language=dflt;!
Missing character: There is no 环 (U+73AF) in font [XITSMath-Regular.otf]/OT:script=math;language=dflt;!
Missing character: There is no 节 (U+8282) in font [XITSMath-Regular.otf]/OT:script=math;language=dflt;!
Missing character: There is no 的 (U+7684) in font [XITSMath-Regular.otf]/OT:script=math;language=dflt;!
Missing character: There is no 准 (U+51C6) in font [XITSMath-Regular.otf]/OT:script=math;language=dflt;!
Missing character: There is no 确 (U+786E) in font [XITSMath-Regular.otf]/OT:script=math;language=dflt;!
Missing character: There is no 性 (U+6027) in font [XITSMath-Regular.otf]/OT:script=math;language=dflt;!
Missing character: There is no 与 (U+4E0E) in font [XITSMath-Regular.otf]/OT:script=math;language=dflt;!
Missing character: There is no 鲁 (U+9C81) in font [XITSMath-Regular.otf]/OT:script=math;language=dflt;!
Missing character: There is no 棒 (U+68D2) in font [XITSMath-Regular.otf]/OT:script=math;language=dflt;!
Missing character: There is no 性 (U+6027) in font [XITSMath-Regular.otf]/OT:script=math;language=dflt;!
Missing character: There is no ， (U+FF0C) in font [XITSMath-Regular.otf]/OT:script=math;language=dflt;!
Missing character: There is no 本 (U+672C) in font [XITSMath-Regular.otf]/OT:script=math;language=dflt;!
Missing character: There is no 文 (U+6587) in font [XITSMath-Regular.otf]/OT:script=math;language=dflt;!
Missing character: There is no 根 (U+6839) in font [XITSMath-Regular.otf]/OT:script=math;language=dflt;!
Missing character: There is no 据 (U+636E) in font [XITSMath-Regular.otf]/OT:script=math;language=dflt;!
Missing character: There is no 不 (U+4E0D) in font [XITSMath-Regular.otf]/OT:script=math;language=dflt;!
Missing character: There is no 同 (U+540C) in font [XITSMath-Regular.otf]/OT:script=math;language=dflt;!
Missing character: There is no 类 (U+7C7B) in font [XITSMath-Regular.otf]/OT:script=math;language=dflt;!
Missing character: There is no 别 (U+522B) in font [XITSMath-Regular.otf]/OT:script=math;language=dflt;!
Missing character: There is no 的 (U+7684) in font [XITSMath-Regular.otf]/OT:script=math;language=dflt;!
Missing character: There is no 特 (U+7279) in font [XITSMath-Regular.otf]/OT:script=math;language=dflt;!
Missing character: There is no 性 (U+6027) in font [XITSMath-Regular.otf]/OT:script=math;language=dflt;!
Missing character: There is no ， (U+FF0C) in font [XITSMath-Regular.otf]/OT:script=math;language=dflt;!
Missing character: There is no 设 (U+8BBE) in font [XITSMath-Regular.otf]/OT:script=math;language=dflt;!
Missing character: There is no 置 (U+7F6E) in font [XITSMath-Regular.otf]/OT:script=math;language=dflt;!
Missing character: There is no 了 (U+4E86) in font [XITSMath-Regular.otf]/OT:script=math;language=dflt;!
Missing character: There is no 差 (U+5DEE) in font [XITSMath-Regular.otf]/OT:script=math;language=dflt;!
Missing character: There is no 异 (U+5F02) in font [XITSMath-Regular.otf]/OT:script=math;language=dflt;!
Missing character: There is no 化 (U+5316) in font [XITSMath-Regular.otf]/OT:script=math;language=dflt;!
Missing character: There is no 的 (U+7684) in font [XITSMath-Regular.otf]/OT:script=math;language=dflt;!
Missing character: There is no 置 (U+7F6E) in font [XITSMath-Regular.otf]/OT:script=math;language=dflt;!
Missing character: There is no 信 (U+4FE1) in font [XITSMath-Regular.otf]/OT:script=math;language=dflt;!
Missing character: There is no 度 (U+5EA6) in font [XITSMath-Regular.otf]/OT:script=math;language=dflt;!
Missing character: There is no 阈 (U+9608) in font [XITSMath-Regular.otf]/OT:script=math;language=dflt;!
Missing character: There is no 值 (U+503C) in font [XITSMath-Regular.otf]/OT:script=math;language=dflt;!
Missing character: There is no ： (U+FF1A) in font [XITSMath-Regular.otf]/OT:script=math;language=dflt;!
Missing character: There is no 仅 (U+4EC5) in font [XITSMath-Regular.otf]/OT:script=math;language=dflt;!
Missing character: There is no 保 (U+4FDD) in font [XITSMath-Regular.otf]/OT:script=math;language=dflt;!
Missing character: There is no 留 (U+7559) in font [XITSMath-Regular.otf]/OT:script=math;language=dflt;!
Missing character: There is no 置 (U+7F6E) in font [XITSMath-Regular.otf]/OT:script=math;language=dflt;!
Missing character: There is no 信 (U+4FE1) in font [XITSMath-Regular.otf]/OT:script=math;language=dflt;!
Missing character: There is no 度 (U+5EA6) in font [XITSMath-Regular.otf]/OT:script=math;language=dflt;!
Missing character: There is no 不 (U+4E0D) in font [XITSMath-Regular.otf]/OT:script=math;language=dflt;!
Missing character: There is no 低 (U+4F4E) in font [XITSMath-Regular.otf]/OT:script=math;language=dflt;!
Missing character: There is no 的 (U+7684) in font [XITSMath-Regular.otf]/OT:script=math;language=dflt;!
Missing character: There is no 类 (U+7C7B) in font [XITSMath-Regular.otf]/OT:script=math;language=dflt;!
Missing character: There is no 预 (U+9884) in font [XITSMath-Regular.otf]/OT:script=math;language=dflt;!
Missing character: There is no 测 (U+6D4B) in font [XITSMath-Regular.otf]/OT:script=math;language=dflt;!
Missing character: There is no 结 (U+7ED3) in font [XITSMath-Regular.otf]/OT:script=math;language=dflt;!
Missing character: There is no 果 (U+679C) in font [XITSMath-Regular.otf]/OT:script=math;language=dflt;!
Missing character: There is no ， (U+FF0C) in font [XITSMath-Regular.otf]/OT:script=math;language=dflt;!
Missing character: There is no 以 (U+4EE5) in font [XITSMath-Regular.otf]/OT:script=math;language=dflt;!
Missing character: There is no 及 (U+53CA) in font [XITSMath-Regular.otf]/OT:script=math;language=dflt;!
Missing character: There is no 置 (U+7F6E) in font [XITSMath-Regular.otf]/OT:script=math;language=dflt;!
Missing character: There is no 信 (U+4FE1) in font [XITSMath-Regular.otf]/OT:script=math;language=dflt;!
Missing character: There is no 度 (U+5EA6) in font [XITSMath-Regular.otf]/OT:script=math;language=dflt;!
Missing character: There is no 不 (U+4E0D) in font [XITSMath-Regular.otf]/OT:script=math;language=dflt;!
Missing character: There is no 低 (U+4F4E) in font [XITSMath-Regular.otf]/OT:script=math;language=dflt;!
Missing character: There is no 于 (U+4E8E) in font [XITSMath-Regular.otf]/OT:script=math;language=dflt;!
Missing character: There is no 的 (U+7684) in font [XITSMath-Regular.otf]/OT:script=math;language=dflt;!
Missing character: There is no 类 (U+7C7B) in font [XITSMath-Regular.otf]/OT:script=math;language=dflt;!
Missing character: There is no 预 (U+9884) in font [XITSMath-Regular.otf]/OT:script=math;language=dflt;!
Missing character: There is no 测 (U+6D4B) in font [XITSMath-Regular.otf]/OT:script=math;language=dflt;!
Missing character: There is no 结 (U+7ED3) in font [XITSMath-Regular.otf]/OT:script=math;language=dflt;!
Missing character: There is no 果 (U+679C) in font [XITSMath-Regular.otf]/OT:script=math;language=dflt;!
Missing character: There is no 参 (U+53C2) in font [XITSMath-Regular.otf]/OT:script=math;language=dflt;!
Missing character: There is no 与 (U+4E0E) in font [XITSMath-Regular.otf]/OT:script=math;language=dflt;!
Missing character: There is no 后 (U+540E) in font [XITSMath-Regular.otf]/OT:script=math;language=dflt;!
Missing character: There is no 续 (U+7EED) in font [XITSMath-Regular.otf]/OT:script=math;language=dflt;!
Missing character: There is no 处 (U+5904) in font [XITSMath-Regular.otf]/OT:script=math;language=dflt;!
Missing character: There is no 理 (U+7406) in font [XITSMath-Regular.otf]/OT:script=math;language=dflt;!
Missing character: There is no 。 (U+3002) in font [XITSMath-Regular.otf]/OT:script=math;language=dflt;!
Missing character: There is no 在 (U+5728) in font [XITSMath-Regular.otf]/OT:script=math;language=dflt;!
Missing character: There is no 获 (U+83B7) in font [XITSMath-Regular.otf]/OT:script=math;language=dflt;!
Missing character: There is no 得 (U+5F97) in font [XITSMath-Regular.otf]/OT:script=math;language=dflt;!
Missing character: There is no 满 (U+6EE1) in font [XITSMath-Regular.otf]/OT:script=math;language=dflt;!
Missing character: There is no 足 (U+8DB3) in font [XITSMath-Regular.otf]/OT:script=math;language=dflt;!
Missing character: There is no 阈 (U+9608) in font [XITSMath-Regular.otf]/OT:script=math;language=dflt;!
Missing character: There is no 值 (U+503C) in font [XITSMath-Regular.otf]/OT:script=math;language=dflt;!
Missing character: There is no 条 (U+6761) in font [XITSMath-Regular.otf]/OT:script=math;language=dflt;!
Missing character: There is no 件 (U+4EF6) in font [XITSMath-Regular.otf]/OT:script=math;language=dflt;!
Missing character: There is no 的 (U+7684) in font [XITSMath-Regular.otf]/OT:script=math;language=dflt;!
Missing character: There is no 实 (U+5B9E) in font [XITSMath-Regular.otf]/OT:script=math;language=dflt;!
Missing character: There is no 例 (U+4F8B) in font [XITSMath-Regular.otf]/OT:script=math;language=dflt;!
Missing character: There is no 分 (U+5206) in font [XITSMath-Regular.otf]/OT:script=math;language=dflt;!
Missing character: There is no 割 (U+5272) in font [XITSMath-Regular.otf]/OT:script=math;language=dflt;!
Missing character: There is no 结 (U+7ED3) in font [XITSMath-Regular.otf]/OT:script=math;language=dflt;!
Missing character: There is no 果 (U+679C) in font [XITSMath-Regular.otf]/OT:script=math;language=dflt;!
Missing character: There is no 后 (U+540E) in font [XITSMath-Regular.otf]/OT:script=math;language=dflt;!
Missing character: There is no ， (U+FF0C) in font [XITSMath-Regular.otf]/OT:script=math;language=dflt;!
Missing character: There is no 需 (U+9700) in font [XITSMath-Regular.otf]/OT:script=math;language=dflt;!
Missing character: There is no 进 (U+8FDB) in font [XITSMath-Regular.otf]/OT:script=math;language=dflt;!
Missing character: There is no 一 (U+4E00) in font [XITSMath-Regular.otf]/OT:script=math;language=dflt;!
Missing character: There is no 步 (U+6B65) in font [XITSMath-Regular.otf]/OT:script=math;language=dflt;!
Missing character: There is no 通 (U+901A) in font [XITSMath-Regular.otf]/OT:script=math;language=dflt;!
Missing character: There is no 过 (U+8FC7) in font [XITSMath-Regular.otf]/OT:script=math;language=dflt;!
Missing character: There is no 后 (U+540E) in font [XITSMath-Regular.otf]/OT:script=math;language=dflt;!
Missing character: There is no 处 (U+5904) in font [XITSMath-Regular.otf]/OT:script=math;language=dflt;!
Missing character: There is no 理 (U+7406) in font [XITSMath-Regular.otf]/OT:script=math;language=dflt;!
Missing character: There is no 步 (U+6B65) in font [XITSMath-Regular.otf]/OT:script=math;language=dflt;!
Missing character: There is no 骤 (U+9AA4) in font [XITSMath-Regular.otf]/OT:script=math;language=dflt;!
Missing character: There is no 将 (U+5C06) in font [XITSMath-Regular.otf]/OT:script=math;language=dflt;!
Missing character: There is no 有 (U+6709) in font [XITSMath-Regular.otf]/OT:script=math;language=dflt;!
Missing character: There is no 效 (U+6548) in font [XITSMath-Regular.otf]/OT:script=math;language=dflt;!
Missing character: There is no 检 (U+68C0) in font [XITSMath-Regular.otf]/OT:script=math;language=dflt;!
Missing character: There is no 测 (U+6D4B) in font [XITSMath-Regular.otf]/OT:script=math;language=dflt;!
Missing character: There is no 结 (U+7ED3) in font [XITSMath-Regular.otf]/OT:script=math;language=dflt;!
Missing character: There is no 果 (U+679C) in font [XITSMath-Regular.otf]/OT:script=math;language=dflt;!
Missing character: There is no 转 (U+8F6C) in font [XITSMath-Regular.otf]/OT:script=math;language=dflt;!
Missing character: There is no 化 (U+5316) in font [XITSMath-Regular.otf]/OT:script=math;language=dflt;!
Missing character: There is no 为 (U+4E3A) in font [XITSMath-Regular.otf]/OT:script=math;language=dflt;!
Missing character: There is no 最 (U+6700) in font [XITSMath-Regular.otf]/OT:script=math;language=dflt;!
Missing character: There is no 终 (U+7EC8) in font [XITSMath-Regular.otf]/OT:script=math;language=dflt;!
Missing character: There is no 的 (U+7684) in font [XITSMath-Regular.otf]/OT:script=math;language=dflt;!
Missing character: There is no 货 (U+8D27) in font [XITSMath-Regular.otf]/OT:script=math;language=dflt;!
Missing character: There is no 物 (U+7269) in font [XITSMath-Regular.otf]/OT:script=math;language=dflt;!
Missing character: There is no 计 (U+8BA1) in font [XITSMath-Regular.otf]/OT:script=math;language=dflt;!
Missing character: There is no 数 (U+6570) in font [XITSMath-Regular.otf]/OT:script=math;language=dflt;!
Missing character: There is no 。 (U+3002) in font [XITSMath-Regular.otf]/OT:script=math;language=dflt;!
Missing character: There is no 为 (U+4E3A) in font [XITSMath-Regular.otf]/OT:script=math;language=dflt;!
Missing character: There is no 此 (U+6B64) in font [XITSMath-Regular.otf]/OT:script=math;language=dflt;!
Missing character: There is no ， (U+FF0C) in font [XITSMath-Regular.otf]/OT:script=math;language=dflt;!
Missing character: There is no 本 (U+672C) in font [XITSMath-Regular.otf]/OT:script=math;language=dflt;!
Missing character: There is no 文 (U+6587) in font [XITSMath-Regular.otf]/OT:script=math;language=dflt;!
Missing character: There is no 设 (U+8BBE) in font [XITSMath-Regular.otf]/OT:script=math;language=dflt;!
Missing character: There is no 计 (U+8BA1) in font [XITSMath-Regular.otf]/OT:script=math;language=dflt;!
Missing character: There is no 了 (U+4E86) in font [XITSMath-Regular.otf]/OT:script=math;language=dflt;!
Missing character: There is no 一 (U+4E00) in font [XITSMath-Regular.otf]/OT:script=math;language=dflt;!
Missing character: There is no 种 (U+79CD) in font [XITSMath-Regular.otf]/OT:script=math;language=dflt;!
Missing character: There is no 高 (U+9AD8) in font [XITSMath-Regular.otf]/OT:script=math;language=dflt;!
Missing character: There is no 效 (U+6548) in font [XITSMath-Regular.otf]/OT:script=math;language=dflt;!
Missing character: There is no 鲁 (U+9C81) in font [XITSMath-Regular.otf]/OT:script=math;language=dflt;!
Missing character: There is no 棒 (U+68D2) in font [XITSMath-Regular.otf]/OT:script=math;language=dflt;!
Missing character: There is no 的 (U+7684) in font [XITSMath-Regular.otf]/OT:script=math;language=dflt;!
Missing character: There is no 基 (U+57FA) in font [XITSMath-Regular.otf]/OT:script=math;language=dflt;!
Missing character: There is no 于 (U+4E8E) in font [XITSMath-Regular.otf]/OT:script=math;language=dflt;!
Missing character: There is no 实 (U+5B9E) in font [XITSMath-Regular.otf]/OT:script=math;language=dflt;!
Missing character: There is no 例 (U+4F8B) in font [XITSMath-Regular.otf]/OT:script=math;language=dflt;!
Missing character: There is no 分 (U+5206) in font [XITSMath-Regular.otf]/OT:script=math;language=dflt;!
Missing character: There is no 割 (U+5272) in font [XITSMath-Regular.otf]/OT:script=math;language=dflt;!
Missing character: There is no 的 (U+7684) in font [XITSMath-Regular.otf]/OT:script=math;language=dflt;!
Missing character: There is no 启 (U+542F) in font [XITSMath-Regular.otf]/OT:script=math;language=dflt;!
Missing character: There is no 发 (U+53D1) in font [XITSMath-Regular.otf]/OT:script=math;language=dflt;!
Missing character: There is no 式 (U+5F0F) in font [XITSMath-Regular.otf]/OT:script=math;language=dflt;!
Missing character: There is no 后 (U+540E) in font [XITSMath-Regular.otf]/OT:script=math;language=dflt;!
Missing character: There is no 处 (U+5904) in font [XITSMath-Regular.otf]/OT:script=math;language=dflt;!
Missing character: There is no 理 (U+7406) in font [XITSMath-Regular.otf]/OT:script=math;language=dflt;!
Missing character: There is no 计 (U+8BA1) in font [XITSMath-Regular.otf]/OT:script=math;language=dflt;!
Missing character: There is no 数 (U+6570) in font [XITSMath-Regular.otf]/OT:script=math;language=dflt;!
Missing character: There is no 算 (U+7B97) in font [XITSMath-Regular.otf]/OT:script=math;language=dflt;!
Missing character: There is no 法 (U+6CD5) in font [XITSMath-Regular.otf]/OT:script=math;language=dflt;!
Missing character: There is no ， (U+FF0C) in font [XITSMath-Regular.otf]/OT:script=math;language=dflt;!
Missing character: There is no 整 (U+6574) in font [XITSMath-Regular.otf]/OT:script=math;language=dflt;!
Missing character: There is no 体 (U+4F53) in font [XITSMath-Regular.otf]/OT:script=math;language=dflt;!
Missing character: There is no 流 (U+6D41) in font [XITSMath-Regular.otf]/OT:script=math;language=dflt;!
Missing character: There is no 程 (U+7A0B) in font [XITSMath-Regular.otf]/OT:script=math;language=dflt;!
Missing character: There is no 如 (U+5982) in font [XITSMath-Regular.otf]/OT:script=math;language=dflt;!
Missing character: There is no 图 (U+56FE) in font [XITSMath-Regular.otf]/OT:script=math;language=dflt;!
Missing character: There is no 所 (U+6240) in font [XITSMath-Regular.otf]/OT:script=math;language=dflt;!
Missing character: There is no 示 (U+793A) in font [XITSMath-Regular.otf]/OT:script=math;language=dflt;!
Missing character: There is no 。 (U+3002) in font [XITSMath-Regular.otf]/OT:script=math;language=dflt;!
Missing character: There is no 根 (U+6839) in font [XITSMath-Regular.otf]/OT:script=math;language=dflt;!
Missing character: There is no 据 (U+636E) in font [XITSMath-Regular.otf]/OT:script=math;language=dflt;!
Missing character: There is no 仓 (U+4ED3) in font [XITSMath-Regular.otf]/OT:script=math;language=dflt;!
Missing character: There is no 库 (U+5E93) in font [XITSMath-Regular.otf]/OT:script=math;language=dflt;!
Missing character: There is no 货 (U+8D27) in font [XITSMath-Regular.otf]/OT:script=math;language=dflt;!
Missing character: There is no 物 (U+7269) in font [XITSMath-Regular.otf]/OT:script=math;language=dflt;!
Missing character: There is no 的 (U+7684) in font [XITSMath-Regular.otf]/OT:script=math;language=dflt;!
Missing character: There is no 标 (U+6807) in font [XITSMath-Regular.otf]/OT:script=math;language=dflt;!
Missing character: There is no 准 (U+51C6) in font [XITSMath-Regular.otf]/OT:script=math;language=dflt;!
Missing character: There is no 堆 (U+5806) in font [XITSMath-Regular.otf]/OT:script=math;language=dflt;!
Missing character: There is no 叠 (U+53E0) in font [XITSMath-Regular.otf]/OT:script=math;language=dflt;!
Missing character: There is no 规 (U+89C4) in font [XITSMath-Regular.otf]/OT:script=math;language=dflt;!
Missing character: There is no 则 (U+5219) in font [XITSMath-Regular.otf]/OT:script=math;language=dflt;!
Missing character: There is no 下 (U+4E0B) in font [XITSMath-Regular.otf]/OT:script=math;language=dflt;!
Missing character: There is no 一 (U+4E00) in font [XITSMath-Regular.otf]/OT:script=math;language=dflt;!
Missing character: There is no 层 (U+5C42) in font [XITSMath-Regular.otf]/OT:script=math;language=dflt;!
Missing character: There is no 的 (U+7684) in font [XITSMath-Regular.otf]/OT:script=math;language=dflt;!
Missing character: There is no 箱 (U+7BB1) in font [XITSMath-Regular.otf]/OT:script=math;language=dflt;!
Missing character: There is no 体 (U+4F53) in font [XITSMath-Regular.otf]/OT:script=math;language=dflt;!
Missing character: There is no 仅 (U+4EC5) in font [XITSMath-Regular.otf]/OT:script=math;language=dflt;!
Missing character: There is no 在 (U+5728) in font [XITSMath-Regular.otf]/OT:script=math;language=dflt;!
Missing character: There is no 当 (U+5F53) in font [XITSMath-Regular.otf]/OT:script=math;language=dflt;!
Missing character: There is no 前 (U+524D) in font [XITSMath-Regular.otf]/OT:script=math;language=dflt;!
Missing character: There is no 层 (U+5C42) in font [XITSMath-Regular.otf]/OT:script=math;language=dflt;!
Missing character: There is no 堆 (U+5806) in font [XITSMath-Regular.otf]/OT:script=math;language=dflt;!
Missing character: There is no 满 (U+6EE1) in font [XITSMath-Regular.otf]/OT:script=math;language=dflt;!
Missing character: There is no 后 (U+540E) in font [XITSMath-Regular.otf]/OT:script=math;language=dflt;!
Missing character: There is no 方 (U+65B9) in font [XITSMath-Regular.otf]/OT:script=math;language=dflt;!
Missing character: There is no 可 (U+53EF) in font [XITSMath-Regular.otf]/OT:script=math;language=dflt;!
Missing character: There is no 叠 (U+53E0) in font [XITSMath-Regular.otf]/OT:script=math;language=dflt;!
Missing character: There is no 加 (U+52A0) in font [XITSMath-Regular.otf]/OT:script=math;language=dflt;!
Missing character: There is no ， (U+FF0C) in font [XITSMath-Regular.otf]/OT:script=math;language=dflt;!
Missing character: There is no 因 (U+56E0) in font [XITSMath-Regular.otf]/OT:script=math;language=dflt;!
Missing character: There is no 此 (U+6B64) in font [XITSMath-Regular.otf]/OT:script=math;language=dflt;!
Missing character: There is no 本 (U+672C) in font [XITSMath-Regular.otf]/OT:script=math;language=dflt;!
Missing character: There is no 文 (U+6587) in font [XITSMath-Regular.otf]/OT:script=math;language=dflt;!
Missing character: There is no 将 (U+5C06) in font [XITSMath-Regular.otf]/OT:script=math;language=dflt;!
Missing character: There is no 总 (U+603B) in font [XITSMath-Regular.otf]/OT:script=math;language=dflt;!
Missing character: There is no 货 (U+8D27) in font [XITSMath-Regular.otf]/OT:script=math;language=dflt;!
Missing character: There is no 物 (U+7269) in font [XITSMath-Regular.otf]/OT:script=math;language=dflt;!
Missing character: There is no 数 (U+6570) in font [XITSMath-Regular.otf]/OT:script=math;language=dflt;!
Missing character: There is no 量 (U+91CF) in font [XITSMath-Regular.otf]/OT:script=math;language=dflt;!
Missing character: There is no 的 (U+7684) in font [XITSMath-Regular.otf]/OT:script=math;language=dflt;!
Missing character: There is no 估 (U+4F30) in font [XITSMath-Regular.otf]/OT:script=math;language=dflt;!
Missing character: There is no 算 (U+7B97) in font [XITSMath-Regular.otf]/OT:script=math;language=dflt;!
Missing character: There is no 过 (U+8FC7) in font [XITSMath-Regular.otf]/OT:script=math;language=dflt;!
Missing character: There is no 程 (U+7A0B) in font [XITSMath-Regular.otf]/OT:script=math;language=dflt;!
Missing character: There is no 划 (U+5212) in font [XITSMath-Regular.otf]/OT:script=math;language=dflt;!
Missing character: There is no 分 (U+5206) in font [XITSMath-Regular.otf]/OT:script=math;language=dflt;!
Missing character: There is no 为 (U+4E3A) in font [XITSMath-Regular.otf]/OT:script=math;language=dflt;!
Missing character: There is no 两 (U+4E24) in font [XITSMath-Regular.otf]/OT:script=math;language=dflt;!
Missing character: There is no 个 (U+4E2A) in font [XITSMath-Regular.otf]/OT:script=math;language=dflt;!
Missing character: There is no 阶 (U+9636) in font [XITSMath-Regular.otf]/OT:script=math;language=dflt;!
Missing character: There is no 段 (U+6BB5) in font [XITSMath-Regular.otf]/OT:script=math;language=dflt;!
Missing character: There is no ， (U+FF0C) in font [XITSMath-Regular.otf]/OT:script=math;language=dflt;!
Missing character: There is no 分 (U+5206) in font [XITSMath-Regular.otf]/OT:script=math;language=dflt;!
Missing character: There is no 别 (U+522B) in font [XITSMath-Regular.otf]/OT:script=math;language=dflt;!
Missing character: There is no 是 (U+662F) in font [XITSMath-Regular.otf]/OT:script=math;language=dflt;!
Missing character: There is no 下 (U+4E0B) in font [XITSMath-Regular.otf]/OT:script=math;language=dflt;!
Missing character: There is no 层 (U+5C42) in font [XITSMath-Regular.otf]/OT:script=math;language=dflt;!
Missing character: There is no 箱 (U+7BB1) in font [XITSMath-Regular.otf]/OT:script=math;language=dflt;!
Missing character: There is no 体 (U+4F53) in font [XITSMath-Regular.otf]/OT:script=math;language=dflt;!
Missing character: There is no 数 (U+6570) in font [XITSMath-Regular.otf]/OT:script=math;language=dflt;!
Missing character: There is no 量 (U+91CF) in font [XITSMath-Regular.otf]/OT:script=math;language=dflt;!
Missing character: There is no 估 (U+4F30) in font [XITSMath-Regular.otf]/OT:script=math;language=dflt;!
Missing character: There is no 算 (U+7B97) in font [XITSMath-Regular.otf]/OT:script=math;language=dflt;!
Missing character: There is no 与 (U+4E0E) in font [XITSMath-Regular.otf]/OT:script=math;language=dflt;!
Missing character: There is no 顶 (U+9876) in font [XITSMath-Regular.otf]/OT:script=math;language=dflt;!
Missing character: There is no 层 (U+5C42) in font [XITSMath-Regular.otf]/OT:script=math;language=dflt;!
Missing character: There is no 箱 (U+7BB1) in font [XITSMath-Regular.otf]/OT:script=math;language=dflt;!
Missing character: There is no 体 (U+4F53) in font [XITSMath-Regular.otf]/OT:script=math;language=dflt;!
Missing character: There is no 数 (U+6570) in font [XITSMath-Regular.otf]/OT:script=math;language=dflt;!
Missing character: There is no 量 (U+91CF) in font [XITSMath-Regular.otf]/OT:script=math;language=dflt;!
Missing character: There is no 推 (U+63A8) in font [XITSMath-Regular.otf]/OT:script=math;language=dflt;!
Missing character: There is no 断 (U+65AD) in font [XITSMath-Regular.otf]/OT:script=math;language=dflt;!
Missing character: There is no 。 (U+3002) in font [XITSMath-Regular.otf]/OT:script=math;language=dflt;!

Overfull \hbox (941.93285pt too wide) in paragraph at lines 109--123
[]\TU/FandolSong(0)/m/n/12.045 本 文 采 用  |“\TU/XITS(0)/m/n/12.045 up$[][][][][][][][][][][][][][][][][][][][][][][][][][][][][][][][][][][][][][][][][][][][][][][][][][][][][][][][][][][][][][][][][][][][][][][][][][][][][][][][][][][][][][][][][][][][][][][][][][][][][][][][][][][][][][][][][][][][][][][][][][][][][][][][][][][][][][][][][][][][][][][][][][][][][][][][][][][][][][][][][][][][][][][][][][][][][][][][][][][][][][][][][][][][][][][][][][][][][][][][][][][][][][][][][][][][][][][][][][][][][][][][][][][][][][][][][][][][][][][][][][][][][][][][][][][][][][][][][][][][][][][][][][][][][][][][][][][][][][][][][][][][][][][][][][][][][][][][][][][][][][][][][][][][][][][][][][][][][][][][][][][][][][][][][][][][][][][][][][][][][][][][][][][][][][][][][][][][][][][][][][][][][][][][][][][][][][][][][][][]$ 
 []

./data/chap02.tex:133: Missing $ inserted.
<inserted text> 
                $
l.133 式中，Ntotal为货物总数量；Nup_
                          box与Ndown_box分别为类别1与类别0的目标数量。
I've inserted a begin-math/end-math symbol since I think
you left one out. Proceed, with fingers crossed.


./data/chap02.tex:135: LaTeX Error: Bad math environment delimiter.

See the LaTeX manual or LaTeX Companion for explanation.
Type  H <return>  for immediate help.
 ...                                              
                                                  
l.135 \[
        {N_{total}} = {N_{up\_box}} + ({N_{layer}} \times {N_{down\_box}})\]
Your command was ignored.
Type  I <command> <return>  to replace it with another command,
or  <return>  to continue without it.

./data/chap02.tex:135: Missing \endgroup inserted.
<inserted text> 
                \endgroup 
l.135 ... + ({N_{layer}} \times {N_{down\_box}})\]
                                                  
I've inserted something that you may have forgotten.
(See the <inserted text> above.)
With luck, this will get me unwedged. But if you
really didn't forget anything, try typing `2' now; then
my insertion and my current dilemma will both disappear.

Missing character: There is no 与 (U+4E0E) in font [XITSMath-Regular.otf]/OT:script=math;language=dflt;!
Missing character: There is no 分 (U+5206) in font [XITSMath-Regular.otf]/OT:script=math;language=dflt;!
Missing character: There is no 别 (U+522B) in font [XITSMath-Regular.otf]/OT:script=math;language=dflt;!
Missing character: There is no 为 (U+4E3A) in font [XITSMath-Regular.otf]/OT:script=math;language=dflt;!
Missing character: There is no 类 (U+7C7B) in font [XITSMath-Regular.otf]/OT:script=math;language=dflt;!
Missing character: There is no 别 (U+522B) in font [XITSMath-Regular.otf]/OT:script=math;language=dflt;!
Missing character: There is no 与 (U+4E0E) in font [XITSMath-Regular.otf]/OT:script=math;language=dflt;!
Missing character: There is no 类 (U+7C7B) in font [XITSMath-Regular.otf]/OT:script=math;language=dflt;!
Missing character: There is no 别 (U+522B) in font [XITSMath-Regular.otf]/OT:script=math;language=dflt;!
Missing character: There is no 的 (U+7684) in font [XITSMath-Regular.otf]/OT:script=math;language=dflt;!
Missing character: There is no 目 (U+76EE) in font [XITSMath-Regular.otf]/OT:script=math;language=dflt;!
Missing character: There is no 标 (U+6807) in font [XITSMath-Regular.otf]/OT:script=math;language=dflt;!
Missing character: There is no 数 (U+6570) in font [XITSMath-Regular.otf]/OT:script=math;language=dflt;!
Missing character: There is no 量 (U+91CF) in font [XITSMath-Regular.otf]/OT:script=math;language=dflt;!
Missing character: There is no 。 (U+3002) in font [XITSMath-Regular.otf]/OT:script=math;language=dflt;!
Missing character: There is no 若 (U+82E5) in font [XITSMath-Regular.otf]/OT:script=math;language=dflt;!
Missing character: There is no 顶 (U+9876) in font [XITSMath-Regular.otf]/OT:script=math;language=dflt;!
Missing character: There is no 层 (U+5C42) in font [XITSMath-Regular.otf]/OT:script=math;language=dflt;!
Missing character: There is no 未 (U+672A) in font [XITSMath-Regular.otf]/OT:script=math;language=dflt;!
Missing character: There is no 满 (U+6EE1) in font [XITSMath-Regular.otf]/OT:script=math;language=dflt;!
Missing character: There is no 载 (U+8F7D) in font [XITSMath-Regular.otf]/OT:script=math;language=dflt;!
Missing character: There is no （ (U+FF08) in font [XITSMath-Regular.otf]/OT:script=math;language=dflt;!
Missing character: There is no 图 (U+56FE) in font [XITSMath-Regular.otf]/OT:script=math;language=dflt;!
Missing character: There is no （ (U+FF08) in font [XITSMath-Regular.otf]/OT:script=math;language=dflt;!
Missing character: There is no ） (U+FF09) in font [XITSMath-Regular.otf]/OT:script=math;language=dflt;!
Missing character: There is no ） (U+FF09) in font [XITSMath-Regular.otf]/OT:script=math;language=dflt;!
Missing character: There is no ， (U+FF0C) in font [XITSMath-Regular.otf]/OT:script=math;language=dflt;!
Missing character: There is no 无 (U+65E0) in font [XITSMath-Regular.otf]/OT:script=math;language=dflt;!
Missing character: There is no 法 (U+6CD5) in font [XITSMath-Regular.otf]/OT:script=math;language=dflt;!
Missing character: There is no 简 (U+7B80) in font [XITSMath-Regular.otf]/OT:script=math;language=dflt;!
Missing character: There is no 单 (U+5355) in font [XITSMath-Regular.otf]/OT:script=math;language=dflt;!
Missing character: There is no 通 (U+901A) in font [XITSMath-Regular.otf]/OT:script=math;language=dflt;!
Missing character: There is no 过 (U+8FC7) in font [XITSMath-Regular.otf]/OT:script=math;language=dflt;!
Missing character: There is no 乘 (U+4E58) in font [XITSMath-Regular.otf]/OT:script=math;language=dflt;!
Missing character: There is no 法 (U+6CD5) in font [XITSMath-Regular.otf]/OT:script=math;language=dflt;!
Missing character: There is no 估 (U+4F30) in font [XITSMath-Regular.otf]/OT:script=math;language=dflt;!
Missing character: There is no 算 (U+7B97) in font [XITSMath-Regular.otf]/OT:script=math;language=dflt;!
Missing character: There is no 整 (U+6574) in font [XITSMath-Regular.otf]/OT:script=math;language=dflt;!
Missing character: There is no 体 (U+4F53) in font [XITSMath-Regular.otf]/OT:script=math;language=dflt;!
Missing character: There is no 数 (U+6570) in font [XITSMath-Regular.otf]/OT:script=math;language=dflt;!
Missing character: There is no 量 (U+91CF) in font [XITSMath-Regular.otf]/OT:script=math;language=dflt;!
Missing character: There is no 。 (U+3002) in font [XITSMath-Regular.otf]/OT:script=math;language=dflt;!
Missing character: There is no 为 (U+4E3A) in font [XITSMath-Regular.otf]/OT:script=math;language=dflt;!
Missing character: There is no 此 (U+6B64) in font [XITSMath-Regular.otf]/OT:script=math;language=dflt;!
Missing character: There is no ， (U+FF0C) in font [XITSMath-Regular.otf]/OT:script=math;language=dflt;!
Missing character: There is no 设 (U+8BBE) in font [XITSMath-Regular.otf]/OT:script=math;language=dflt;!
Missing character: There is no 计 (U+8BA1) in font [XITSMath-Regular.otf]/OT:script=math;language=dflt;!
Missing character: There is no 了 (U+4E86) in font [XITSMath-Regular.otf]/OT:script=math;language=dflt;!
Missing character: There is no 一 (U+4E00) in font [XITSMath-Regular.otf]/OT:script=math;language=dflt;!
Missing character: There is no 种 (U+79CD) in font [XITSMath-Regular.otf]/OT:script=math;language=dflt;!
Missing character: There is no 基 (U+57FA) in font [XITSMath-Regular.otf]/OT:script=math;language=dflt;!
Missing character: There is no 于 (U+4E8E) in font [XITSMath-Regular.otf]/OT:script=math;language=dflt;!
Missing character: There is no 掩 (U+63A9) in font [XITSMath-Regular.otf]/OT:script=math;language=dflt;!
Missing character: There is no 膜 (U+819C) in font [XITSMath-Regular.otf]/OT:script=math;language=dflt;!
Missing character: There is no 关 (U+5173) in font [XITSMath-Regular.otf]/OT:script=math;language=dflt;!
Missing character: There is no 键 (U+952E) in font [XITSMath-Regular.otf]/OT:script=math;language=dflt;!
Missing character: There is no 点 (U+70B9) in font [XITSMath-Regular.otf]/OT:script=math;language=dflt;!
Missing character: There is no 的 (U+7684) in font [XITSMath-Regular.otf]/OT:script=math;language=dflt;!
Missing character: There is no 层 (U+5C42) in font [XITSMath-Regular.otf]/OT:script=math;language=dflt;!
Missing character: There is no 间 (U+95F4) in font [XITSMath-Regular.otf]/OT:script=math;language=dflt;!
Missing character: There is no 面 (U+9762) in font [XITSMath-Regular.otf]/OT:script=math;language=dflt;!
Missing character: There is no 积 (U+79EF) in font [XITSMath-Regular.otf]/OT:script=math;language=dflt;!
Missing character: There is no 比 (U+6BD4) in font [XITSMath-Regular.otf]/OT:script=math;language=dflt;!
Missing character: There is no 估 (U+4F30) in font [XITSMath-Regular.otf]/OT:script=math;language=dflt;!
Missing character: There is no 计 (U+8BA1) in font [XITSMath-Regular.otf]/OT:script=math;language=dflt;!
Missing character: There is no 算 (U+7B97) in font [XITSMath-Regular.otf]/OT:script=math;language=dflt;!
Missing character: There is no 法 (U+6CD5) in font [XITSMath-Regular.otf]/OT:script=math;language=dflt;!
Missing character: There is no ， (U+FF0C) in font [XITSMath-Regular.otf]/OT:script=math;language=dflt;!
Missing character: There is no 结 (U+7ED3) in font [XITSMath-Regular.otf]/OT:script=math;language=dflt;!
Missing character: There is no 合 (U+5408) in font [XITSMath-Regular.otf]/OT:script=math;language=dflt;!
Missing character: There is no 分 (U+5206) in font [XITSMath-Regular.otf]/OT:script=math;language=dflt;!
Missing character: There is no 割 (U+5272) in font [XITSMath-Regular.otf]/OT:script=math;language=dflt;!
Missing character: There is no 掩 (U+63A9) in font [XITSMath-Regular.otf]/OT:script=math;language=dflt;!
Missing character: There is no 膜 (U+819C) in font [XITSMath-Regular.otf]/OT:script=math;language=dflt;!
Missing character: There is no 形 (U+5F62) in font [XITSMath-Regular.otf]/OT:script=math;language=dflt;!
Missing character: There is no 状 (U+72B6) in font [XITSMath-Regular.otf]/OT:script=math;language=dflt;!
Missing character: There is no 与 (U+4E0E) in font [XITSMath-Regular.otf]/OT:script=math;language=dflt;!
Missing character: There is no 空 (U+7A7A) in font [XITSMath-Regular.otf]/OT:script=math;language=dflt;!
Missing character: There is no 间 (U+95F4) in font [XITSMath-Regular.otf]/OT:script=math;language=dflt;!
Missing character: There is no 位 (U+4F4D) in font [XITSMath-Regular.otf]/OT:script=math;language=dflt;!
Missing character: There is no 置 (U+7F6E) in font [XITSMath-Regular.otf]/OT:script=math;language=dflt;!
Missing character: There is no 关 (U+5173) in font [XITSMath-Regular.otf]/OT:script=math;language=dflt;!
Missing character: There is no 系 (U+7CFB) in font [XITSMath-Regular.otf]/OT:script=math;language=dflt;!
Missing character: There is no ， (U+FF0C) in font [XITSMath-Regular.otf]/OT:script=math;language=dflt;!
Missing character: There is no 推 (U+63A8) in font [XITSMath-Regular.otf]/OT:script=math;language=dflt;!
Missing character: There is no 理 (U+7406) in font [XITSMath-Regular.otf]/OT:script=math;language=dflt;!
Missing character: There is no 出 (U+51FA) in font [XITSMath-Regular.otf]/OT:script=math;language=dflt;!
Missing character: There is no 完 (U+5B8C) in font [XITSMath-Regular.otf]/OT:script=math;language=dflt;!
Missing character: There is no 整 (U+6574) in font [XITSMath-Regular.otf]/OT:script=math;language=dflt;!
Missing character: There is no 的 (U+7684) in font [XITSMath-Regular.otf]/OT:script=math;language=dflt;!
Missing character: There is no 堆 (U+5806) in font [XITSMath-Regular.otf]/OT:script=math;language=dflt;!
Missing character: There is no 叠 (U+53E0) in font [XITSMath-Regular.otf]/OT:script=math;language=dflt;!
Missing character: There is no 结 (U+7ED3) in font [XITSMath-Regular.otf]/OT:script=math;language=dflt;!
Missing character: There is no 构 (U+6784) in font [XITSMath-Regular.otf]/OT:script=math;language=dflt;!
Missing character: There is no ， (U+FF0C) in font [XITSMath-Regular.otf]/OT:script=math;language=dflt;!
Missing character: There is no 并 (U+5E76) in font [XITSMath-Regular.otf]/OT:script=math;language=dflt;!
Missing character: There is no 估 (U+4F30) in font [XITSMath-Regular.otf]/OT:script=math;language=dflt;!
Missing character: There is no 算 (U+7B97) in font [XITSMath-Regular.otf]/OT:script=math;language=dflt;!
Missing character: There is no 每 (U+6BCF) in font [XITSMath-Regular.otf]/OT:script=math;language=dflt;!
Missing character: There is no 层 (U+5C42) in font [XITSMath-Regular.otf]/OT:script=math;language=dflt;!
Missing character: There is no 下 (U+4E0B) in font [XITSMath-Regular.otf]/OT:script=math;language=dflt;!
Missing character: There is no 层 (U+5C42) in font [XITSMath-Regular.otf]/OT:script=math;language=dflt;!
Missing character: There is no 箱 (U+7BB1) in font [XITSMath-Regular.otf]/OT:script=math;language=dflt;!
Missing character: There is no 体 (U+4F53) in font [XITSMath-Regular.otf]/OT:script=math;language=dflt;!
Missing character: There is no 数 (U+6570) in font [XITSMath-Regular.otf]/OT:script=math;language=dflt;!
Missing character: There is no 量 (U+91CF) in font [XITSMath-Regular.otf]/OT:script=math;language=dflt;!
Missing character: There is no ， (U+FF0C) in font [XITSMath-Regular.otf]/OT:script=math;language=dflt;!
Missing character: There is no 最 (U+6700) in font [XITSMath-Regular.otf]/OT:script=math;language=dflt;!
Missing character: There is no 终 (U+7EC8) in font [XITSMath-Regular.otf]/OT:script=math;language=dflt;!
Missing character: There is no 总 (U+603B) in font [XITSMath-Regular.otf]/OT:script=math;language=dflt;!
Missing character: There is no 货 (U+8D27) in font [XITSMath-Regular.otf]/OT:script=math;language=dflt;!
Missing character: There is no 物 (U+7269) in font [XITSMath-Regular.otf]/OT:script=math;language=dflt;!
Missing character: There is no 数 (U+6570) in font [XITSMath-Regular.otf]/OT:script=math;language=dflt;!
Missing character: There is no 量 (U+91CF) in font [XITSMath-Regular.otf]/OT:script=math;language=dflt;!
Missing character: There is no 表 (U+8868) in font [XITSMath-Regular.otf]/OT:script=math;language=dflt;!
Missing character: There is no 示 (U+793A) in font [XITSMath-Regular.otf]/OT:script=math;language=dflt;!
Missing character: There is no 为 (U+4E3A) in font [XITSMath-Regular.otf]/OT:script=math;language=dflt;!
Missing character: There is no ： (U+FF1A) in font [XITSMath-Regular.otf]/OT:script=math;language=dflt;!

./data/chap02.tex:135: LaTeX Error: \begin{document} ended by \end{equation*}.

See the LaTeX manual or LaTeX Companion for explanation.
Type  H <return>  for immediate help.
 ...                                              
                                                  
l.135 ... + ({N_{layer}} \times {N_{down\_box}})\]
                                                  
Your command was ignored.
Type  I <command> <return>  to replace it with another command,
or  <return>  to continue without it.

./data/chap02.tex:135: Missing $ inserted.
<inserted text> 
                $
l.135 ... + ({N_{layer}} \times {N_{down\_box}})\]
                                                  
I've inserted something that you may have forgotten.
(See the <inserted text> above.)
With luck, this will get me unwedged. But if you
really didn't forget anything, try typing `2' now; then
my insertion and my current dilemma will both disappear.

./data/chap02.tex:135: Extra \endgroup.
<recently read> \endgroup 
                          
l.135 ... + ({N_{layer}} \times {N_{down\_box}})\]
                                                  
Things are pretty mixed up, but I think the worst is over.


Overfull \hbox (241.05846pt too wide) in paragraph at lines 132--137
\TU/FandolSong(0)/m/n/12.045 式 中，| \TU/XITS(0)/m/n/12.045 Ntotal \TU/FandolSong(0)/m/n/12.045 为 货 物 总 数 量；| \TU/XITS(0)/m/n/12.045 Nup$[][][][][][][][][][][][][][][][][][][][][][][][][][][][][][][][][][][][][][][][][][][][][][][][][][][][][][][][][][][][][][][][][][][][][][][][][][][][][][][][][][][][][][][][][][][][][][][][][][][][][][][][][][][][][][][][][][][][][][][][][][][][][][][][][][][][][][][][][][][][] []
 []

./data/chap02.tex:138: Missing $ inserted.
<inserted text> 
                $
l.138 ...即最大 y）进行空间关系比较。若上层货物的凸包中心点低于下层货物的最高点（即 y_
                                                  up_center < y_dn_top），说明上层...
I've inserted a begin-math/end-math symbol since I think
you left one out. Proceed, with fingers crossed.

./data/chap02.tex:163: Missing $ inserted.
<inserted text> 
                $
l.163 \subsubsection
                    {掩膜关键点驱动的层间面积比估计算法}{}
I've inserted a begin-math/end-math symbol since I think
you left one out. Proceed, with fingers crossed.

Missing character: There is no ） (U+FF09) in font [XITSMath-Regular.otf]/OT:script=math;language=dflt;!
Missing character: There is no ， (U+FF0C) in font [XITSMath-Regular.otf]/OT:script=math;language=dflt;!
Missing character: There is no 说 (U+8BF4) in font [XITSMath-Regular.otf]/OT:script=math;language=dflt;!
Missing character: There is no 明 (U+660E) in font [XITSMath-Regular.otf]/OT:script=math;language=dflt;!
Missing character: There is no 上 (U+4E0A) in font [XITSMath-Regular.otf]/OT:script=math;language=dflt;!
Missing character: There is no 层 (U+5C42) in font [XITSMath-Regular.otf]/OT:script=math;language=dflt;!
Missing character: There is no 并 (U+5E76) in font [XITSMath-Regular.otf]/OT:script=math;language=dflt;!
Missing character: There is no 未 (U+672A) in font [XITSMath-Regular.otf]/OT:script=math;language=dflt;!
Missing character: There is no 完 (U+5B8C) in font [XITSMath-Regular.otf]/OT:script=math;language=dflt;!
Missing character: There is no 全 (U+5168) in font [XITSMath-Regular.otf]/OT:script=math;language=dflt;!
Missing character: There is no 覆 (U+8986) in font [XITSMath-Regular.otf]/OT:script=math;language=dflt;!
Missing character: There is no 盖 (U+76D6) in font [XITSMath-Regular.otf]/OT:script=math;language=dflt;!
Missing character: There is no 下 (U+4E0B) in font [XITSMath-Regular.otf]/OT:script=math;language=dflt;!
Missing character: There is no 层 (U+5C42) in font [XITSMath-Regular.otf]/OT:script=math;language=dflt;!
Missing character: There is no 顶 (U+9876) in font [XITSMath-Regular.otf]/OT:script=math;language=dflt;!
Missing character: There is no 部 (U+90E8) in font [XITSMath-Regular.otf]/OT:script=math;language=dflt;!
Missing character: There is no ， (U+FF0C) in font [XITSMath-Regular.otf]/OT:script=math;language=dflt;!
Missing character: There is no 判 (U+5224) in font [XITSMath-Regular.otf]/OT:script=math;language=dflt;!
Missing character: There is no 定 (U+5B9A) in font [XITSMath-Regular.otf]/OT:script=math;language=dflt;!
Missing character: There is no 为 (U+4E3A) in font [XITSMath-Regular.otf]/OT:script=math;language=dflt;!
Missing character: There is no 非 (U+975E) in font [XITSMath-Regular.otf]/OT:script=math;language=dflt;!
Missing character: There is no 满 (U+6EE1) in font [XITSMath-Regular.otf]/OT:script=math;language=dflt;!
Missing character: There is no 载 (U+8F7D) in font [XITSMath-Regular.otf]/OT:script=math;language=dflt;!
Missing character: There is no ； (U+FF1B) in font [XITSMath-Regular.otf]/OT:script=math;language=dflt;!
Missing character: There is no 反 (U+53CD) in font [XITSMath-Regular.otf]/OT:script=math;language=dflt;!
Missing character: There is no 之 (U+4E4B) in font [XITSMath-Regular.otf]/OT:script=math;language=dflt;!
Missing character: There is no 则 (U+5219) in font [XITSMath-Regular.otf]/OT:script=math;language=dflt;!
Missing character: There is no 为 (U+4E3A) in font [XITSMath-Regular.otf]/OT:script=math;language=dflt;!
Missing character: There is no 满 (U+6EE1) in font [XITSMath-Regular.otf]/OT:script=math;language=dflt;!
Missing character: There is no 载 (U+8F7D) in font [XITSMath-Regular.otf]/OT:script=math;language=dflt;!
Missing character: There is no 。 (U+3002) in font [XITSMath-Regular.otf]/OT:script=math;language=dflt;!
Missing character: There is no 这 (U+8FD9) in font [XITSMath-Regular.otf]/OT:script=math;language=dflt;!
Missing character: There is no 种 (U+79CD) in font [XITSMath-Regular.otf]/OT:script=math;language=dflt;!
Missing character: There is no 基 (U+57FA) in font [XITSMath-Regular.otf]/OT:script=math;language=dflt;!
Missing character: There is no 于 (U+4E8E) in font [XITSMath-Regular.otf]/OT:script=math;language=dflt;!
Missing character: There is no 几 (U+51E0) in font [XITSMath-Regular.otf]/OT:script=math;language=dflt;!
Missing character: There is no 何 (U+4F55) in font [XITSMath-Regular.otf]/OT:script=math;language=dflt;!
Missing character: There is no 中 (U+4E2D) in font [XITSMath-Regular.otf]/OT:script=math;language=dflt;!
Missing character: There is no 心 (U+5FC3) in font [XITSMath-Regular.otf]/OT:script=math;language=dflt;!
Missing character: There is no 与 (U+4E0E) in font [XITSMath-Regular.otf]/OT:script=math;language=dflt;!
Missing character: There is no 边 (U+8FB9) in font [XITSMath-Regular.otf]/OT:script=math;language=dflt;!
Missing character: There is no 界 (U+754C) in font [XITSMath-Regular.otf]/OT:script=math;language=dflt;!
Missing character: There is no 点 (U+70B9) in font [XITSMath-Regular.otf]/OT:script=math;language=dflt;!
Missing character: There is no 的 (U+7684) in font [XITSMath-Regular.otf]/OT:script=math;language=dflt;!
Missing character: There is no 比 (U+6BD4) in font [XITSMath-Regular.otf]/OT:script=math;language=dflt;!
Missing character: There is no 较 (U+8F83) in font [XITSMath-Regular.otf]/OT:script=math;language=dflt;!
Missing character: There is no ， (U+FF0C) in font [XITSMath-Regular.otf]/OT:script=math;language=dflt;!
Missing character: There is no 能 (U+80FD) in font [XITSMath-Regular.otf]/OT:script=math;language=dflt;!
Missing character: There is no 够 (U+591F) in font [XITSMath-Regular.otf]/OT:script=math;language=dflt;!
Missing character: There is no 在 (U+5728) in font [XITSMath-Regular.otf]/OT:script=math;language=dflt;!
Missing character: There is no 无 (U+65E0) in font [XITSMath-Regular.otf]/OT:script=math;language=dflt;!
Missing character: There is no 深 (U+6DF1) in font [XITSMath-Regular.otf]/OT:script=math;language=dflt;!
Missing character: There is no 度 (U+5EA6) in font [XITSMath-Regular.otf]/OT:script=math;language=dflt;!
Missing character: There is no 信 (U+4FE1) in font [XITSMath-Regular.otf]/OT:script=math;language=dflt;!
Missing character: There is no 息 (U+606F) in font [XITSMath-Regular.otf]/OT:script=math;language=dflt;!
Missing character: There is no 的 (U+7684) in font [XITSMath-Regular.otf]/OT:script=math;language=dflt;!
Missing character: There is no 情 (U+60C5) in font [XITSMath-Regular.otf]/OT:script=math;language=dflt;!
Missing character: There is no 况 (U+51B5) in font [XITSMath-Regular.otf]/OT:script=math;language=dflt;!
Missing character: There is no 下 (U+4E0B) in font [XITSMath-Regular.otf]/OT:script=math;language=dflt;!
Missing character: There is no ， (U+FF0C) in font [XITSMath-Regular.otf]/OT:script=math;language=dflt;!
Missing character: There is no 通 (U+901A) in font [XITSMath-Regular.otf]/OT:script=math;language=dflt;!
Missing character: There is no 过 (U+8FC7) in font [XITSMath-Regular.otf]/OT:script=math;language=dflt;!
Missing character: There is no 平 (U+5E73) in font [XITSMath-Regular.otf]/OT:script=math;language=dflt;!
Missing character: There is no 面 (U+9762) in font [XITSMath-Regular.otf]/OT:script=math;language=dflt;!
Missing character: There is no 几 (U+51E0) in font [XITSMath-Regular.otf]/OT:script=math;language=dflt;!
Missing character: There is no 何 (U+4F55) in font [XITSMath-Regular.otf]/OT:script=math;language=dflt;!
Missing character: There is no 关 (U+5173) in font [XITSMath-Regular.otf]/OT:script=math;language=dflt;!
Missing character: There is no 系 (U+7CFB) in font [XITSMath-Regular.otf]/OT:script=math;language=dflt;!
Missing character: There is no 实 (U+5B9E) in font [XITSMath-Regular.otf]/OT:script=math;language=dflt;!
Missing character: There is no 现 (U+73B0) in font [XITSMath-Regular.otf]/OT:script=math;language=dflt;!
Missing character: There is no 有 (U+6709) in font [XITSMath-Regular.otf]/OT:script=math;language=dflt;!
Missing character: There is no 效 (U+6548) in font [XITSMath-Regular.otf]/OT:script=math;language=dflt;!
Missing character: There is no 的 (U+7684) in font [XITSMath-Regular.otf]/OT:script=math;language=dflt;!
Missing character: There is no 层 (U+5C42) in font [XITSMath-Regular.otf]/OT:script=math;language=dflt;!
Missing character: There is no 间 (U+95F4) in font [XITSMath-Regular.otf]/OT:script=math;language=dflt;!
Missing character: There is no 遮 (U+906E) in font [XITSMath-Regular.otf]/OT:script=math;language=dflt;!
Missing character: There is no 挡 (U+6321) in font [XITSMath-Regular.otf]/OT:script=math;language=dflt;!
Missing character: There is no 判 (U+5224) in font [XITSMath-Regular.otf]/OT:script=math;language=dflt;!
Missing character: There is no 断 (U+65AD) in font [XITSMath-Regular.otf]/OT:script=math;language=dflt;!
Missing character: There is no 。 (U+3002) in font [XITSMath-Regular.otf]/OT:script=math;language=dflt;!
Missing character: There is no 算 (U+7B97) in font [XITSMath-Regular.otf]/OT:script=math;language=dflt;!
Missing character: There is no 法 (U+6CD5) in font [XITSMath-Regular.otf]/OT:script=math;language=dflt;!
Missing character: There is no 基 (U+57FA) in font [XITSMath-Regular.otf]/OT:script=math;language=dflt;!
Missing character: There is no 于 (U+4E8E) in font [XITSMath-Regular.otf]/OT:script=math;language=dflt;!
Missing character: There is no 几 (U+51E0) in font [XITSMath-Regular.otf]/OT:script=math;language=dflt;!
Missing character: There is no 何 (U+4F55) in font [XITSMath-Regular.otf]/OT:script=math;language=dflt;!
Missing character: There is no 关 (U+5173) in font [XITSMath-Regular.otf]/OT:script=math;language=dflt;!
Missing character: There is no 系 (U+7CFB) in font [XITSMath-Regular.otf]/OT:script=math;language=dflt;!
Missing character: There is no 的 (U+7684) in font [XITSMath-Regular.otf]/OT:script=math;language=dflt;!
Missing character: There is no 顶 (U+9876) in font [XITSMath-Regular.otf]/OT:script=math;language=dflt;!
Missing character: There is no 层 (U+5C42) in font [XITSMath-Regular.otf]/OT:script=math;language=dflt;!
Missing character: There is no 满 (U+6EE1) in font [XITSMath-Regular.otf]/OT:script=math;language=dflt;!
Missing character: There is no 载 (U+8F7D) in font [XITSMath-Regular.otf]/OT:script=math;language=dflt;!
Missing character: There is no 检 (U+68C0) in font [XITSMath-Regular.otf]/OT:script=math;language=dflt;!
Missing character: There is no 测 (U+6D4B) in font [XITSMath-Regular.otf]/OT:script=math;language=dflt;!
Missing character: There is no 算 (U+7B97) in font [XITSMath-Regular.otf]/OT:script=math;language=dflt;!
Missing character: There is no 法 (U+6CD5) in font [XITSMath-Regular.otf]/OT:script=math;language=dflt;!
Missing character: There is no 输 (U+8F93) in font [XITSMath-Regular.otf]/OT:script=math;language=dflt;!
Missing character: There is no 入 (U+5165) in font [XITSMath-Regular.otf]/OT:script=math;language=dflt;!
Missing character: There is no ： (U+FF1A) in font [XITSMath-Regular.otf]/OT:script=math;language=dflt;!
Missing character: There is no 预 (U+9884) in font [XITSMath-Regular.otf]/OT:script=math;language=dflt;!
Missing character: There is no 测 (U+6D4B) in font [XITSMath-Regular.otf]/OT:script=math;language=dflt;!
Missing character: There is no 标 (U+6807) in font [XITSMath-Regular.otf]/OT:script=math;language=dflt;!
Missing character: There is no 签 (U+7B7E) in font [XITSMath-Regular.otf]/OT:script=math;language=dflt;!
Missing character: There is no 列 (U+5217) in font [XITSMath-Regular.otf]/OT:script=math;language=dflt;!
Missing character: There is no 表 (U+8868) in font [XITSMath-Regular.otf]/OT:script=math;language=dflt;!
Missing character: There is no ， (U+FF0C) in font [XITSMath-Regular.otf]/OT:script=math;language=dflt;!
Missing character: There is no 掩 (U+63A9) in font [XITSMath-Regular.otf]/OT:script=math;language=dflt;!
Missing character: There is no 模 (U+6A21) in font [XITSMath-Regular.otf]/OT:script=math;language=dflt;!
Missing character: There is no 图 (U+56FE) in font [XITSMath-Regular.otf]/OT:script=math;language=dflt;!
Missing character: There is no 列 (U+5217) in font [XITSMath-Regular.otf]/OT:script=math;language=dflt;!
Missing character: There is no 表 (U+8868) in font [XITSMath-Regular.otf]/OT:script=math;language=dflt;!
Missing character: There is no 输 (U+8F93) in font [XITSMath-Regular.otf]/OT:script=math;language=dflt;!
Missing character: There is no 出 (U+51FA) in font [XITSMath-Regular.otf]/OT:script=math;language=dflt;!
Missing character: There is no ： (U+FF1A) in font [XITSMath-Regular.otf]/OT:script=math;language=dflt;!
Missing character: There is no 是 (U+662F) in font [XITSMath-Regular.otf]/OT:script=math;language=dflt;!
Missing character: There is no 否 (U+5426) in font [XITSMath-Regular.otf]/OT:script=math;language=dflt;!
Missing character: There is no 满 (U+6EE1) in font [XITSMath-Regular.otf]/OT:script=math;language=dflt;!
Missing character: There is no 载 (U+8F7D) in font [XITSMath-Regular.otf]/OT:script=math;language=dflt;!
Missing character: There is no （ (U+FF08) in font [XITSMath-Regular.otf]/OT:script=math;language=dflt;!
Missing character: There is no 布 (U+5E03) in font [XITSMath-Regular.otf]/OT:script=math;language=dflt;!
Missing character: There is no 尔 (U+5C14) in font [XITSMath-Regular.otf]/OT:script=math;language=dflt;!
Missing character: There is no 值 (U+503C) in font [XITSMath-Regular.otf]/OT:script=math;language=dflt;!
Missing character: There is no ） (U+FF09) in font [XITSMath-Regular.otf]/OT:script=math;language=dflt;!
Missing character: There is no 所 (U+6240) in font [XITSMath-Regular.otf]/OT:script=math;language=dflt;!
Missing character: There is no 有 (U+6709) in font [XITSMath-Regular.otf]/OT:script=math;language=dflt;!
Missing character: There is no 实 (U+5B9E) in font [XITSMath-Regular.otf]/OT:script=math;language=dflt;!
Missing character: There is no 例 (U+4F8B) in font [XITSMath-Regular.otf]/OT:script=math;language=dflt;!
Missing character: There is no 的 (U+7684) in font [XITSMath-Regular.otf]/OT:script=math;language=dflt;!
Missing character: There is no 凸 (U+51F8) in font [XITSMath-Regular.otf]/OT:script=math;language=dflt;!
Missing character: There is no 包 (U+5305) in font [XITSMath-Regular.otf]/OT:script=math;language=dflt;!
Missing character: There is no 角 (U+89D2) in font [XITSMath-Regular.otf]/OT:script=math;language=dflt;!
Missing character: There is no 点 (U+70B9) in font [XITSMath-Regular.otf]/OT:script=math;language=dflt;!
Missing character: There is no 集 (U+96C6) in font [XITSMath-Regular.otf]/OT:script=math;language=dflt;!
Missing character: There is no 合 (U+5408) in font [XITSMath-Regular.otf]/OT:script=math;language=dflt;!
Missing character: There is no 提 (U+63D0) in font [XITSMath-Regular.otf]/OT:script=math;language=dflt;!
Missing character: There is no 取 (U+53D6) in font [XITSMath-Regular.otf]/OT:script=math;language=dflt;!
Missing character: There is no 轮 (U+8F6E) in font [XITSMath-Regular.otf]/OT:script=math;language=dflt;!
Missing character: There is no 廓 (U+5ED3) in font [XITSMath-Regular.otf]/OT:script=math;language=dflt;!
Missing character: There is no 面 (U+9762) in font [XITSMath-Regular.otf]/OT:script=math;language=dflt;!
Missing character: There is no 积 (U+79EF) in font [XITSMath-Regular.otf]/OT:script=math;language=dflt;!
Missing character: There is no 阈 (U+9608) in font [XITSMath-Regular.otf]/OT:script=math;language=dflt;!
Missing character: There is no 值 (U+503C) in font [XITSMath-Regular.otf]/OT:script=math;language=dflt;!
Missing character: There is no 计 (U+8BA1) in font [XITSMath-Regular.otf]/OT:script=math;language=dflt;!
Missing character: There is no 算 (U+7B97) in font [XITSMath-Regular.otf]/OT:script=math;language=dflt;!
Missing character: There is no 凸 (U+51F8) in font [XITSMath-Regular.otf]/OT:script=math;language=dflt;!
Missing character: There is no 包 (U+5305) in font [XITSMath-Regular.otf]/OT:script=math;language=dflt;!
Missing character: There is no 角 (U+89D2) in font [XITSMath-Regular.otf]/OT:script=math;language=dflt;!
Missing character: There is no 点 (U+70B9) in font [XITSMath-Regular.otf]/OT:script=math;language=dflt;!
Missing character: There is no 空 (U+7A7A) in font [XITSMath-Regular.otf]/OT:script=math;language=dflt;!
Missing character: There is no 追 (U+8FFD) in font [XITSMath-Regular.otf]/OT:script=math;language=dflt;!
Missing character: There is no 加 (U+52A0) in font [XITSMath-Regular.otf]/OT:script=math;language=dflt;!
Missing character: There is no 至 (U+81F3) in font [XITSMath-Regular.otf]/OT:script=math;language=dflt;!
Missing character: There is no 下 (U+4E0B) in font [XITSMath-Regular.otf]/OT:script=math;language=dflt;!
Missing character: There is no 层 (U+5C42) in font [XITSMath-Regular.otf]/OT:script=math;language=dflt;!
Missing character: There is no 顶 (U+9876) in font [XITSMath-Regular.otf]/OT:script=math;language=dflt;!
Missing character: There is no 部 (U+90E8) in font [XITSMath-Regular.otf]/OT:script=math;language=dflt;!
Missing character: There is no （ (U+FF08) in font [XITSMath-Regular.otf]/OT:script=math;language=dflt;!
Missing character: There is no 最 (U+6700) in font [XITSMath-Regular.otf]/OT:script=math;language=dflt;!
Missing character: There is no 高 (U+9AD8) in font [XITSMath-Regular.otf]/OT:script=math;language=dflt;!
Missing character: There is no 点 (U+70B9) in font [XITSMath-Regular.otf]/OT:script=math;language=dflt;!
Missing character: There is no ） (U+FF09) in font [XITSMath-Regular.otf]/OT:script=math;language=dflt;!
Missing character: There is no 上 (U+4E0A) in font [XITSMath-Regular.otf]/OT:script=math;language=dflt;!
Missing character: There is no 层 (U+5C42) in font [XITSMath-Regular.otf]/OT:script=math;language=dflt;!
Missing character: There is no 中 (U+4E2D) in font [XITSMath-Regular.otf]/OT:script=math;language=dflt;!
Missing character: There is no 心 (U+5FC3) in font [XITSMath-Regular.otf]/OT:script=math;language=dflt;!
Missing character: There is no 点 (U+70B9) in font [XITSMath-Regular.otf]/OT:script=math;language=dflt;!
Missing character: There is no 满 (U+6EE1) in font [XITSMath-Regular.otf]/OT:script=math;language=dflt;!
Missing character: There is no 载 (U+8F7D) in font [XITSMath-Regular.otf]/OT:script=math;language=dflt;!
Missing character: There is no 非 (U+975E) in font [XITSMath-Regular.otf]/OT:script=math;language=dflt;!
Missing character: There is no 满 (U+6EE1) in font [XITSMath-Regular.otf]/OT:script=math;language=dflt;!
Missing character: There is no 载 (U+8F7D) in font [XITSMath-Regular.otf]/OT:script=math;language=dflt;!

Underfull \hbox (badness 1546) in paragraph at lines 138--163
\TU/texgyreheros(0)/m/n/12.045 2.2.1.1 \TU/FandolHei(0)/m/n/12.045 基 于 几 何 关 系 的 顶 层 满 载 检 测 算 法[][] \TU/FandolSong(0)/m/n/12.045 为 判 断 库 存 中 某 一 箱 体 顶 部 是 否 被
 []


Overfull \hbox (99.33197pt too wide) in paragraph at lines 138--163
[][][][][][][][][][][][][][][][][][][][][][][][][][][][][][][][][][][][][][][][][][][][][][][][][][][][][][][][][][][][][][][][][][][][][][][][][][][][][][][][][][][][][][][][][][][][][][][][][][][][][][][][][][][][][][][][][][][][][][][][][][][][][][][][][][][][][][][][][][][][][][][][][][][][][][][][][] []
 []



[17]
./data/chap02.tex:165: Missing $ inserted.
<inserted text> 
                $
l.165 在计算过程中，需求解不同掩膜层之间若干候选边的交点（如顶层边 _
                                      F–_E 与次顶层边 _C–_D），以确定特征边界的空间重叠区域。为实现这一...
I've inserted a begin-math/end-math symbol since I think
you left one out. Proceed, with fingers crossed.


./data/chap02.tex:166: LaTeX Error: Bad math environment delimiter.

See the LaTeX manual or LaTeX Companion for explanation.
Type  H <return>  for immediate help.
 ...                                              
                                                  
l.166 \[
        {k_1} = \frac{{{y_B} - {y_A}}}{{{x_B} - {x_A}}},{k_2} = \frac{{{y_D}...
Your command was ignored.
Type  I <command> <return>  to replace it with another command,
or  <return>  to continue without it.

./data/chap02.tex:166: Missing \endgroup inserted.
<inserted text> 
                \endgroup 
l.166 ...\frac{{{y_D} - {y_C}}}{{{x_D} - {x_C}}}\]
                                                  
I've inserted something that you may have forgotten.
(See the <inserted text> above.)
With luck, this will get me unwedged. But if you
really didn't forget anything, try typing `2' now; then
my insertion and my current dilemma will both disappear.

Missing character: There is no 与 (U+4E0E) in font [XITSMath-Regular.otf]/OT:script=math;language=dflt;!
Missing character: There is no 次 (U+6B21) in font [XITSMath-Regular.otf]/OT:script=math;language=dflt;!
Missing character: There is no 顶 (U+9876) in font [XITSMath-Regular.otf]/OT:script=math;language=dflt;!
Missing character: There is no 层 (U+5C42) in font [XITSMath-Regular.otf]/OT:script=math;language=dflt;!
Missing character: There is no 边 (U+8FB9) in font [XITSMath-Regular.otf]/OT:script=math;language=dflt;!
Missing character: There is no ） (U+FF09) in font [XITSMath-Regular.otf]/OT:script=math;language=dflt;!
Missing character: There is no ， (U+FF0C) in font [XITSMath-Regular.otf]/OT:script=math;language=dflt;!
Missing character: There is no 以 (U+4EE5) in font [XITSMath-Regular.otf]/OT:script=math;language=dflt;!
Missing character: There is no 确 (U+786E) in font [XITSMath-Regular.otf]/OT:script=math;language=dflt;!
Missing character: There is no 定 (U+5B9A) in font [XITSMath-Regular.otf]/OT:script=math;language=dflt;!
Missing character: There is no 特 (U+7279) in font [XITSMath-Regular.otf]/OT:script=math;language=dflt;!
Missing character: There is no 征 (U+5F81) in font [XITSMath-Regular.otf]/OT:script=math;language=dflt;!
Missing character: There is no 边 (U+8FB9) in font [XITSMath-Regular.otf]/OT:script=math;language=dflt;!
Missing character: There is no 界 (U+754C) in font [XITSMath-Regular.otf]/OT:script=math;language=dflt;!
Missing character: There is no 的 (U+7684) in font [XITSMath-Regular.otf]/OT:script=math;language=dflt;!
Missing character: There is no 空 (U+7A7A) in font [XITSMath-Regular.otf]/OT:script=math;language=dflt;!
Missing character: There is no 间 (U+95F4) in font [XITSMath-Regular.otf]/OT:script=math;language=dflt;!
Missing character: There is no 重 (U+91CD) in font [XITSMath-Regular.otf]/OT:script=math;language=dflt;!
Missing character: There is no 叠 (U+53E0) in font [XITSMath-Regular.otf]/OT:script=math;language=dflt;!
Missing character: There is no 区 (U+533A) in font [XITSMath-Regular.otf]/OT:script=math;language=dflt;!
Missing character: There is no 域 (U+57DF) in font [XITSMath-Regular.otf]/OT:script=math;language=dflt;!
Missing character: There is no 。 (U+3002) in font [XITSMath-Regular.otf]/OT:script=math;language=dflt;!
Missing character: There is no 为 (U+4E3A) in font [XITSMath-Regular.otf]/OT:script=math;language=dflt;!
Missing character: There is no 实 (U+5B9E) in font [XITSMath-Regular.otf]/OT:script=math;language=dflt;!
Missing character: There is no 现 (U+73B0) in font [XITSMath-Regular.otf]/OT:script=math;language=dflt;!
Missing character: There is no 这 (U+8FD9) in font [XITSMath-Regular.otf]/OT:script=math;language=dflt;!
Missing character: There is no 一 (U+4E00) in font [XITSMath-Regular.otf]/OT:script=math;language=dflt;!
Missing character: There is no 目 (U+76EE) in font [XITSMath-Regular.otf]/OT:script=math;language=dflt;!
Missing character: There is no 标 (U+6807) in font [XITSMath-Regular.otf]/OT:script=math;language=dflt;!
Missing character: There is no ， (U+FF0C) in font [XITSMath-Regular.otf]/OT:script=math;language=dflt;!
Missing character: There is no 可 (U+53EF) in font [XITSMath-Regular.otf]/OT:script=math;language=dflt;!
Missing character: There is no 采 (U+91C7) in font [XITSMath-Regular.otf]/OT:script=math;language=dflt;!
Missing character: There is no 用 (U+7528) in font [XITSMath-Regular.otf]/OT:script=math;language=dflt;!
Missing character: There is no 线 (U+7EBF) in font [XITSMath-Regular.otf]/OT:script=math;language=dflt;!
Missing character: There is no 性 (U+6027) in font [XITSMath-Regular.otf]/OT:script=math;language=dflt;!
Missing character: There is no 代 (U+4EE3) in font [XITSMath-Regular.otf]/OT:script=math;language=dflt;!
Missing character: There is no 数 (U+6570) in font [XITSMath-Regular.otf]/OT:script=math;language=dflt;!
Missing character: There is no 法 (U+6CD5) in font [XITSMath-Regular.otf]/OT:script=math;language=dflt;!
Missing character: There is no 求 (U+6C42) in font [XITSMath-Regular.otf]/OT:script=math;language=dflt;!
Missing character: There is no 解 (U+89E3) in font [XITSMath-Regular.otf]/OT:script=math;language=dflt;!
Missing character: There is no 两 (U+4E24) in font [XITSMath-Regular.otf]/OT:script=math;language=dflt;!
Missing character: There is no 条 (U+6761) in font [XITSMath-Regular.otf]/OT:script=math;language=dflt;!
Missing character: There is no 边 (U+8FB9) in font [XITSMath-Regular.otf]/OT:script=math;language=dflt;!
Missing character: There is no 的 (U+7684) in font [XITSMath-Regular.otf]/OT:script=math;language=dflt;!
Missing character: There is no 交 (U+4EA4) in font [XITSMath-Regular.otf]/OT:script=math;language=dflt;!
Missing character: There is no 点 (U+70B9) in font [XITSMath-Regular.otf]/OT:script=math;language=dflt;!
Missing character: There is no 。 (U+3002) in font [XITSMath-Regular.otf]/OT:script=math;language=dflt;!
Missing character: There is no 设 (U+8BBE) in font [XITSMath-Regular.otf]/OT:script=math;language=dflt;!
Missing character: There is no 任 (U+4EFB) in font [XITSMath-Regular.otf]/OT:script=math;language=dflt;!
Missing character: There is no 意 (U+610F) in font [XITSMath-Regular.otf]/OT:script=math;language=dflt;!
Missing character: There is no 两 (U+4E24) in font [XITSMath-Regular.otf]/OT:script=math;language=dflt;!
Missing character: There is no 条 (U+6761) in font [XITSMath-Regular.otf]/OT:script=math;language=dflt;!
Missing character: There is no 线 (U+7EBF) in font [XITSMath-Regular.otf]/OT:script=math;language=dflt;!
Missing character: There is no 段 (U+6BB5) in font [XITSMath-Regular.otf]/OT:script=math;language=dflt;!
Missing character: There is no 分 (U+5206) in font [XITSMath-Regular.otf]/OT:script=math;language=dflt;!
Missing character: There is no 别 (U+522B) in font [XITSMath-Regular.otf]/OT:script=math;language=dflt;!
Missing character: There is no 为 (U+4E3A) in font [XITSMath-Regular.otf]/OT:script=math;language=dflt;!
Missing character: There is no 与 (U+4E0E) in font [XITSMath-Regular.otf]/OT:script=math;language=dflt;!
Missing character: There is no ， (U+FF0C) in font [XITSMath-Regular.otf]/OT:script=math;language=dflt;!
Missing character: There is no 其 (U+5176) in font [XITSMath-Regular.otf]/OT:script=math;language=dflt;!
Missing character: There is no 中 (U+4E2D) in font [XITSMath-Regular.otf]/OT:script=math;language=dflt;!
Missing character: There is no ， (U+FF0C) in font [XITSMath-Regular.otf]/OT:script=math;language=dflt;!
Missing character: There is no 其 (U+5176) in font [XITSMath-Regular.otf]/OT:script=math;language=dflt;!
Missing character: There is no 斜 (U+659C) in font [XITSMath-Regular.otf]/OT:script=math;language=dflt;!
Missing character: There is no 率 (U+7387) in font [XITSMath-Regular.otf]/OT:script=math;language=dflt;!
Missing character: There is no 可 (U+53EF) in font [XITSMath-Regular.otf]/OT:script=math;language=dflt;!
Missing character: There is no 表 (U+8868) in font [XITSMath-Regular.otf]/OT:script=math;language=dflt;!
Missing character: There is no 示 (U+793A) in font [XITSMath-Regular.otf]/OT:script=math;language=dflt;!
Missing character: There is no 为 (U+4E3A) in font [XITSMath-Regular.otf]/OT:script=math;language=dflt;!
Missing character: There is no ： (U+FF1A) in font [XITSMath-Regular.otf]/OT:script=math;language=dflt;!

./data/chap02.tex:166: LaTeX Error: \begin{document} ended by \end{equation*}.

See the LaTeX manual or LaTeX Companion for explanation.
Type  H <return>  for immediate help.
 ...                                              
                                                  
l.166 ...\frac{{{y_D} - {y_C}}}{{{x_D} - {x_C}}}\]
                                                  
Your command was ignored.
Type  I <command> <return>  to replace it with another command,
or  <return>  to continue without it.

./data/chap02.tex:166: Missing $ inserted.
<inserted text> 
                $
l.166 ...\frac{{{y_D} - {y_C}}}{{{x_D} - {x_C}}}\]
                                                  
I've inserted something that you may have forgotten.
(See the <inserted text> above.)
With luck, this will get me unwedged. But if you
really didn't forget anything, try typing `2' now; then
my insertion and my current dilemma will both disappear.

./data/chap02.tex:166: Extra \endgroup.
<recently read> \endgroup 
                          
l.166 ...\frac{{{y_D} - {y_C}}}{{{x_D} - {x_C}}}\]
                                                  
Things are pretty mixed up, but I think the worst is over.


Overfull \hbox (150.16583pt too wide) in paragraph at lines 164--168
\TU/FandolSong(0)/m/n/12.045 边$[][][][][][][][][][][][][][][][][][][][][][][][][][][][][][][][][][][][][][][][][][][][][][][][][][][][][][][][][][][][][][][][][][][][][][][][][][][][][][][][][] [][][][] [][][][][][] [][][][] [][][][][][] [][][][] [][][][][][] [][][][][][][][][][][][][] []
 []

./data/chap02.tex:178: Missing $ inserted.
<inserted text> 
                $
l.178 ...O。公式(15)–(16)为通用交点计算公式，在算法2第22步“对每组候选边（如_
                                                  F–_E 与 _C–_D）”中调用，用于计算所有可能...
I've inserted a begin-math/end-math symbol since I think
you left one out. Proceed, with fingers crossed.

)
c:/Users/轩哥/Desktop/latex/main.tex:139: Missing $ inserted.
<inserted text> 
                $
l.139 
      
I've inserted a begin-math/end-math symbol since I think
you left one out. Proceed, with fingers crossed.

Missing character: There is no 与 (U+4E0E) in font [XITSMath-Regular.otf]/OT:script=math;language=dflt;!
Missing character: There is no ） (U+FF09) in font [XITSMath-Regular.otf]/OT:script=math;language=dflt;!
Missing character: There is no 中 (U+4E2D) in font [XITSMath-Regular.otf]/OT:script=math;language=dflt;!
Missing character: There is no 调 (U+8C03) in font [XITSMath-Regular.otf]/OT:script=math;language=dflt;!
Missing character: There is no 用 (U+7528) in font [XITSMath-Regular.otf]/OT:script=math;language=dflt;!
Missing character: There is no ， (U+FF0C) in font [XITSMath-Regular.otf]/OT:script=math;language=dflt;!
Missing character: There is no 用 (U+7528) in font [XITSMath-Regular.otf]/OT:script=math;language=dflt;!
Missing character: There is no 于 (U+4E8E) in font [XITSMath-Regular.otf]/OT:script=math;language=dflt;!
Missing character: There is no 计 (U+8BA1) in font [XITSMath-Regular.otf]/OT:script=math;language=dflt;!
Missing character: There is no 算 (U+7B97) in font [XITSMath-Regular.otf]/OT:script=math;language=dflt;!
Missing character: There is no 所 (U+6240) in font [XITSMath-Regular.otf]/OT:script=math;language=dflt;!
Missing character: There is no 有 (U+6709) in font [XITSMath-Regular.otf]/OT:script=math;language=dflt;!
Missing character: There is no 可 (U+53EF) in font [XITSMath-Regular.otf]/OT:script=math;language=dflt;!
Missing character: There is no 能 (U+80FD) in font [XITSMath-Regular.otf]/OT:script=math;language=dflt;!
Missing character: There is no 的 (U+7684) in font [XITSMath-Regular.otf]/OT:script=math;language=dflt;!
Missing character: There is no 交 (U+4EA4) in font [XITSMath-Regular.otf]/OT:script=math;language=dflt;!
Missing character: There is no 点 (U+70B9) in font [XITSMath-Regular.otf]/OT:script=math;language=dflt;!
Missing character: There is no 集 (U+96C6) in font [XITSMath-Regular.otf]/OT:script=math;language=dflt;!
Missing character: There is no 合 (U+5408) in font [XITSMath-Regular.otf]/OT:script=math;language=dflt;!
Missing character: There is no 。 (U+3002) in font [XITSMath-Regular.otf]/OT:script=math;language=dflt;!
Missing character: There is no 之 (U+4E4B) in font [XITSMath-Regular.otf]/OT:script=math;language=dflt;!
Missing character: There is no 后 (U+540E) in font [XITSMath-Regular.otf]/OT:script=math;language=dflt;!
Missing character: There is no ， (U+FF0C) in font [XITSMath-Regular.otf]/OT:script=math;language=dflt;!
Missing character: There is no 取 (U+53D6) in font [XITSMath-Regular.otf]/OT:script=math;language=dflt;!
Missing character: There is no 所 (U+6240) in font [XITSMath-Regular.otf]/OT:script=math;language=dflt;!
Missing character: There is no 有 (U+6709) in font [XITSMath-Regular.otf]/OT:script=math;language=dflt;!
Missing character: There is no 有 (U+6709) in font [XITSMath-Regular.otf]/OT:script=math;language=dflt;!
Missing character: There is no 效 (U+6548) in font [XITSMath-Regular.otf]/OT:script=math;language=dflt;!
Missing character: There is no 交 (U+4EA4) in font [XITSMath-Regular.otf]/OT:script=math;language=dflt;!
Missing character: There is no 点 (U+70B9) in font [XITSMath-Regular.otf]/OT:script=math;language=dflt;!
Missing character: There is no 的 (U+7684) in font [XITSMath-Regular.otf]/OT:script=math;language=dflt;!
Missing character: There is no 平 (U+5E73) in font [XITSMath-Regular.otf]/OT:script=math;language=dflt;!
Missing character: There is no 均 (U+5747) in font [XITSMath-Regular.otf]/OT:script=math;language=dflt;!
Missing character: There is no 位 (U+4F4D) in font [XITSMath-Regular.otf]/OT:script=math;language=dflt;!
Missing character: There is no 置 (U+7F6E) in font [XITSMath-Regular.otf]/OT:script=math;language=dflt;!
Missing character: There is no 作 (U+4F5C) in font [XITSMath-Regular.otf]/OT:script=math;language=dflt;!
Missing character: There is no 为 (U+4E3A) in font [XITSMath-Regular.otf]/OT:script=math;language=dflt;!
Missing character: There is no 顶 (U+9876) in font [XITSMath-Regular.otf]/OT:script=math;language=dflt;!
Missing character: There is no 层 (U+5C42) in font [XITSMath-Regular.otf]/OT:script=math;language=dflt;!
Missing character: There is no 交 (U+4EA4) in font [XITSMath-Regular.otf]/OT:script=math;language=dflt;!
Missing character: There is no 点 (U+70B9) in font [XITSMath-Regular.otf]/OT:script=math;language=dflt;!
Missing character: There is no ， (U+FF0C) in font [XITSMath-Regular.otf]/OT:script=math;language=dflt;!
Missing character: There is no 并 (U+5E76) in font [XITSMath-Regular.otf]/OT:script=math;language=dflt;!
Missing character: There is no 计 (U+8BA1) in font [XITSMath-Regular.otf]/OT:script=math;language=dflt;!
Missing character: There is no 算 (U+7B97) in font [XITSMath-Regular.otf]/OT:script=math;language=dflt;!
Missing character: There is no 顶 (U+9876) in font [XITSMath-Regular.otf]/OT:script=math;language=dflt;!
Missing character: There is no 层 (U+5C42) in font [XITSMath-Regular.otf]/OT:script=math;language=dflt;!
Missing character: There is no 单 (U+5355) in font [XITSMath-Regular.otf]/OT:script=math;language=dflt;!
Missing character: There is no 箱 (U+7BB1) in font [XITSMath-Regular.otf]/OT:script=math;language=dflt;!
Missing character: There is no 体 (U+4F53) in font [XITSMath-Regular.otf]/OT:script=math;language=dflt;!
Missing character: There is no 区 (U+533A) in font [XITSMath-Regular.otf]/OT:script=math;language=dflt;!
Missing character: There is no 域 (U+57DF) in font [XITSMath-Regular.otf]/OT:script=math;language=dflt;!
Missing character: There is no 与 (U+4E0E) in font [XITSMath-Regular.otf]/OT:script=math;language=dflt;!
Missing character: There is no 次 (U+6B21) in font [XITSMath-Regular.otf]/OT:script=math;language=dflt;!
Missing character: There is no 顶 (U+9876) in font [XITSMath-Regular.otf]/OT:script=math;language=dflt;!
Missing character: There is no 层 (U+5C42) in font [XITSMath-Regular.otf]/OT:script=math;language=dflt;!
Missing character: There is no 总 (U+603B) in font [XITSMath-Regular.otf]/OT:script=math;language=dflt;!
Missing character: There is no 区 (U+533A) in font [XITSMath-Regular.otf]/OT:script=math;language=dflt;!
Missing character: There is no 域 (U+57DF) in font [XITSMath-Regular.otf]/OT:script=math;language=dflt;!
Missing character: There is no 的 (U+7684) in font [XITSMath-Regular.otf]/OT:script=math;language=dflt;!
Missing character: There is no 面 (U+9762) in font [XITSMath-Regular.otf]/OT:script=math;language=dflt;!
Missing character: There is no 积 (U+79EF) in font [XITSMath-Regular.otf]/OT:script=math;language=dflt;!
Missing character: There is no 比 (U+6BD4) in font [XITSMath-Regular.otf]/OT:script=math;language=dflt;!
Missing character: There is no ， (U+FF0C) in font [XITSMath-Regular.otf]/OT:script=math;language=dflt;!
Missing character: There is no 最 (U+6700) in font [XITSMath-Regular.otf]/OT:script=math;language=dflt;!
Missing character: There is no 终 (U+7EC8) in font [XITSMath-Regular.otf]/OT:script=math;language=dflt;!
Missing character: There is no 依 (U+4F9D) in font [XITSMath-Regular.otf]/OT:script=math;language=dflt;!
Missing character: There is no 据 (U+636E) in font [XITSMath-Regular.otf]/OT:script=math;language=dflt;!
Missing character: There is no 公 (U+516C) in font [XITSMath-Regular.otf]/OT:script=math;language=dflt;!
Missing character: There is no 式 (U+5F0F) in font [XITSMath-Regular.otf]/OT:script=math;language=dflt;!
Missing character: There is no （ (U+FF08) in font [XITSMath-Regular.otf]/OT:script=math;language=dflt;!
Missing character: There is no ） (U+FF09) in font [XITSMath-Regular.otf]/OT:script=math;language=dflt;!
Missing character: There is no 可 (U+53EF) in font [XITSMath-Regular.otf]/OT:script=math;language=dflt;!
Missing character: There is no 得 (U+5F97) in font [XITSMath-Regular.otf]/OT:script=math;language=dflt;!
Missing character: There is no 出 (U+51FA) in font [XITSMath-Regular.otf]/OT:script=math;language=dflt;!
Missing character: There is no 总 (U+603B) in font [XITSMath-Regular.otf]/OT:script=math;language=dflt;!
Missing character: There is no 体 (U+4F53) in font [XITSMath-Regular.otf]/OT:script=math;language=dflt;!
Missing character: There is no 箱 (U+7BB1) in font [XITSMath-Regular.otf]/OT:script=math;language=dflt;!
Missing character: There is no 子 (U+5B50) in font [XITSMath-Regular.otf]/OT:script=math;language=dflt;!
Missing character: There is no 数 (U+6570) in font [XITSMath-Regular.otf]/OT:script=math;language=dflt;!
Missing character: There is no 量 (U+91CF) in font [XITSMath-Regular.otf]/OT:script=math;language=dflt;!
Missing character: There is no 。 (U+3002) in font [XITSMath-Regular.otf]/OT:script=math;language=dflt;!
Missing character: There is no 算 (U+7B97) in font [XITSMath-Regular.otf]/OT:script=math;language=dflt;!
Missing character: There is no 法 (U+6CD5) in font [XITSMath-Regular.otf]/OT:script=math;language=dflt;!
Missing character: There is no 掩 (U+63A9) in font [XITSMath-Regular.otf]/OT:script=math;language=dflt;!
Missing character: There is no 膜 (U+819C) in font [XITSMath-Regular.otf]/OT:script=math;language=dflt;!
Missing character: There is no 关 (U+5173) in font [XITSMath-Regular.otf]/OT:script=math;language=dflt;!
Missing character: There is no 键 (U+952E) in font [XITSMath-Regular.otf]/OT:script=math;language=dflt;!
Missing character: There is no 点 (U+70B9) in font [XITSMath-Regular.otf]/OT:script=math;language=dflt;!
Missing character: There is no 驱 (U+9A71) in font [XITSMath-Regular.otf]/OT:script=math;language=dflt;!
Missing character: There is no 动 (U+52A8) in font [XITSMath-Regular.otf]/OT:script=math;language=dflt;!
Missing character: There is no 的 (U+7684) in font [XITSMath-Regular.otf]/OT:script=math;language=dflt;!
Missing character: There is no 层 (U+5C42) in font [XITSMath-Regular.otf]/OT:script=math;language=dflt;!
Missing character: There is no 间 (U+95F4) in font [XITSMath-Regular.otf]/OT:script=math;language=dflt;!
Missing character: There is no 面 (U+9762) in font [XITSMath-Regular.otf]/OT:script=math;language=dflt;!
Missing character: There is no 积 (U+79EF) in font [XITSMath-Regular.otf]/OT:script=math;language=dflt;!
Missing character: There is no 比 (U+6BD4) in font [XITSMath-Regular.otf]/OT:script=math;language=dflt;!
Missing character: There is no 算 (U+7B97) in font [XITSMath-Regular.otf]/OT:script=math;language=dflt;!
Missing character: There is no 法 (U+6CD5) in font [XITSMath-Regular.otf]/OT:script=math;language=dflt;!
Missing character: There is no 输 (U+8F93) in font [XITSMath-Regular.otf]/OT:script=math;language=dflt;!
Missing character: There is no 入 (U+5165) in font [XITSMath-Regular.otf]/OT:script=math;language=dflt;!
Missing character: There is no ： (U+FF1A) in font [XITSMath-Regular.otf]/OT:script=math;language=dflt;!
Missing character: There is no 上 (U+4E0A) in font [XITSMath-Regular.otf]/OT:script=math;language=dflt;!
Missing character: There is no 层 (U+5C42) in font [XITSMath-Regular.otf]/OT:script=math;language=dflt;!
Missing character: There is no 掩 (U+63A9) in font [XITSMath-Regular.otf]/OT:script=math;language=dflt;!
Missing character: There is no 膜 (U+819C) in font [XITSMath-Regular.otf]/OT:script=math;language=dflt;!
Missing character: There is no 集 (U+96C6) in font [XITSMath-Regular.otf]/OT:script=math;language=dflt;!
Missing character: There is no 合 (U+5408) in font [XITSMath-Regular.otf]/OT:script=math;language=dflt;!
Missing character: There is no ， (U+FF0C) in font [XITSMath-Regular.otf]/OT:script=math;language=dflt;!
Missing character: There is no 下 (U+4E0B) in font [XITSMath-Regular.otf]/OT:script=math;language=dflt;!
Missing character: There is no 层 (U+5C42) in font [XITSMath-Regular.otf]/OT:script=math;language=dflt;!
Missing character: There is no 掩 (U+63A9) in font [XITSMath-Regular.otf]/OT:script=math;language=dflt;!
Missing character: There is no 膜 (U+819C) in font [XITSMath-Regular.otf]/OT:script=math;language=dflt;!
Missing character: There is no 集 (U+96C6) in font [XITSMath-Regular.otf]/OT:script=math;language=dflt;!
Missing character: There is no 合 (U+5408) in font [XITSMath-Regular.otf]/OT:script=math;language=dflt;!
Missing character: There is no 输 (U+8F93) in font [XITSMath-Regular.otf]/OT:script=math;language=dflt;!
Missing character: There is no 出 (U+51FA) in font [XITSMath-Regular.otf]/OT:script=math;language=dflt;!
Missing character: There is no ： (U+FF1A) in font [XITSMath-Regular.otf]/OT:script=math;language=dflt;!
Missing character: There is no 估 (U+4F30) in font [XITSMath-Regular.otf]/OT:script=math;language=dflt;!
Missing character: There is no 算 (U+7B97) in font [XITSMath-Regular.otf]/OT:script=math;language=dflt;!
Missing character: There is no 的 (U+7684) in font [XITSMath-Regular.otf]/OT:script=math;language=dflt;!
Missing character: There is no 次 (U+6B21) in font [XITSMath-Regular.otf]/OT:script=math;language=dflt;!
Missing character: There is no 顶 (U+9876) in font [XITSMath-Regular.otf]/OT:script=math;language=dflt;!
Missing character: There is no 层 (U+5C42) in font [XITSMath-Regular.otf]/OT:script=math;language=dflt;!
Missing character: There is no 箱 (U+7BB1) in font [XITSMath-Regular.otf]/OT:script=math;language=dflt;!
Missing character: There is no 体 (U+4F53) in font [XITSMath-Regular.otf]/OT:script=math;language=dflt;!
Missing character: There is no 数 (U+6570) in font [XITSMath-Regular.otf]/OT:script=math;language=dflt;!
Missing character: There is no 量 (U+91CF) in font [XITSMath-Regular.otf]/OT:script=math;language=dflt;!
Missing character: There is no ： (U+FF1A) in font [XITSMath-Regular.otf]/OT:script=math;language=dflt;!
Missing character: There is no 提 (U+63D0) in font [XITSMath-Regular.otf]/OT:script=math;language=dflt;!
Missing character: There is no 取 (U+53D6) in font [XITSMath-Regular.otf]/OT:script=math;language=dflt;!
Missing character: There is no 次 (U+6B21) in font [XITSMath-Regular.otf]/OT:script=math;language=dflt;!
Missing character: There is no 顶 (U+9876) in font [XITSMath-Regular.otf]/OT:script=math;language=dflt;!
Missing character: There is no 层 (U+5C42) in font [XITSMath-Regular.otf]/OT:script=math;language=dflt;!
Missing character: There is no 关 (U+5173) in font [XITSMath-Regular.otf]/OT:script=math;language=dflt;!
Missing character: There is no 键 (U+952E) in font [XITSMath-Regular.otf]/OT:script=math;language=dflt;!
Missing character: There is no 点 (U+70B9) in font [XITSMath-Regular.otf]/OT:script=math;language=dflt;!
Missing character: There is no 中 (U+4E2D) in font [XITSMath-Regular.otf]/OT:script=math;language=dflt;!
Missing character: There is no 最 (U+6700) in font [XITSMath-Regular.otf]/OT:script=math;language=dflt;!
Missing character: There is no 大 (U+5927) in font [XITSMath-Regular.otf]/OT:script=math;language=dflt;!
Missing character: There is no 掩 (U+63A9) in font [XITSMath-Regular.otf]/OT:script=math;language=dflt;!
Missing character: There is no 膜 (U+819C) in font [XITSMath-Regular.otf]/OT:script=math;language=dflt;!
Missing character: There is no 凸 (U+51F8) in font [XITSMath-Regular.otf]/OT:script=math;language=dflt;!
Missing character: There is no 包 (U+5305) in font [XITSMath-Regular.otf]/OT:script=math;language=dflt;!
Missing character: There is no 最 (U+6700) in font [XITSMath-Regular.otf]/OT:script=math;language=dflt;!
Missing character: There is no 左 (U+5DE6) in font [XITSMath-Regular.otf]/OT:script=math;language=dflt;!
Missing character: There is no 角 (U+89D2) in font [XITSMath-Regular.otf]/OT:script=math;language=dflt;!
Missing character: There is no 点 (U+70B9) in font [XITSMath-Regular.otf]/OT:script=math;language=dflt;!
Missing character: There is no 中 (U+4E2D) in font [XITSMath-Regular.otf]/OT:script=math;language=dflt;!
Missing character: There is no 最 (U+6700) in font [XITSMath-Regular.otf]/OT:script=math;language=dflt;!
Missing character: There is no 靠 (U+9760) in font [XITSMath-Regular.otf]/OT:script=math;language=dflt;!
Missing character: There is no 近 (U+8FD1) in font [XITSMath-Regular.otf]/OT:script=math;language=dflt;!
Missing character: There is no 左 (U+5DE6) in font [XITSMath-Regular.otf]/OT:script=math;language=dflt;!
Missing character: There is no 下 (U+4E0B) in font [XITSMath-Regular.otf]/OT:script=math;language=dflt;!
Missing character: There is no 角 (U+89D2) in font [XITSMath-Regular.otf]/OT:script=math;language=dflt;!
Missing character: There is no 的 (U+7684) in font [XITSMath-Regular.otf]/OT:script=math;language=dflt;!
Missing character: There is no 点 (U+70B9) in font [XITSMath-Regular.otf]/OT:script=math;language=dflt;!
Missing character: There is no 中 (U+4E2D) in font [XITSMath-Regular.otf]/OT:script=math;language=dflt;!
Missing character: There is no 最 (U+6700) in font [XITSMath-Regular.otf]/OT:script=math;language=dflt;!
Missing character: There is no 大 (U+5927) in font [XITSMath-Regular.otf]/OT:script=math;language=dflt;!
Missing character: There is no 的 (U+7684) in font [XITSMath-Regular.otf]/OT:script=math;language=dflt;!
Missing character: There is no 点 (U+70B9) in font [XITSMath-Regular.otf]/OT:script=math;language=dflt;!
Missing character: There is no 中 (U+4E2D) in font [XITSMath-Regular.otf]/OT:script=math;language=dflt;!
Missing character: There is no 最 (U+6700) in font [XITSMath-Regular.otf]/OT:script=math;language=dflt;!
Missing character: There is no 小 (U+5C0F) in font [XITSMath-Regular.otf]/OT:script=math;language=dflt;!
Missing character: There is no 掩 (U+63A9) in font [XITSMath-Regular.otf]/OT:script=math;language=dflt;!
Missing character: There is no 膜 (U+819C) in font [XITSMath-Regular.otf]/OT:script=math;language=dflt;!
Missing character: There is no 中 (U+4E2D) in font [XITSMath-Regular.otf]/OT:script=math;language=dflt;!
Missing character: There is no 最 (U+6700) in font [XITSMath-Regular.otf]/OT:script=math;language=dflt;!
Missing character: There is no 大 (U+5927) in font [XITSMath-Regular.otf]/OT:script=math;language=dflt;!
Missing character: There is no 的 (U+7684) in font [XITSMath-Regular.otf]/OT:script=math;language=dflt;!
Missing character: There is no 点 (U+70B9) in font [XITSMath-Regular.otf]/OT:script=math;language=dflt;!
Missing character: There is no 周 (U+5468) in font [XITSMath-Regular.otf]/OT:script=math;language=dflt;!
Missing character: There is no 围 (U+56F4) in font [XITSMath-Regular.otf]/OT:script=math;language=dflt;!
Missing character: There is no 像 (U+50CF) in font [XITSMath-Regular.otf]/OT:script=math;language=dflt;!
Missing character: There is no 素 (U+7D20) in font [XITSMath-Regular.otf]/OT:script=math;language=dflt;!
Missing character: There is no 内 (U+5185) in font [XITSMath-Regular.otf]/OT:script=math;language=dflt;!
Missing character: There is no 最 (U+6700) in font [XITSMath-Regular.otf]/OT:script=math;language=dflt;!
Missing character: There is no 右 (U+53F3) in font [XITSMath-Regular.otf]/OT:script=math;language=dflt;!
Missing character: There is no 的 (U+7684) in font [XITSMath-Regular.otf]/OT:script=math;language=dflt;!
Missing character: There is no 点 (U+70B9) in font [XITSMath-Regular.otf]/OT:script=math;language=dflt;!
Missing character: There is no 中 (U+4E2D) in font [XITSMath-Regular.otf]/OT:script=math;language=dflt;!
Missing character: There is no 最 (U+6700) in font [XITSMath-Regular.otf]/OT:script=math;language=dflt;!
Missing character: There is no 大 (U+5927) in font [XITSMath-Regular.otf]/OT:script=math;language=dflt;!
Missing character: There is no 点 (U+70B9) in font [XITSMath-Regular.otf]/OT:script=math;language=dflt;!
Missing character: There is no ： (U+FF1A) in font [XITSMath-Regular.otf]/OT:script=math;language=dflt;!
Missing character: There is no 求 (U+6C42) in font [XITSMath-Regular.otf]/OT:script=math;language=dflt;!
Missing character: There is no 交 (U+4EA4) in font [XITSMath-Regular.otf]/OT:script=math;language=dflt;!
Missing character: There is no 点 (U+70B9) in font [XITSMath-Regular.otf]/OT:script=math;language=dflt;!
Missing character: There is no 直 (U+76F4) in font [XITSMath-Regular.otf]/OT:script=math;language=dflt;!
Missing character: There is no 线 (U+7EBF) in font [XITSMath-Regular.otf]/OT:script=math;language=dflt;!
Missing character: There is no ， (U+FF0C) in font [XITSMath-Regular.otf]/OT:script=math;language=dflt;!
Missing character: There is no 斜 (U+659C) in font [XITSMath-Regular.otf]/OT:script=math;language=dflt;!
Missing character: There is no 率 (U+7387) in font [XITSMath-Regular.otf]/OT:script=math;language=dflt;!
Missing character: There is no 为 (U+4E3A) in font [XITSMath-Regular.otf]/OT:script=math;language=dflt;!
Missing character: There is no 直 (U+76F4) in font [XITSMath-Regular.otf]/OT:script=math;language=dflt;!
Missing character: There is no 线 (U+7EBF) in font [XITSMath-Regular.otf]/OT:script=math;language=dflt;!
Missing character: There is no 若 (U+82E5) in font [XITSMath-Regular.otf]/OT:script=math;language=dflt;!
Missing character: There is no 与 (U+4E0E) in font [XITSMath-Regular.otf]/OT:script=math;language=dflt;!
Missing character: There is no 有 (U+6709) in font [XITSMath-Regular.otf]/OT:script=math;language=dflt;!
Missing character: There is no 交 (U+4EA4) in font [XITSMath-Regular.otf]/OT:script=math;language=dflt;!
Missing character: There is no 点 (U+70B9) in font [XITSMath-Regular.otf]/OT:script=math;language=dflt;!
Missing character: There is no ， (U+FF0C) in font [XITSMath-Regular.otf]/OT:script=math;language=dflt;!
Missing character: There is no 则 (U+5219) in font [XITSMath-Regular.otf]/OT:script=math;language=dflt;!
Missing character: There is no 记 (U+8BB0) in font [XITSMath-Regular.otf]/OT:script=math;language=dflt;!
Missing character: There is no 录 (U+5F55) in font [XITSMath-Regular.otf]/OT:script=math;language=dflt;!
Missing character: There is no ； (U+FF1B) in font [XITSMath-Regular.otf]/OT:script=math;language=dflt;!
Missing character: There is no 否 (U+5426) in font [XITSMath-Regular.otf]/OT:script=math;language=dflt;!
Missing character: There is no 则 (U+5219) in font [XITSMath-Regular.otf]/OT:script=math;language=dflt;!
Missing character: There is no 标 (U+6807) in font [XITSMath-Regular.otf]/OT:script=math;language=dflt;!
Missing character: There is no 记 (U+8BB0) in font [XITSMath-Regular.otf]/OT:script=math;language=dflt;!
Missing character: There is no 无 (U+65E0) in font [XITSMath-Regular.otf]/OT:script=math;language=dflt;!
Missing character: There is no 效 (U+6548) in font [XITSMath-Regular.otf]/OT:script=math;language=dflt;!
Missing character: There is no ： (U+FF1A) in font [XITSMath-Regular.otf]/OT:script=math;language=dflt;!
Missing character: There is no 提 (U+63D0) in font [XITSMath-Regular.otf]/OT:script=math;language=dflt;!
Missing character: There is no 取 (U+53D6) in font [XITSMath-Regular.otf]/OT:script=math;language=dflt;!
Missing character: There is no 顶 (U+9876) in font [XITSMath-Regular.otf]/OT:script=math;language=dflt;!
Missing character: There is no 层 (U+5C42) in font [XITSMath-Regular.otf]/OT:script=math;language=dflt;!
Missing character: There is no 关 (U+5173) in font [XITSMath-Regular.otf]/OT:script=math;language=dflt;!
Missing character: There is no 键 (U+952E) in font [XITSMath-Regular.otf]/OT:script=math;language=dflt;!
Missing character: There is no 点 (U+70B9) in font [XITSMath-Regular.otf]/OT:script=math;language=dflt;!
Missing character: There is no 中 (U+4E2D) in font [XITSMath-Regular.otf]/OT:script=math;language=dflt;!
Missing character: There is no 最 (U+6700) in font [XITSMath-Regular.otf]/OT:script=math;language=dflt;!
Missing character: There is no 小 (U+5C0F) in font [XITSMath-Regular.otf]/OT:script=math;language=dflt;!
Missing character: There is no 掩 (U+63A9) in font [XITSMath-Regular.otf]/OT:script=math;language=dflt;!
Missing character: There is no 膜 (U+819C) in font [XITSMath-Regular.otf]/OT:script=math;language=dflt;!
Missing character: There is no 凸 (U+51F8) in font [XITSMath-Regular.otf]/OT:script=math;language=dflt;!
Missing character: There is no 包 (U+5305) in font [XITSMath-Regular.otf]/OT:script=math;language=dflt;!
Missing character: There is no 中 (U+4E2D) in font [XITSMath-Regular.otf]/OT:script=math;language=dflt;!
Missing character: There is no 最 (U+6700) in font [XITSMath-Regular.otf]/OT:script=math;language=dflt;!
Missing character: There is no 左 (U+5DE6) in font [XITSMath-Regular.otf]/OT:script=math;language=dflt;!
Missing character: There is no 下 (U+4E0B) in font [XITSMath-Regular.otf]/OT:script=math;language=dflt;!
Missing character: There is no 角 (U+89D2) in font [XITSMath-Regular.otf]/OT:script=math;language=dflt;!
Missing character: There is no 点 (U+70B9) in font [XITSMath-Regular.otf]/OT:script=math;language=dflt;!
Missing character: There is no 凸 (U+51F8) in font [XITSMath-Regular.otf]/OT:script=math;language=dflt;!
Missing character: There is no 包 (U+5305) in font [XITSMath-Regular.otf]/OT:script=math;language=dflt;!
Missing character: There is no 中 (U+4E2D) in font [XITSMath-Regular.otf]/OT:script=math;language=dflt;!
Missing character: There is no 最 (U+6700) in font [XITSMath-Regular.otf]/OT:script=math;language=dflt;!
Missing character: There is no 靠 (U+9760) in font [XITSMath-Regular.otf]/OT:script=math;language=dflt;!
Missing character: There is no 近 (U+8FD1) in font [XITSMath-Regular.otf]/OT:script=math;language=dflt;!
Missing character: There is no 左 (U+5DE6) in font [XITSMath-Regular.otf]/OT:script=math;language=dflt;!
Missing character: There is no 下 (U+4E0B) in font [XITSMath-Regular.otf]/OT:script=math;language=dflt;!
Missing character: There is no 角 (U+89D2) in font [XITSMath-Regular.otf]/OT:script=math;language=dflt;!
Missing character: There is no 点 (U+70B9) in font [XITSMath-Regular.otf]/OT:script=math;language=dflt;!
Missing character: There is no 凸 (U+51F8) in font [XITSMath-Regular.otf]/OT:script=math;language=dflt;!
Missing character: There is no 包 (U+5305) in font [XITSMath-Regular.otf]/OT:script=math;language=dflt;!
Missing character: There is no 中 (U+4E2D) in font [XITSMath-Regular.otf]/OT:script=math;language=dflt;!
Missing character: There is no 最 (U+6700) in font [XITSMath-Regular.otf]/OT:script=math;language=dflt;!
Missing character: There is no 靠 (U+9760) in font [XITSMath-Regular.otf]/OT:script=math;language=dflt;!
Missing character: There is no 近 (U+8FD1) in font [XITSMath-Regular.otf]/OT:script=math;language=dflt;!
Missing character: There is no 右 (U+53F3) in font [XITSMath-Regular.otf]/OT:script=math;language=dflt;!
Missing character: There is no 下 (U+4E0B) in font [XITSMath-Regular.otf]/OT:script=math;language=dflt;!
Missing character: There is no 角 (U+89D2) in font [XITSMath-Regular.otf]/OT:script=math;language=dflt;!
Missing character: There is no 点 (U+70B9) in font [XITSMath-Regular.otf]/OT:script=math;language=dflt;!
Missing character: There is no 凸 (U+51F8) in font [XITSMath-Regular.otf]/OT:script=math;language=dflt;!
Missing character: There is no 包 (U+5305) in font [XITSMath-Regular.otf]/OT:script=math;language=dflt;!
Missing character: There is no 中 (U+4E2D) in font [XITSMath-Regular.otf]/OT:script=math;language=dflt;!
Missing character: There is no 最 (U+6700) in font [XITSMath-Regular.otf]/OT:script=math;language=dflt;!
Missing character: There is no 小 (U+5C0F) in font [XITSMath-Regular.otf]/OT:script=math;language=dflt;!
Missing character: There is no 点 (U+70B9) in font [XITSMath-Regular.otf]/OT:script=math;language=dflt;!
Missing character: There is no 凸 (U+51F8) in font [XITSMath-Regular.otf]/OT:script=math;language=dflt;!
Missing character: There is no 包 (U+5305) in font [XITSMath-Regular.otf]/OT:script=math;language=dflt;!
Missing character: There is no 中 (U+4E2D) in font [XITSMath-Regular.otf]/OT:script=math;language=dflt;!
Missing character: There is no 最 (U+6700) in font [XITSMath-Regular.otf]/OT:script=math;language=dflt;!
Missing character: There is no 靠 (U+9760) in font [XITSMath-Regular.otf]/OT:script=math;language=dflt;!
Missing character: There is no 近 (U+8FD1) in font [XITSMath-Regular.otf]/OT:script=math;language=dflt;!
Missing character: There is no 右 (U+53F3) in font [XITSMath-Regular.otf]/OT:script=math;language=dflt;!
Missing character: There is no 上 (U+4E0A) in font [XITSMath-Regular.otf]/OT:script=math;language=dflt;!
Missing character: There is no 角 (U+89D2) in font [XITSMath-Regular.otf]/OT:script=math;language=dflt;!
Missing character: There is no 点 (U+70B9) in font [XITSMath-Regular.otf]/OT:script=math;language=dflt;!
Missing character: There is no 所 (U+6240) in font [XITSMath-Regular.otf]/OT:script=math;language=dflt;!
Missing character: There is no 有 (U+6709) in font [XITSMath-Regular.otf]/OT:script=math;language=dflt;!
Missing character: There is no 角 (U+89D2) in font [XITSMath-Regular.otf]/OT:script=math;language=dflt;!
Missing character: There is no 点 (U+70B9) in font [XITSMath-Regular.otf]/OT:script=math;language=dflt;!
Missing character: There is no 的 (U+7684) in font [XITSMath-Regular.otf]/OT:script=math;language=dflt;!
Missing character: There is no 中 (U+4E2D) in font [XITSMath-Regular.otf]/OT:script=math;language=dflt;!
Missing character: There is no 心 (U+5FC3) in font [XITSMath-Regular.otf]/OT:script=math;language=dflt;!
Missing character: There is no 点 (U+70B9) in font [XITSMath-Regular.otf]/OT:script=math;language=dflt;!
Missing character: There is no 高 (U+9AD8) in font [XITSMath-Regular.otf]/OT:script=math;language=dflt;!
Missing character: There is no 于 (U+4E8E) in font [XITSMath-Regular.otf]/OT:script=math;language=dflt;!
Missing character: There is no 的 (U+7684) in font [XITSMath-Regular.otf]/OT:script=math;language=dflt;!
Missing character: There is no 点 (U+70B9) in font [XITSMath-Regular.otf]/OT:script=math;language=dflt;!
Missing character: There is no 中 (U+4E2D) in font [XITSMath-Regular.otf]/OT:script=math;language=dflt;!
Missing character: There is no 最 (U+6700) in font [XITSMath-Regular.otf]/OT:script=math;language=dflt;!
Missing character: There is no 右 (U+53F3) in font [XITSMath-Regular.otf]/OT:script=math;language=dflt;!
Missing character: There is no 上 (U+4E0A) in font [XITSMath-Regular.otf]/OT:script=math;language=dflt;!
Missing character: There is no 角 (U+89D2) in font [XITSMath-Regular.otf]/OT:script=math;language=dflt;!
Missing character: There is no 者 (U+8005) in font [XITSMath-Regular.otf]/OT:script=math;language=dflt;!
Missing character: There is no ： (U+FF1A) in font [XITSMath-Regular.otf]/OT:script=math;language=dflt;!
Missing character: There is no 求 (U+6C42) in font [XITSMath-Regular.otf]/OT:script=math;language=dflt;!
Missing character: There is no 交 (U+4EA4) in font [XITSMath-Regular.otf]/OT:script=math;language=dflt;!
Missing character: There is no 点 (U+70B9) in font [XITSMath-Regular.otf]/OT:script=math;language=dflt;!
Missing character: There is no ， (U+FF0C) in font [XITSMath-Regular.otf]/OT:script=math;language=dflt;!
Missing character: There is no 对 (U+5BF9) in font [XITSMath-Regular.otf]/OT:script=math;language=dflt;!
Missing character: There is no 每 (U+6BCF) in font [XITSMath-Regular.otf]/OT:script=math;language=dflt;!
Missing character: There is no 组 (U+7EC4) in font [XITSMath-Regular.otf]/OT:script=math;language=dflt;!
Missing character: There is no 候 (U+5019) in font [XITSMath-Regular.otf]/OT:script=math;language=dflt;!
Missing character: There is no 选 (U+9009) in font [XITSMath-Regular.otf]/OT:script=math;language=dflt;!
Missing character: There is no 边 (U+8FB9) in font [XITSMath-Regular.otf]/OT:script=math;language=dflt;!
Missing character: There is no （ (U+FF08) in font [XITSMath-Regular.otf]/OT:script=math;language=dflt;!
Missing character: There is no 如 (U+5982) in font [XITSMath-Regular.otf]/OT:script=math;language=dflt;!
Missing character: There is no 与 (U+4E0E) in font [XITSMath-Regular.otf]/OT:script=math;language=dflt;!
Missing character: There is no ） (U+FF09) in font [XITSMath-Regular.otf]/OT:script=math;language=dflt;!
Missing character: There is no ： (U+FF1A) in font [XITSMath-Regular.otf]/OT:script=math;language=dflt;!
Missing character: There is no 若 (U+82E5) in font [XITSMath-Regular.otf]/OT:script=math;language=dflt;!
Missing character: There is no 有 (U+6709) in font [XITSMath-Regular.otf]/OT:script=math;language=dflt;!
Missing character: There is no 交 (U+4EA4) in font [XITSMath-Regular.otf]/OT:script=math;language=dflt;!
Missing character: There is no 点 (U+70B9) in font [XITSMath-Regular.otf]/OT:script=math;language=dflt;!
Missing character: There is no ， (U+FF0C) in font [XITSMath-Regular.otf]/OT:script=math;language=dflt;!
Missing character: There is no 则 (U+5219) in font [XITSMath-Regular.otf]/OT:script=math;language=dflt;!
Missing character: There is no 否 (U+5426) in font [XITSMath-Regular.otf]/OT:script=math;language=dflt;!
Missing character: There is no 则 (U+5219) in font [XITSMath-Regular.otf]/OT:script=math;language=dflt;!
Missing character: There is no 跳 (U+8DF3) in font [XITSMath-Regular.otf]/OT:script=math;language=dflt;!
Missing character: There is no 过 (U+8FC7) in font [XITSMath-Regular.otf]/OT:script=math;language=dflt;!
Missing character: There is no 若 (U+82E5) in font [XITSMath-Regular.otf]/OT:script=math;language=dflt;!
Missing character: There is no 非 (U+975E) in font [XITSMath-Regular.otf]/OT:script=math;language=dflt;!
Missing character: There is no 空 (U+7A7A) in font [XITSMath-Regular.otf]/OT:script=math;language=dflt;!
Missing character: There is no ， (U+FF0C) in font [XITSMath-Regular.otf]/OT:script=math;language=dflt;!
Missing character: There is no 则 (U+5219) in font [XITSMath-Regular.otf]/OT:script=math;language=dflt;!
Missing character: There is no ： (U+FF1A) in font [XITSMath-Regular.otf]/OT:script=math;language=dflt;!
Missing character: There is no ： (U+FF1A) in font [XITSMath-Regular.otf]/OT:script=math;language=dflt;!
Missing character: There is no 面 (U+9762) in font [XITSMath-Regular.otf]/OT:script=math;language=dflt;!
Missing character: There is no 积 (U+79EF) in font [XITSMath-Regular.otf]/OT:script=math;language=dflt;!
Missing character: There is no 比 (U+6BD4) in font [XITSMath-Regular.otf]/OT:script=math;language=dflt;!
Missing character: There is no 估 (U+4F30) in font [XITSMath-Regular.otf]/OT:script=math;language=dflt;!
Missing character: There is no 算 (U+7B97) in font [XITSMath-Regular.otf]/OT:script=math;language=dflt;!
Missing character: There is no 三 (U+4E09) in font [XITSMath-Regular.otf]/OT:script=math;language=dflt;!
Missing character: There is no 角 (U+89D2) in font [XITSMath-Regular.otf]/OT:script=math;language=dflt;!
Missing character: There is no 形 (U+5F62) in font [XITSMath-Regular.otf]/OT:script=math;language=dflt;!
Missing character: There is no 的 (U+7684) in font [XITSMath-Regular.otf]/OT:script=math;language=dflt;!
Missing character: There is no 面 (U+9762) in font [XITSMath-Regular.otf]/OT:script=math;language=dflt;!
Missing character: There is no 积 (U+79EF) in font [XITSMath-Regular.otf]/OT:script=math;language=dflt;!
Missing character: There is no （ (U+FF08) in font [XITSMath-Regular.otf]/OT:script=math;language=dflt;!
Missing character: There is no 顶 (U+9876) in font [XITSMath-Regular.otf]/OT:script=math;language=dflt;!
Missing character: There is no 层 (U+5C42) in font [XITSMath-Regular.otf]/OT:script=math;language=dflt;!
Missing character: There is no 一 (U+4E00) in font [XITSMath-Regular.otf]/OT:script=math;language=dflt;!
Missing character: There is no 个 (U+4E2A) in font [XITSMath-Regular.otf]/OT:script=math;language=dflt;!
Missing character: There is no 箱 (U+7BB1) in font [XITSMath-Regular.otf]/OT:script=math;language=dflt;!
Missing character: There is no 体 (U+4F53) in font [XITSMath-Regular.otf]/OT:script=math;language=dflt;!
Missing character: There is no ） (U+FF09) in font [XITSMath-Regular.otf]/OT:script=math;language=dflt;!
Missing character: There is no 区 (U+533A) in font [XITSMath-Regular.otf]/OT:script=math;language=dflt;!
Missing character: There is no 域 (U+57DF) in font [XITSMath-Regular.otf]/OT:script=math;language=dflt;!
Missing character: There is no 的 (U+7684) in font [XITSMath-Regular.otf]/OT:script=math;language=dflt;!
Missing character: There is no 面 (U+9762) in font [XITSMath-Regular.otf]/OT:script=math;language=dflt;!
Missing character: There is no 积 (U+79EF) in font [XITSMath-Regular.otf]/OT:script=math;language=dflt;!
Missing character: There is no （ (U+FF08) in font [XITSMath-Regular.otf]/OT:script=math;language=dflt;!
Missing character: There is no 次 (U+6B21) in font [XITSMath-Regular.otf]/OT:script=math;language=dflt;!
Missing character: There is no 顶 (U+9876) in font [XITSMath-Regular.otf]/OT:script=math;language=dflt;!
Missing character: There is no 层 (U+5C42) in font [XITSMath-Regular.otf]/OT:script=math;language=dflt;!
Missing character: There is no 所 (U+6240) in font [XITSMath-Regular.otf]/OT:script=math;language=dflt;!
Missing character: There is no 有 (U+6709) in font [XITSMath-Regular.otf]/OT:script=math;language=dflt;!
Missing character: There is no 箱 (U+7BB1) in font [XITSMath-Regular.otf]/OT:script=math;language=dflt;!
Missing character: There is no 体 (U+4F53) in font [XITSMath-Regular.otf]/OT:script=math;language=dflt;!
Missing character: There is no ） (U+FF09) in font [XITSMath-Regular.otf]/OT:script=math;language=dflt;!
Missing character: There is no 返 (U+8FD4) in font [XITSMath-Regular.otf]/OT:script=math;language=dflt;!
Missing character: There is no 回 (U+56DE) in font [XITSMath-Regular.otf]/OT:script=math;language=dflt;!
(./data/conclusion.tex

[18]
第三章
) (./main.bbl

[19

]
Underfull \hbox (badness 1210) in paragraph at lines 69--74
[]\TU/FandolSong(0)/m/n/12.045 杨 保 军\TU/XITS(0)/m/n/12.045 .  \TU/FandolSong(0)/m/n/12.045 新 闻 道 德 论\TU/XITS(0)/m/n/12.045 [D/OL].  \TU/FandolSong(0)/m/n/12.045 北 京\TU/XITS(0)/m/n/12.045 : \TU/FandolSong(0)/m/n/12.045 中 国 人 民 大 学 出 版 社\TU/XITS(0)/m/n/12.045 , 2012[2012-11-
 []



[20

]

[21]

[22]
Underfull \hbox (badness 10000) in paragraph at lines 320--327
[] [] [] [] [] [] [] [] [] [] [] [] [] [] [] [] [] [] [] [] [] [] [] [] [] [] [] [] [] [] [] [] [] [] [] [] [] [] [] [] [] [] [] [] [] [] [] [] [] [] [] [] [] [] [] [] [] [] [] [] [] [] [] []
 []



[23]

[24]

[25]

[26]
Underfull \hbox (badness 10000) in paragraph at lines 612--618
[] [] [] [] [] [] [] [] [] [] [][] [] [] [] [] [] [] [] [] [] [] [] [] [] [] [] [] [] [] [] [] [] [] [] [] [] [] [] [] [] [] [] [] [] [] [] [] [] [] [] [] [] [] [] [] [] [] [] [] [] [] []
 []


Underfull \hbox (badness 10000) in paragraph at lines 612--618
[][] [] [] [] [] [] [] [] [] [] [] [] [] [] [] [] [] [] [] [] [] [] [] [] [] [] [] [] [] [] [] [] [] [] [] [] [] [] [] [] [] [] [] [] [] [] [] [] [] [] [] [] [] [] [] [] [] []
 []



[27]

[28]

[29]) (./data/result.tex

[30]) (./data/acknowledgement.tex

[31

]) (./data/appendix.tex

[32

]
附录 A
)

[33

]

Package natbib Warning: There were undefined citations.

(./main.aux
\g__glossaries_gls_ref_main_int=\count474


Package natbib Warning: Citation(s) may have changed.
(natbib)                Rerun to get citations correct.

)
 ***********
LaTeX2e <2024-11-01> patch level 2
L3 programming layer <2020/04/10>
 ***********


LaTeX Warning: There were undefined references.


LaTeX Warning: Label(s) may have changed. Rerun to get cross-references right.


Package rerunfilecheck Warning: File `main.out' has changed.
(rerunfilecheck)                Rerun to get outlines right
(rerunfilecheck)                or use package `bookmark'.

Package rerunfilecheck Info: Checksums for `main.out':
(rerunfilecheck)             Before: <no file>
(rerunfilecheck)             After:  4805CAA2C6F9B395A5F588ED2D0B6E25;3605.
 ) 
Here is how much of TeX's memory you used:
 53599 strings out of 473832
 1134705 string characters out of 5733158
 1871717 words of memory out of 5000000
 75806 multiletter control sequences out of 15000+600000
 566164 words of font info for 173 fonts, out of 8000000 for 9000
 1348 hyphenation exceptions out of 8191
 118i,15n,131p,2789b,2772s stack positions out of 10000i,1000n,20000p,200000b,200000s

Output written on main.xdv (43 pages, 704960 bytes).
